date_time,hour,day_of_week,month,weather_main,temperature_c,rain_1h,clouds_all,traffic_volume
2012-10-02 10:00:00,10,Tuesday,October,Clouds,16.210000000000036,0.0,75,4516
2012-10-02 13:00:00,13,Tuesday,October,Clouds,17.99000000000001,0.0,75,4918
2012-10-02 15:00:00,15,Tuesday,October,Clear,20.02000000000004,0.0,1,5584
2012-10-02 16:00:00,16,Tuesday,October,Clear,20.710000000000036,0.0,1,6015
2012-10-02 22:00:00,22,Tuesday,October,Clear,14.010000000000048,0.0,1,1529
2012-10-03 09:00:00,9,Wednesday,October,Clear,9.330000000000041,0.0,1,5471
2012-10-03 23:00:00,23,Wednesday,October,Clear,12.110000000000014,0.0,1,1015
2012-10-04 05:00:00,5,Thursday,October,Clear,8.170000000000016,0.0,1,2726
2012-10-04 11:00:00,11,Thursday,October,Clear,18.400000000000034,0.0,1,4884
2012-10-04 17:00:00,17,Thursday,October,Clouds,24.52000000000004,0.0,20,6057
2012-10-04 18:00:00,18,Thursday,October,Clouds,23.210000000000036,0.0,40,4907
2012-10-05 03:00:00,3,Friday,October,Clear,16.110000000000014,0.0,0,368
2012-10-05 12:00:00,12,Friday,October,Clouds,7.3799999999999955,0.0,90,5870
2012-10-05 13:00:00,13,Friday,October,Clouds,8.28000000000003,0.0,75,5967
2012-10-05 18:00:00,18,Friday,October,Clouds,7.720000000000027,0.0,90,5384
2012-10-06 02:00:00,2,Saturday,October,Clouds,5.439999999999998,0.0,90,545
2012-10-06 05:00:00,5,Saturday,October,Clouds,3.2000000000000455,0.0,20,688
2012-10-06 06:00:00,6,Saturday,October,Clear,2.25,0.0,1,1352
2012-10-06 08:00:00,8,Saturday,October,Clear,1.8400000000000318,0.0,1,3342
2012-10-06 09:00:00,9,Saturday,October,Clouds,1.9399999999999977,0.0,40,4258
2012-10-06 10:00:00,10,Saturday,October,Clouds,3.730000000000018,0.0,20,4861
2012-10-06 12:00:00,12,Saturday,October,Clouds,5.930000000000007,0.0,40,5669
2012-10-06 16:00:00,16,Saturday,October,Clouds,5.910000000000025,0.0,90,5024
2012-10-06 18:00:00,18,Saturday,October,Clouds,5.240000000000009,0.0,90,4362
2012-10-07 07:00:00,7,Sunday,October,Clouds,1.6200000000000045,0.0,90,1539
2012-10-07 14:00:00,14,Sunday,October,Clouds,6.1200000000000045,0.0,90,6589
2012-10-07 17:00:00,17,Sunday,October,Clouds,6.170000000000016,0.0,90,3833
2012-10-07 18:00:00,18,Sunday,October,Clouds,6.1200000000000045,0.0,90,4015
2012-10-07 20:00:00,20,Sunday,October,Clouds,3.640000000000043,0.0,75,2815
2012-10-08 01:00:00,1,Monday,October,Clouds,-0.5299999999999727,0.0,20,336
2012-10-08 02:00:00,2,Monday,October,Clear,-1.3700000000000045,0.0,1,265
2012-10-08 04:00:00,4,Monday,October,Clear,-2.519999999999982,0.0,1,779
2012-10-08 07:00:00,7,Monday,October,Clouds,-3.1399999999999864,0.0,20,6676
2012-10-08 08:00:00,8,Monday,October,Clouds,-1.919999999999959,0.0,20,5966
2012-10-08 11:00:00,11,Monday,October,Clouds,6.32000000000005,0.0,20,4411
2012-10-08 13:00:00,13,Monday,October,Clouds,9.189999999999998,0.0,40,4602
2012-10-08 18:00:00,18,Monday,October,Clouds,11.080000000000041,0.0,40,4259
2012-10-09 16:00:00,16,Tuesday,October,Clouds,15.379999999999995,0.0,90,6349
2012-10-09 23:00:00,23,Tuesday,October,Clouds,9.300000000000011,0.0,90,947
2012-10-10 09:00:00,9,Wednesday,October,Rain,6.460000000000036,0.0,99,5680
2012-10-10 10:00:00,10,Wednesday,October,Clear,6.520000000000039,0.0,99,4632
2012-10-10 15:00:00,15,Wednesday,October,Clouds,8.439999999999998,0.0,90,5610
2012-10-10 16:00:00,16,Wednesday,October,Clear,8.080000000000041,0.0,81,6286
2012-10-11 01:00:00,1,Thursday,October,Clear,0.75,0.0,1,347
2012-10-11 04:00:00,4,Thursday,October,Clouds,0.9000000000000341,0.0,75,850
2012-10-11 06:00:00,6,Thursday,October,Clear,-0.48999999999995225,0.0,1,5809
2012-10-11 08:00:00,8,Thursday,October,Clear,-0.6299999999999955,0.0,1,6304
2012-10-11 21:00:00,21,Thursday,October,Clouds,8.660000000000025,0.0,90,2679
2012-10-11 23:00:00,23,Thursday,October,Clouds,9.379999999999995,0.0,90,1284
2012-10-12 03:00:00,3,Friday,October,Drizzle,10.03000000000003,0.0,72,372
2012-10-12 04:00:00,4,Friday,October,Rain,9.110000000000014,0.0,72,739
2012-10-12 09:00:00,9,Friday,October,Clouds,5.03000000000003,0.0,90,5230
2012-10-13 06:00:00,6,Saturday,October,Clear,-4.239999999999952,0.0,1,1420
2012-10-13 08:00:00,8,Saturday,October,Clouds,-3.919999999999959,0.0,40,3479
2012-10-13 09:00:00,9,Saturday,October,Clouds,-0.5399999999999636,0.0,40,4546
2012-10-13 15:00:00,15,Saturday,October,Clear,10.810000000000002,0.0,1,4483
2012-10-13 18:00:00,18,Saturday,October,Clear,10.490000000000009,0.0,1,4221
2012-10-13 19:00:00,19,Saturday,October,Clouds,8.700000000000045,0.0,20,3672
2012-10-14 04:00:00,4,Sunday,October,Clouds,8.930000000000007,0.0,90,262
2012-10-14 05:00:00,5,Sunday,October,Clouds,9.080000000000041,0.0,90,505
2012-10-14 06:00:00,6,Sunday,October,Clouds,9.090000000000032,0.0,90,861
2012-10-14 07:00:00,7,Sunday,October,Clouds,9.090000000000032,0.0,90,1132
2012-10-14 09:00:00,9,Sunday,October,Drizzle,9.28000000000003,0.0,57,2685
2012-10-14 10:00:00,10,Sunday,October,Drizzle,9.180000000000007,0.0,57,3370
2012-10-14 11:00:00,11,Sunday,October,Drizzle,9.670000000000016,0.0,57,3662
2012-10-14 16:00:00,16,Sunday,October,Mist,11.53000000000003,0.0,93,4234
2012-10-14 17:00:00,17,Sunday,October,Rain,11.490000000000009,0.0,93,4271
2012-10-14 20:00:00,20,Sunday,October,Mist,10.879999999999995,0.0,93,2718
2012-10-14 21:00:00,21,Sunday,October,Mist,10.430000000000007,0.0,93,2439
2012-10-14 22:00:00,22,Sunday,October,Mist,9.890000000000043,0.0,93,1819
2012-10-15 17:00:00,17,Monday,October,Clouds,14.120000000000005,0.0,20,5957
2012-10-15 23:00:00,23,Monday,October,Clouds,9.180000000000007,0.0,75,927
2012-10-16 03:00:00,3,Tuesday,October,Clear,4.760000000000048,0.0,1,354
2012-10-16 05:00:00,5,Tuesday,October,Clear,3.4600000000000364,0.0,1,2769
2012-10-16 06:00:00,6,Tuesday,October,Clear,2.9600000000000364,0.0,1,5789
2012-10-16 07:00:00,7,Tuesday,October,Clouds,1.660000000000025,0.0,20,7055
2012-10-16 08:00:00,8,Tuesday,October,Clouds,1.8400000000000318,0.0,20,6408
2012-10-16 09:00:00,9,Tuesday,October,Clouds,4.760000000000048,0.0,20,5254
2012-10-16 11:00:00,11,Tuesday,October,Clouds,10.700000000000045,0.0,20,4784
2012-10-16 12:00:00,12,Tuesday,October,Clouds,12.860000000000014,0.0,40,5015
2012-10-16 16:00:00,16,Tuesday,October,Clouds,15.840000000000032,0.0,75,6496
2012-10-16 17:00:00,17,Tuesday,October,Clouds,15.710000000000036,0.0,75,6429
2012-10-16 18:00:00,18,Tuesday,October,Clouds,15.010000000000048,0.0,90,5142
2012-10-16 21:00:00,21,Tuesday,October,Clouds,13.75,0.0,90,2331
2012-10-17 01:00:00,1,Wednesday,October,Clouds,13.78000000000003,0.0,75,333
2012-10-17 05:00:00,5,Wednesday,October,Clouds,12.760000000000048,0.0,90,2732
2012-10-17 12:00:00,12,Wednesday,October,Clear,15.460000000000036,0.0,1,4979
2012-10-17 13:00:00,13,Wednesday,October,Clear,17.170000000000016,0.0,1,4851
2012-10-17 14:00:00,14,Wednesday,October,Clear,18.210000000000036,0.0,1,4291
2012-10-17 15:00:00,15,Wednesday,October,Clear,18.860000000000014,0.0,1,4714
2012-10-17 16:00:00,16,Wednesday,October,Clear,19.460000000000036,0.0,1,6723
2012-10-17 17:00:00,17,Wednesday,October,Clear,19.5,0.0,1,6180
2012-10-18 00:00:00,0,Thursday,October,Clouds,10.57000000000005,0.0,20,654
2012-10-18 01:00:00,1,Thursday,October,Clouds,9.650000000000034,0.0,40,374
2012-10-18 08:00:00,8,Thursday,October,Clouds,11.850000000000023,0.0,90,5536
2012-10-18 16:00:00,16,Thursday,October,Clouds,14.03000000000003,0.0,90,6307
2012-10-18 20:00:00,20,Thursday,October,Rain,10.29000000000002,0.0,100,2921
2012-10-18 21:00:00,21,Thursday,October,Drizzle,9.360000000000014,0.0,100,2649
2012-10-18 23:00:00,23,Thursday,October,Clouds,8.700000000000045,0.0,90,1177
2012-10-19 00:00:00,0,Friday,October,Clouds,8.129999999999995,0.0,90,699
2012-10-19 01:00:00,1,Friday,October,Mist,7.82000000000005,0.0,87,436
2012-10-19 03:00:00,3,Friday,October,Mist,6.8700000000000045,0.0,87,399
2012-10-19 06:00:00,6,Friday,October,Drizzle,6.5,0.0,87,5162
2012-10-19 08:00:00,8,Friday,October,Drizzle,6.07000000000005,0.0,91,5235
2012-10-19 10:00:00,10,Friday,October,Mist,6.770000000000039,0.0,91,4328
2012-10-19 11:00:00,11,Friday,October,Clouds,7.2900000000000205,0.0,90,4282
2012-10-19 19:00:00,19,Friday,October,Clouds,8.54000000000002,0.0,75,3804
2012-10-19 20:00:00,20,Friday,October,Clouds,8.110000000000014,0.0,90,2908
2012-10-19 22:00:00,22,Friday,October,Drizzle,7.28000000000003,0.0,92,3077
2012-10-20 07:00:00,7,Saturday,October,Rain,8.129999999999995,0.0,100,1824
2012-10-20 08:00:00,8,Saturday,October,Rain,8.04000000000002,0.0,100,2787
2012-10-20 15:00:00,15,Saturday,October,Clouds,11.050000000000011,0.0,75,4636
2012-10-20 17:00:00,17,Saturday,October,Clouds,10.980000000000018,0.0,75,5125
2012-10-21 18:00:00,18,Sunday,October,Clouds,9.450000000000045,0.0,75,4335
2012-10-21 22:00:00,22,Sunday,October,Clouds,8.57000000000005,0.0,90,1583
2012-10-21 23:00:00,23,Sunday,October,Clouds,8.110000000000014,0.0,90,959
2012-10-22 05:00:00,5,Monday,October,Mist,6.03000000000003,0.0,8,2622
2012-10-22 10:00:00,10,Monday,October,Clear,9.550000000000011,0.0,38,4324
2012-10-22 13:00:00,13,Monday,October,Clouds,17.439999999999998,0.0,20,4546
2012-10-22 19:00:00,19,Monday,October,Clouds,16.02000000000004,0.0,20,3091
2012-10-23 05:00:00,5,Tuesday,October,Clouds,9.270000000000039,0.0,20,2669
2012-10-23 07:00:00,7,Tuesday,October,Clouds,8.700000000000045,0.0,40,6083
2012-10-23 08:00:00,8,Tuesday,October,Clouds,8.700000000000045,0.0,20,5790
2012-10-23 10:00:00,10,Tuesday,October,Clouds,11.379999999999995,0.0,90,4407
2012-10-23 12:00:00,12,Tuesday,October,Clouds,13.480000000000018,0.0,90,4826
2012-10-23 13:00:00,13,Tuesday,October,Rain,13.600000000000023,0.0,99,4945
2012-10-23 17:00:00,17,Tuesday,October,Clouds,15.379999999999995,0.0,90,5844
2012-10-23 18:00:00,18,Tuesday,October,Clouds,15.010000000000048,0.0,90,4649
2012-10-23 19:00:00,19,Tuesday,October,Clouds,14.439999999999998,0.0,90,3180
2012-10-23 23:00:00,23,Tuesday,October,Clouds,12.460000000000036,0.0,90,1021
2012-10-24 03:00:00,3,Wednesday,October,Mist,12.840000000000032,0.0,100,408
2012-10-24 04:00:00,4,Wednesday,October,Mist,12.79000000000002,0.0,100,793
2012-10-24 06:00:00,6,Wednesday,October,Mist,12.580000000000041,0.0,90,5593
2012-10-24 08:00:00,8,Wednesday,October,Drizzle,12.400000000000034,0.0,90,5607
2012-10-24 15:00:00,15,Wednesday,October,Mist,17.090000000000032,0.0,90,5661
2012-10-24 22:00:00,22,Wednesday,October,Mist,14.260000000000048,0.0,75,1701
2012-10-24 23:00:00,23,Wednesday,October,Mist,14.370000000000005,0.0,90,1028
2012-10-25 01:00:00,1,Thursday,October,Mist,14.140000000000043,0.0,75,354
2012-10-25 05:00:00,5,Thursday,October,Mist,12.28000000000003,0.0,90,2641
2012-10-25 10:00:00,10,Thursday,October,Mist,13.28000000000003,0.0,90,4438
2012-10-25 13:00:00,13,Thursday,October,Clouds,14.140000000000043,0.0,90,5062
2012-10-25 17:00:00,17,Thursday,October,Rain,11.620000000000005,0.0,90,6488
2012-10-25 18:00:00,18,Thursday,October,Drizzle,11.140000000000043,0.0,90,5351
2012-10-26 00:00:00,0,Friday,October,Rain,7.900000000000034,0.0,90,665
2012-10-26 09:00:00,9,Friday,October,Rain,2.5100000000000477,0.0,90,5234
2012-10-26 15:00:00,15,Friday,October,Snow,2.7000000000000455,0.0,90,6060
2012-10-27 02:00:00,2,Saturday,October,Clouds,1.7800000000000296,0.0,20,641
2012-10-27 03:00:00,3,Saturday,October,Clouds,1.1299999999999955,0.0,20,411
2012-10-27 17:00:00,17,Saturday,October,Clouds,3.4600000000000364,0.0,90,4311
2012-10-27 19:00:00,19,Saturday,October,Clouds,2.8100000000000023,0.0,90,3475
2012-10-28 02:00:00,2,Sunday,October,Clouds,0.4800000000000182,0.0,90,447
2012-10-28 07:00:00,7,Sunday,October,Clouds,-2.089999999999975,0.0,20,953
2012-10-28 08:00:00,8,Sunday,October,Clear,-2.4699999999999704,0.0,1,1650
2012-10-28 13:00:00,13,Sunday,October,Clouds,5.390000000000043,0.0,40,3892
2012-10-28 14:00:00,14,Sunday,October,Clouds,5.82000000000005,0.0,40,3989
2012-10-28 15:00:00,15,Sunday,October,Clouds,5.760000000000048,0.0,75,4294
2012-10-28 22:00:00,22,Sunday,October,Clouds,-0.37999999999999545,0.0,75,1570
2012-10-29 01:00:00,1,Monday,October,Haze,-1.7399999999999523,0.0,75,331
2012-10-29 13:00:00,13,Monday,October,Clouds,5.350000000000023,0.0,90,4836
2012-10-29 14:00:00,14,Monday,October,Clouds,6.150000000000034,0.0,90,5138
2012-10-29 23:00:00,23,Monday,October,Clouds,2.07000000000005,0.0,20,920
2012-10-30 02:00:00,2,Tuesday,October,Clouds,0.32000000000005,0.0,20,298
2012-10-30 04:00:00,4,Tuesday,October,Clouds,0.0,0.0,75,762
2012-10-30 05:00:00,5,Tuesday,October,Clouds,-0.14999999999997726,0.0,20,2519
2012-10-30 06:00:00,6,Tuesday,October,Clouds,-0.45999999999997954,0.0,20,5478
2012-10-30 07:00:00,7,Tuesday,October,Clouds,-0.06999999999999318,0.0,40,6728
2012-10-30 09:00:00,9,Tuesday,October,Clouds,1.670000000000016,0.0,75,5280
2012-10-30 12:00:00,12,Tuesday,October,Clouds,5.32000000000005,0.0,90,5125
2012-10-30 21:00:00,21,Tuesday,October,Clouds,3.7800000000000296,0.0,75,2578
2012-10-31 01:00:00,1,Wednesday,October,Clear,-0.15999999999996817,0.0,1,346
2012-10-31 04:00:00,4,Wednesday,October,Clear,-0.7599999999999909,0.0,1,765
2012-10-31 05:00:00,5,Wednesday,October,Clear,-1.419999999999959,0.0,1,2611
2012-10-31 06:00:00,6,Wednesday,October,Clear,-1.6099999999999568,0.0,1,5577
2012-10-31 12:00:00,12,Wednesday,October,Clouds,6.689999999999998,0.0,20,5041
2012-10-31 14:00:00,14,Wednesday,October,Clouds,8.07000000000005,0.0,20,5274
2012-10-31 21:00:00,21,Wednesday,October,Clear,2.3000000000000114,0.0,1,2539
2012-11-01 06:00:00,6,Thursday,November,Clear,-4.539999999999964,0.0,1,5595
2012-11-01 14:00:00,14,Thursday,November,Clear,8.520000000000039,0.0,1,5495
2012-11-01 15:00:00,15,Thursday,November,Clear,9.879999999999995,0.0,1,5713
2012-11-01 19:00:00,19,Thursday,November,Clouds,6.689999999999998,0.0,40,3501
2012-11-02 06:00:00,6,Friday,November,Clouds,5.480000000000018,0.0,90,5236
2012-11-02 11:00:00,11,Friday,November,Clouds,5.6299999999999955,0.0,90,5330
2012-11-02 17:00:00,17,Friday,November,Clouds,5.75,0.0,40,5856
2012-11-02 18:00:00,18,Friday,November,Clouds,3.910000000000025,0.0,40,4987
2012-11-02 19:00:00,19,Friday,November,Clouds,2.140000000000043,0.0,40,3681
2012-11-02 21:00:00,21,Friday,November,Clouds,0.160000000000025,0.0,20,2929
2012-11-03 09:00:00,9,Saturday,November,Clouds,-1.67999999999995,0.0,75,4390
2012-11-03 10:00:00,10,Saturday,November,Clouds,-0.2999999999999545,0.0,75,4573
2012-11-03 14:00:00,14,Saturday,November,Clouds,2.580000000000041,0.0,40,4397
2012-11-03 18:00:00,18,Saturday,November,Clouds,3.140000000000043,0.0,75,4004
2012-11-03 19:00:00,19,Saturday,November,Clouds,2.980000000000018,0.0,90,3404
2012-11-03 23:00:00,23,Saturday,November,Clouds,2.430000000000007,0.0,90,1952
2012-11-04 01:00:00,1,Sunday,November,Clouds,2.4500000000000455,0.0,90,730
2012-11-04 03:00:00,3,Sunday,November,Clouds,2.32000000000005,0.0,90,223
2012-11-04 10:00:00,10,Sunday,November,Clouds,2.9500000000000455,0.0,90,3527
2012-11-04 18:00:00,18,Sunday,November,Clouds,4.57000000000005,0.0,90,3652
2012-11-04 20:00:00,20,Sunday,November,Clouds,4.050000000000011,0.0,90,2446
2012-11-05 02:00:00,2,Monday,November,Clouds,1.82000000000005,0.0,40,304
2012-11-05 10:00:00,10,Monday,November,Clouds,2.840000000000032,0.0,90,4408
2012-11-05 13:00:00,13,Monday,November,Clouds,5.32000000000005,0.0,90,4648
2012-11-05 14:00:00,14,Monday,November,Clear,5.560000000000002,0.0,46,4968
2012-11-05 18:00:00,18,Monday,November,Clear,6.110000000000014,0.0,46,4265
2012-11-05 20:00:00,20,Monday,November,Clear,7.410000000000025,0.0,46,2415
2012-11-05 23:00:00,23,Monday,November,Clear,7.410000000000025,0.0,46,938
2012-11-06 06:00:00,6,Tuesday,November,Clear,1.2600000000000477,0.0,98,5330
2012-11-06 07:00:00,7,Tuesday,November,Clear,1.7600000000000477,0.0,99,6181
2012-11-06 09:00:00,9,Tuesday,November,Clear,1.7600000000000477,0.0,99,5720
2012-11-06 17:00:00,17,Tuesday,November,Mist,5.5,0.0,90,5453
2012-11-07 09:00:00,9,Wednesday,November,Clouds,5.0,0.0,90,5230
2012-11-07 12:00:00,12,Wednesday,November,Clouds,5.990000000000009,0.0,90,5011
2012-11-07 14:00:00,14,Wednesday,November,Rain,5.680000000000007,0.0,90,5367
2012-11-07 20:00:00,20,Wednesday,November,Clouds,3.930000000000007,0.0,90,2594
2012-11-08 00:00:00,0,Thursday,November,Clouds,3.640000000000043,0.0,90,783
2012-11-08 11:00:00,11,Thursday,November,Clouds,5.560000000000002,0.0,90,5071
2012-11-08 12:00:00,12,Thursday,November,Clouds,6.710000000000036,0.0,90,5246
2012-11-08 13:00:00,13,Thursday,November,Clouds,6.82000000000005,0.0,75,5039
2012-11-08 19:00:00,19,Thursday,November,Clouds,4.640000000000043,0.0,40,3326
2012-11-08 22:00:00,22,Thursday,November,Clouds,3.1000000000000227,0.0,40,1946
2012-11-09 02:00:00,2,Friday,November,Clouds,2.5400000000000205,0.0,40,340
2012-11-09 06:00:00,6,Friday,November,Clear,2.25,0.0,1,5538
2012-11-09 11:00:00,11,Friday,November,Clouds,9.010000000000048,0.0,75,5304
2012-11-09 18:00:00,18,Friday,November,Clouds,6.650000000000034,0.0,20,5330
2012-11-10 00:00:00,0,Saturday,November,Clear,3.490000000000009,0.0,1,1090
2012-11-10 05:00:00,5,Saturday,November,Clouds,2.1000000000000227,0.0,75,696
2012-11-10 11:00:00,11,Saturday,November,Clouds,8.600000000000023,0.0,20,4338
2012-11-10 15:00:00,15,Saturday,November,Clear,10.830000000000041,0.0,1,4536
2012-11-10 16:00:00,16,Saturday,November,Clear,9.850000000000023,0.0,1,4520
2012-11-10 17:00:00,17,Saturday,November,Clouds,8.310000000000002,0.0,90,4677
2012-11-10 19:00:00,19,Saturday,November,Clouds,7.090000000000032,0.0,90,3128
2012-11-10 23:00:00,23,Saturday,November,Clouds,7.180000000000007,0.0,90,2239
2012-11-11 01:00:00,1,Sunday,November,Drizzle,6.720000000000027,0.0,90,922
2012-11-11 08:00:00,8,Sunday,November,Mist,6.760000000000048,0.0,90,1797
2012-11-11 10:00:00,10,Sunday,November,Mist,7.8700000000000045,0.0,90,3961
2012-11-11 15:00:00,15,Sunday,November,Haze,16.560000000000002,0.0,20,4012
2012-11-11 16:00:00,16,Sunday,November,Mist,17.99000000000001,0.0,20,4169
2012-11-12 00:00:00,0,Monday,November,Clear,14.970000000000027,0.0,87,1000
2012-11-12 01:00:00,1,Monday,November,Clear,9.590000000000032,0.0,98,352
2012-11-12 02:00:00,2,Monday,November,Clear,9.590000000000032,0.0,98,263
2012-11-12 10:00:00,10,Monday,November,Clouds,-0.7299999999999613,0.0,90,2892
2012-11-12 13:00:00,13,Monday,November,Clouds,-1.2999999999999545,0.0,90,4362
2012-11-12 14:00:00,14,Monday,November,Clouds,-1.75,0.0,90,4619
2012-11-12 16:00:00,16,Monday,November,Clouds,-2.5499999999999545,0.0,90,5187
2012-11-12 17:00:00,17,Monday,November,Clouds,-3.079999999999984,0.0,90,5186
2012-11-13 02:00:00,2,Tuesday,November,Snow,-6.569999999999993,0.0,90,290
2012-11-13 03:00:00,3,Tuesday,November,Clouds,-7.1299999999999955,0.0,75,317
2012-11-13 09:00:00,9,Tuesday,November,Snow,-6.099999999999966,0.0,75,5438
2012-11-13 10:00:00,10,Tuesday,November,Snow,-5.339999999999975,0.0,75,4656
2012-11-13 12:00:00,12,Tuesday,November,Snow,-4.3799999999999955,0.0,90,4943
2012-11-13 13:00:00,13,Tuesday,November,Clouds,-4.109999999999957,0.0,90,4924
2012-11-13 16:00:00,16,Tuesday,November,Clouds,-3.909999999999968,0.0,90,6436
2012-11-13 17:00:00,17,Tuesday,November,Clouds,-4.089999999999975,0.0,90,6212
2012-11-14 03:00:00,3,Wednesday,November,Clear,-8.009999999999991,0.0,1,361
2012-11-14 05:00:00,5,Wednesday,November,Clear,-8.479999999999961,0.0,1,2620
2012-11-14 06:00:00,6,Wednesday,November,Clear,-8.329999999999984,0.0,1,5730
2012-11-14 11:00:00,11,Wednesday,November,Clear,-0.37999999999999545,0.0,1,5477
2012-11-14 15:00:00,15,Wednesday,November,Clouds,5.800000000000011,0.0,75,6415
2012-11-14 17:00:00,17,Wednesday,November,Clouds,3.3500000000000227,0.0,75,6968
2012-11-14 19:00:00,19,Wednesday,November,Clouds,2.830000000000041,0.0,90,3536
2012-11-14 22:00:00,22,Wednesday,November,Clouds,3.3799999999999955,0.0,90,2044
2012-11-15 02:00:00,2,Thursday,November,Clouds,2.8700000000000045,0.0,90,294
2012-11-15 14:00:00,14,Thursday,November,Clouds,10.650000000000034,0.0,75,5597
2012-11-16 02:00:00,2,Friday,November,Rain,3.9500000000000455,0.0,99,332
2012-11-16 08:00:00,8,Friday,November,Clear,3.650000000000034,0.0,0,5360
2012-11-16 12:00:00,12,Friday,November,Clear,3.650000000000034,0.0,0,5326
2012-11-16 13:00:00,13,Friday,November,Clear,3.650000000000034,0.0,0,5488
2012-11-16 18:00:00,18,Friday,November,Clear,6.090000000000032,0.0,1,5074
2012-11-16 22:00:00,22,Friday,November,Clear,6.090000000000032,0.0,1,2639
2012-11-17 00:00:00,0,Saturday,November,Clear,6.090000000000032,0.0,1,1091
2012-11-17 03:00:00,3,Saturday,November,Clear,-2.2099999999999795,0.0,0,404
2012-11-17 07:00:00,7,Saturday,November,Clear,-7.239999999999952,0.0,1,2046
2012-11-17 08:00:00,8,Saturday,November,Clouds,-5.819999999999993,0.0,20,3031
2012-11-17 15:00:00,15,Saturday,November,Clouds,6.240000000000009,0.0,40,4546
2012-11-17 16:00:00,16,Saturday,November,Clouds,5.580000000000041,0.0,40,4516
2012-11-17 21:00:00,21,Saturday,November,Clouds,1.3000000000000114,0.0,20,2770
2012-11-18 04:00:00,4,Sunday,November,Haze,3.0100000000000477,0.0,1,293
2012-11-18 09:00:00,9,Sunday,November,Haze,5.850000000000023,0.0,75,2561
2012-11-18 10:00:00,10,Sunday,November,Clouds,8.050000000000011,0.0,75,3232
2012-11-18 18:00:00,18,Sunday,November,Clouds,11.020000000000039,0.0,90,3504
2012-11-18 19:00:00,19,Sunday,November,Clouds,11.020000000000039,0.0,90,3575
2012-11-18 22:00:00,22,Sunday,November,Clouds,10.5,0.0,90,1505
2012-11-19 00:00:00,0,Monday,November,Clouds,9.860000000000014,0.0,90,476
2012-11-19 05:00:00,5,Monday,November,Clouds,7.910000000000025,0.0,90,2579
2012-11-19 11:00:00,11,Monday,November,Clouds,10.980000000000018,0.0,40,4564
2012-11-19 15:00:00,15,Monday,November,Clouds,13.53000000000003,0.0,40,5473
2012-11-19 16:00:00,16,Monday,November,Clouds,12.870000000000005,0.0,75,6276
2012-11-19 17:00:00,17,Monday,November,Clouds,11.400000000000034,0.0,40,5908
2012-11-19 21:00:00,21,Monday,November,Clouds,10.350000000000023,0.0,75,2150
2012-11-19 22:00:00,22,Monday,November,Clouds,9.810000000000002,0.0,75,1539
2012-11-20 02:00:00,2,Tuesday,November,Clouds,9.200000000000045,0.0,75,254
2012-11-20 06:00:00,6,Tuesday,November,Clouds,9.28000000000003,0.0,90,5647
2012-11-20 08:00:00,8,Tuesday,November,Clouds,9.180000000000007,0.0,75,5989
2012-11-20 15:00:00,15,Tuesday,November,Clouds,14.580000000000041,0.0,40,5721
2012-11-20 17:00:00,17,Tuesday,November,Clouds,10.700000000000045,0.0,40,6019
2012-11-20 23:00:00,23,Tuesday,November,Haze,4.850000000000023,0.0,1,1211
2012-11-21 03:00:00,3,Wednesday,November,Clear,3.0,0.0,1,412
2012-11-21 06:00:00,6,Wednesday,November,Mist,-0.14999999999997726,0.0,1,5343
2012-11-21 07:00:00,7,Wednesday,November,Mist,-0.6099999999999568,0.0,1,6138
2012-11-21 09:00:00,9,Wednesday,November,Mist,1.5100000000000477,0.0,1,5041
2012-11-21 17:00:00,17,Wednesday,November,Clouds,6.480000000000018,0.0,40,4964
2012-11-21 22:00:00,22,Wednesday,November,Clouds,5.180000000000007,0.0,75,1972
2012-11-21 23:00:00,23,Wednesday,November,Clouds,5.340000000000032,0.0,20,1399
2012-11-22 01:00:00,1,Thursday,November,Mist,5.82000000000005,0.0,1,634
2012-11-22 02:00:00,2,Thursday,November,Clear,6.2000000000000455,0.0,1,411
2012-11-22 10:00:00,10,Thursday,November,Clouds,9.850000000000023,0.0,75,2477
2012-11-22 15:00:00,15,Thursday,November,Clouds,15.310000000000002,0.0,75,3068
2012-11-22 17:00:00,17,Thursday,November,Clouds,12.420000000000016,0.0,75,3023
2012-11-22 18:00:00,18,Thursday,November,Clouds,11.670000000000016,0.0,75,3083
2012-11-22 19:00:00,19,Thursday,November,Clouds,12.420000000000016,0.0,40,3010
2012-11-23 00:00:00,0,Friday,November,Clouds,14.310000000000002,0.0,75,693
2012-11-23 06:00:00,6,Friday,November,Clouds,10.910000000000025,0.0,75,2069
2012-11-23 09:00:00,9,Friday,November,Clouds,10.740000000000009,0.0,75,2783
2012-11-23 13:00:00,13,Friday,November,Clouds,9.0,0.0,75,3800
2012-11-23 16:00:00,16,Friday,November,Rain,3.2900000000000205,0.0,90,4079
2012-11-24 01:00:00,1,Saturday,November,Snow,-5.389999999999986,0.0,90,611
2012-11-24 03:00:00,3,Saturday,November,Snow,-6.560000000000002,0.0,90,322
2012-11-24 07:00:00,7,Saturday,November,Snow,-7.649999999999977,0.0,90,1348
2012-11-24 09:00:00,9,Saturday,November,Snow,-6.639999999999986,0.0,90,2753
2012-11-24 15:00:00,15,Saturday,November,Clouds,-3.9499999999999886,0.0,75,4204
2012-11-24 17:00:00,17,Saturday,November,Clouds,-4.649999999999977,0.0,90,4357
2012-11-24 19:00:00,19,Saturday,November,Clouds,-6.229999999999961,0.0,90,3068
2012-11-24 20:00:00,20,Saturday,November,Clouds,-7.539999999999964,0.0,90,2779
2012-11-25 08:00:00,8,Sunday,November,Clouds,-12.329999999999984,0.0,20,1366
2012-11-25 11:00:00,11,Sunday,November,Clouds,-6.839999999999975,0.0,75,3413
2012-11-25 15:00:00,15,Sunday,November,Clouds,-3.7399999999999523,0.0,90,4729
2012-11-25 16:00:00,16,Sunday,November,Clouds,-3.0499999999999545,0.0,90,4880
2012-11-25 21:00:00,21,Sunday,November,Clouds,-2.169999999999959,0.0,90,2150
2012-11-25 23:00:00,23,Sunday,November,Clouds,-2.17999999999995,0.0,40,925
2012-11-26 04:00:00,4,Monday,November,Clouds,-1.5299999999999727,0.0,90,771
2012-11-26 15:00:00,15,Monday,November,Snow,-1.5,0.0,75,5449
2012-11-26 19:00:00,19,Monday,November,Clouds,-1.8599999999999568,0.0,90,2874
2012-11-26 20:00:00,20,Monday,November,Clouds,-1.8599999999999568,0.0,90,2362
2012-11-26 22:00:00,22,Monday,November,Clouds,-3.5600000000000023,0.0,90,1342
2012-11-26 23:00:00,23,Monday,November,Clouds,-4.579999999999984,0.0,90,944
2012-11-27 02:00:00,2,Tuesday,November,Snow,-8.75,0.0,75,247
2012-11-27 03:00:00,3,Tuesday,November,Clouds,-10.169999999999959,0.0,40,337
2012-11-27 06:00:00,6,Tuesday,November,Snow,-11.879999999999995,0.0,90,5639
2012-11-27 09:00:00,9,Tuesday,November,Clear,-12.029999999999973,0.0,1,5215
2012-11-27 12:00:00,12,Tuesday,November,Clear,-8.75,0.0,1,4799
2012-11-27 17:00:00,17,Tuesday,November,Clear,-8.21999999999997,0.0,1,6092
2012-11-27 19:00:00,19,Tuesday,November,Clear,-9.349999999999966,0.0,1,3137
2012-11-28 00:00:00,0,Wednesday,November,Clear,-8.96999999999997,0.0,1,510
2012-11-28 02:00:00,2,Wednesday,November,Clouds,-8.399999999999977,0.0,75,245
2012-11-28 08:00:00,8,Wednesday,November,Clouds,-7.8700000000000045,0.0,75,6071
2012-11-28 15:00:00,15,Wednesday,November,Clouds,2.8600000000000136,0.0,90,5621
2012-11-28 16:00:00,16,Wednesday,November,Clouds,2.1000000000000227,0.0,40,6116
2012-11-28 20:00:00,20,Wednesday,November,Clear,-2.919999999999959,0.0,1,2691
2012-11-29 03:00:00,3,Thursday,November,Clouds,-3.419999999999959,0.0,90,363
2012-11-29 04:00:00,4,Thursday,November,Clouds,-3.6399999999999864,0.0,90,784
2012-11-29 05:00:00,5,Thursday,November,Clouds,-3.859999999999957,0.0,90,2612
2012-11-29 10:00:00,10,Thursday,November,Clouds,-2.1899999999999977,0.0,75,4566
2012-11-29 11:00:00,11,Thursday,November,Clouds,-1.7199999999999704,0.0,75,4906
2012-11-29 12:00:00,12,Thursday,November,Clouds,-0.029999999999972715,0.0,75,5081
2012-11-29 19:00:00,19,Thursday,November,Clouds,-0.589999999999975,0.0,90,3293
2012-11-29 20:00:00,20,Thursday,November,Clouds,-0.21999999999997044,0.0,90,2913
2012-11-29 21:00:00,21,Thursday,November,Clouds,-0.01999999999998181,0.0,16,2571
2012-11-30 00:00:00,0,Friday,November,Clouds,0.7700000000000387,0.0,16,591
2012-11-30 17:00:00,17,Friday,November,Clouds,1.330000000000041,0.0,90,5518
2012-11-30 21:00:00,21,Friday,November,Clouds,-0.7699999999999818,0.0,90,2987
2012-12-01 04:00:00,4,Saturday,December,Clouds,-1.6099999999999568,0.0,90,384
2012-12-01 10:00:00,10,Saturday,December,Haze,0.6400000000000432,0.0,90,3971
2012-12-01 12:00:00,12,Saturday,December,Haze,1.2300000000000182,0.0,90,5161
2012-12-01 14:00:00,14,Saturday,December,Haze,1.6899999999999977,0.0,90,4919
2012-12-01 17:00:00,17,Saturday,December,Clouds,1.410000000000025,0.0,90,5231
2012-12-01 19:00:00,19,Saturday,December,Mist,0.8900000000000432,0.0,90,3288
2012-12-01 22:00:00,22,Saturday,December,Mist,0.7100000000000364,0.0,90,2489
2012-12-01 23:00:00,23,Saturday,December,Mist,0.8500000000000227,0.0,90,1917
2012-12-02 00:00:00,0,Sunday,December,Mist,0.8600000000000136,0.0,90,1341
2012-12-02 01:00:00,1,Sunday,December,Mist,1.3700000000000045,0.0,90,825
2012-12-02 05:00:00,5,Sunday,December,Mist,2.7600000000000477,0.0,90,447
2012-12-02 15:00:00,15,Sunday,December,Mist,7.650000000000034,0.0,90,4329
2012-12-02 16:00:00,16,Sunday,December,Haze,7.650000000000034,0.0,90,4135
2012-12-02 17:00:00,17,Sunday,December,Haze,7.5,0.0,90,3938
2012-12-02 20:00:00,20,Sunday,December,Mist,3.650000000000034,0.0,90,2319
2012-12-02 22:00:00,22,Sunday,December,Mist,3.400000000000034,0.0,90,2350
2012-12-03 03:00:00,3,Monday,December,Mist,-0.6999999999999886,0.0,1,291
2012-12-03 06:00:00,6,Monday,December,Fog,-2.089999999999975,0.0,90,5506
2012-12-03 07:00:00,7,Monday,December,Fog,-1.669999999999959,0.0,90,6393
2012-12-03 10:00:00,10,Monday,December,Mist,0.21000000000003638,0.0,90,4442
2012-12-03 13:00:00,13,Monday,December,Mist,1.8600000000000136,0.0,90,4810
2012-12-03 14:00:00,14,Monday,December,Mist,2.920000000000016,0.0,90,5310
2012-12-03 21:00:00,21,Monday,December,Mist,3.990000000000009,0.0,90,2159
2012-12-03 22:00:00,22,Monday,December,Mist,4.180000000000007,0.0,75,1399
2012-12-04 04:00:00,4,Tuesday,December,Mist,7.360000000000014,0.0,90,802
2012-12-04 08:00:00,8,Tuesday,December,Mist,10.170000000000016,0.0,90,6112
2012-12-04 10:00:00,10,Tuesday,December,Mist,11.200000000000045,0.0,90,4489
2012-12-04 13:00:00,13,Tuesday,December,Haze,11.850000000000023,0.0,75,4918
2012-12-04 14:00:00,14,Tuesday,December,Clouds,11.590000000000032,0.0,75,5292
2012-12-04 21:00:00,21,Tuesday,December,Clear,5.82000000000005,0.0,1,2360
2012-12-04 22:00:00,22,Tuesday,December,Clear,5.990000000000009,0.0,1,1811
2012-12-05 01:00:00,1,Wednesday,December,Clear,5.2900000000000205,0.0,1,381
2012-12-05 12:00:00,12,Wednesday,December,Clear,-0.3299999999999841,0.0,1,4961
2012-12-05 17:00:00,17,Wednesday,December,Clear,-3.069999999999993,0.0,1,6074
2012-12-05 18:00:00,18,Wednesday,December,Clear,-3.8799999999999955,0.0,1,4557
2012-12-05 21:00:00,21,Wednesday,December,Clear,-5.810000000000002,0.0,1,2416
2012-12-06 00:00:00,0,Thursday,December,Clouds,-6.909999999999968,0.0,40,536
2012-12-06 01:00:00,1,Thursday,December,Clouds,-7.069999999999993,0.0,40,348
2012-12-06 06:00:00,6,Thursday,December,Clouds,-7.6200000000000045,0.0,75,5545
2012-12-06 08:00:00,8,Thursday,December,Clouds,-7.169999999999959,0.0,75,6298
2012-12-06 10:00:00,10,Thursday,December,Clouds,-3.8100000000000023,0.0,75,4540
2012-12-06 13:00:00,13,Thursday,December,Clouds,0.5800000000000409,0.0,75,5113
2012-12-06 20:00:00,20,Thursday,December,Clouds,3.2200000000000273,0.0,90,2983
2012-12-06 22:00:00,22,Thursday,December,Clouds,3.6299999999999955,0.0,90,2092
2012-12-06 23:00:00,23,Thursday,December,Clouds,4.3700000000000045,0.0,90,1204
2012-12-07 02:00:00,2,Friday,December,Clouds,6.010000000000048,0.0,90,322
2012-12-07 06:00:00,6,Friday,December,Drizzle,7.020000000000039,0.0,90,5555
2012-12-07 17:00:00,17,Friday,December,Clouds,3.430000000000007,0.0,75,5376
2012-12-07 21:00:00,21,Friday,December,Clouds,-0.6599999999999682,0.0,75,2995
2012-12-07 23:00:00,23,Friday,December,Clouds,-3.0600000000000023,0.0,40,1667
2012-12-08 12:00:00,12,Saturday,December,Clouds,-1.0699999999999932,0.0,90,5009
2012-12-08 16:00:00,16,Saturday,December,Snow,-1.759999999999991,0.0,90,4983
2012-12-08 19:00:00,19,Saturday,December,Clouds,-2.0499999999999545,0.0,100,3137
2012-12-08 21:00:00,21,Saturday,December,Clouds,-2.0499999999999545,0.0,100,2911
2012-12-09 03:00:00,3,Sunday,December,Clouds,-3.2199999999999704,0.0,93,321
2012-12-09 05:00:00,5,Sunday,December,Clouds,-3.2199999999999704,0.0,93,458
2012-12-09 07:00:00,7,Sunday,December,Clear,-3.4399999999999977,0.0,0,938
2012-12-09 09:00:00,9,Sunday,December,Clear,-3.4399999999999977,0.0,0,1916
2012-12-09 11:00:00,11,Sunday,December,Clear,-3.4399999999999977,0.0,0,2299
2012-12-09 13:00:00,13,Sunday,December,Clouds,0.4700000000000273,0.0,54,1686
2012-12-09 16:00:00,16,Sunday,December,Mist,-0.5999999999999659,0.0,90,1773
2012-12-09 17:00:00,17,Sunday,December,Mist,-1.169999999999959,0.0,90,1607
2012-12-10 05:00:00,5,Monday,December,Snow,-1.079999999999984,0.0,90,2139
2012-12-10 07:00:00,7,Monday,December,Snow,-0.7999999999999545,0.0,90,4433
2012-12-10 11:00:00,11,Monday,December,Snow,-0.7399999999999523,0.0,90,3761
2012-12-10 16:00:00,16,Monday,December,Snow,-1.259999999999991,0.0,90,4685
2012-12-10 20:00:00,20,Monday,December,Snow,-2.339999999999975,0.0,90,2131
2012-12-11 03:00:00,3,Tuesday,December,Snow,-10.079999999999984,0.0,90,344
2012-12-11 09:00:00,9,Tuesday,December,Clouds,-12.379999999999995,0.0,90,5137
2012-12-11 16:00:00,16,Tuesday,December,Clouds,-12.899999999999977,0.0,75,5242
2012-12-12 00:00:00,0,Wednesday,December,Mist,-15.439999999999998,0.0,90,571
2012-12-12 01:00:00,1,Wednesday,December,Snow,-14.439999999999998,0.0,90,349
2012-12-12 07:00:00,7,Wednesday,December,Mist,-12.509999999999991,0.0,90,5771
2012-12-12 09:00:00,9,Wednesday,December,Clouds,-11.989999999999952,0.0,40,5310
2012-12-12 14:00:00,14,Wednesday,December,Clouds,-4.399999999999977,0.0,89,5320
2012-12-12 17:00:00,17,Wednesday,December,Clouds,-9.189999999999998,0.0,89,5574
2012-12-13 02:00:00,2,Thursday,December,Mist,-12.71999999999997,0.0,75,268
2012-12-13 06:00:00,6,Thursday,December,Mist,-7.92999999999995,0.0,75,5183
2012-12-13 07:00:00,7,Thursday,December,Mist,-6.729999999999961,0.0,90,6385
2012-12-13 08:00:00,8,Thursday,December,Clouds,-5.289999999999964,0.0,90,6038
2012-12-13 14:00:00,14,Thursday,December,Clouds,3.3100000000000023,0.0,75,5622
2012-12-13 16:00:00,16,Thursday,December,Clouds,2.9700000000000273,0.0,90,6132
2012-12-13 18:00:00,18,Thursday,December,Clouds,1.5100000000000477,0.0,90,4534
2012-12-13 19:00:00,19,Thursday,December,Clouds,1.75,0.0,90,3275
2012-12-13 22:00:00,22,Thursday,December,Clouds,2.910000000000025,0.0,40,2074
2012-12-14 03:00:00,3,Friday,December,Clouds,1.8400000000000318,0.0,90,447
2012-12-14 04:00:00,4,Friday,December,Clouds,1.150000000000034,0.0,75,781
2012-12-14 06:00:00,6,Friday,December,Clouds,-1.4399999999999977,0.0,20,5412
2012-12-14 09:00:00,9,Friday,December,Clouds,-3.67999999999995,0.0,20,5113
2012-12-14 18:00:00,18,Friday,December,Mist,-2.8799999999999955,0.0,20,4555
2012-12-14 19:00:00,19,Friday,December,Mist,-4.489999999999952,0.0,40,3598
2012-12-14 20:00:00,20,Friday,December,Haze,-5.21999999999997,0.0,40,2868
2012-12-14 21:00:00,21,Friday,December,Mist,-6.019999999999982,0.0,40,2819
2012-12-15 01:00:00,1,Saturday,December,Mist,-7.739999999999952,0.0,75,699
2012-12-15 02:00:00,2,Saturday,December,Mist,-7.859999999999957,0.0,40,556
2012-12-15 05:00:00,5,Saturday,December,Mist,-8.269999999999982,0.0,20,716
2012-12-15 08:00:00,8,Saturday,December,Mist,-7.6200000000000045,0.0,75,2407
2012-12-15 10:00:00,10,Saturday,December,Mist,-4.539999999999964,0.0,75,3519
2012-12-15 15:00:00,15,Saturday,December,Clouds,1.2700000000000387,0.0,75,4143
2012-12-15 17:00:00,17,Saturday,December,Clouds,0.27000000000003865,0.0,90,4088
2012-12-15 20:00:00,20,Saturday,December,Clouds,0.660000000000025,0.0,90,2420
2012-12-15 22:00:00,22,Saturday,December,Clouds,1.6899999999999977,0.0,75,2320
2012-12-16 06:00:00,6,Sunday,December,Rain,1.830000000000041,0.0,90,690
2012-12-16 07:00:00,7,Sunday,December,Rain,1.740000000000009,0.0,90,964
2012-12-16 11:00:00,11,Sunday,December,Rain,2.340000000000032,0.0,90,3473
2012-12-16 13:00:00,13,Sunday,December,Drizzle,2.1899999999999977,0.0,90,3657
2012-12-16 16:00:00,16,Sunday,December,Mist,2.07000000000005,0.0,90,4130
2012-12-16 23:00:00,23,Sunday,December,Snow,0.4200000000000159,0.0,90,929
2012-12-17 09:00:00,9,Monday,December,Mist,-3.409999999999968,0.0,90,5053
2012-12-17 12:00:00,12,Monday,December,Mist,-5.46999999999997,0.0,90,4814
2012-12-17 14:00:00,14,Monday,December,Mist,-6.25,0.0,90,5122
2012-12-17 22:00:00,22,Monday,December,Clouds,-6.4599999999999795,0.0,90,1385
2012-12-18 11:00:00,11,Tuesday,December,Haze,-5.689999999999998,0.0,90,5198
2012-12-18 13:00:00,13,Tuesday,December,Mist,-5.069999999999993,0.0,90,5433
2012-12-18 15:00:00,15,Tuesday,December,Mist,-4.779999999999973,0.0,90,6120
2012-12-18 18:00:00,18,Tuesday,December,Mist,-4.92999999999995,0.0,90,4570
2012-12-18 20:00:00,20,Tuesday,December,Mist,-4.889999999999986,0.0,90,2855
2012-12-18 21:00:00,21,Tuesday,December,Mist,-4.889999999999986,0.0,90,2549
2012-12-18 23:00:00,23,Tuesday,December,Mist,-4.789999999999964,0.0,90,1295
2012-12-19 04:00:00,4,Wednesday,December,Mist,-5.029999999999973,0.0,90,790
2012-12-19 10:00:00,10,Wednesday,December,Mist,-5.069999999999993,0.0,90,4869
2012-12-19 11:00:00,11,Wednesday,December,Mist,-4.599999999999966,0.0,90,4999
2012-12-19 15:00:00,15,Wednesday,December,Haze,-3.9499999999999886,0.0,90,5912
2012-12-19 18:00:00,18,Wednesday,December,Haze,-3.9899999999999523,0.0,90,4553
2012-12-19 22:00:00,22,Wednesday,December,Haze,-3.1999999999999886,0.0,90,2004
2012-12-20 05:00:00,5,Thursday,December,Clouds,-1.8100000000000023,0.0,90,2489
2012-12-20 08:00:00,8,Thursday,December,Mist,-2.9799999999999613,0.0,90,5444
2012-12-20 09:00:00,9,Thursday,December,Mist,-3.409999999999968,0.0,75,4803
2012-12-20 17:00:00,17,Thursday,December,Mist,-2.0600000000000023,0.0,90,5831
2012-12-21 02:00:00,2,Friday,December,Snow,-5.159999999999968,0.0,90,318
2012-12-21 06:00:00,6,Friday,December,Snow,-5.819999999999993,0.0,90,5014
2012-12-21 07:00:00,7,Friday,December,Snow,-5.839999999999975,0.0,90,5982
2012-12-21 13:00:00,13,Friday,December,Clouds,-3.5499999999999545,0.0,90,5578
2012-12-21 20:00:00,20,Friday,December,Clouds,-8.620000000000005,0.0,75,3058
2012-12-21 21:00:00,21,Friday,December,Clouds,-9.739999999999952,0.0,20,2795
2012-12-21 23:00:00,23,Friday,December,Clouds,-11.0,0.0,20,1843
2012-12-22 04:00:00,4,Saturday,December,Clear,-12.95999999999998,0.0,1,394
2012-12-22 09:00:00,9,Saturday,December,Clear,-13.449999999999989,0.0,1,3111
2012-12-22 15:00:00,15,Saturday,December,Clear,-7.819999999999993,0.0,1,4332
2012-12-22 17:00:00,17,Saturday,December,Clouds,-9.71999999999997,0.0,20,4384
2012-12-22 21:00:00,21,Saturday,December,Clear,-12.70999999999998,0.0,1,2567
2012-12-22 22:00:00,22,Saturday,December,Clear,-12.45999999999998,0.0,1,2451
2012-12-23 05:00:00,5,Sunday,December,Mist,-12.409999999999968,0.0,20,401
2012-12-23 06:00:00,6,Sunday,December,Clouds,-11.649999999999977,0.0,20,660
2012-12-23 10:00:00,10,Sunday,December,Clouds,-7.859999999999957,0.0,40,2955
2012-12-23 11:00:00,11,Sunday,December,Clouds,-6.259999999999991,0.0,75,3397
2012-12-23 14:00:00,14,Sunday,December,Clear,-3.6200000000000045,0.0,1,3292
2012-12-23 15:00:00,15,Sunday,December,Clear,-3.7299999999999613,0.0,1,3838
2012-12-23 21:00:00,21,Sunday,December,Clear,-7.819999999999993,0.0,1,2099
2012-12-23 22:00:00,22,Sunday,December,Clear,-8.120000000000005,0.0,1,1847
2012-12-24 04:00:00,4,Monday,December,Clouds,-11.370000000000005,0.0,40,430
2012-12-24 16:00:00,16,Monday,December,Clouds,-7.689999999999998,0.0,75,3759
2012-12-24 17:00:00,17,Monday,December,Clouds,-8.389999999999986,0.0,75,3099
2012-12-24 23:00:00,23,Monday,December,Clouds,-9.029999999999973,0.0,75,1542
2012-12-25 21:00:00,21,Tuesday,December,Clear,-14.329999999999984,0.0,1,2370
2012-12-26 00:00:00,0,Wednesday,December,Clear,-15.42999999999995,0.0,1,539
2012-12-26 06:00:00,6,Wednesday,December,Clear,-18.569999999999965,0.0,1,3922
2012-12-26 12:00:00,12,Wednesday,December,Clouds,-15.049999999999955,0.0,89,4422
2012-12-26 19:00:00,19,Wednesday,December,Clouds,-15.199999999999989,0.0,20,2796
2012-12-27 05:00:00,5,Thursday,December,Clouds,-15.579999999999984,0.0,90,2085
2012-12-27 06:00:00,6,Thursday,December,Clouds,-15.319999999999993,0.0,90,4313
2012-12-27 07:00:00,7,Thursday,December,Clouds,-14.859999999999957,0.0,90,4795
2012-12-27 08:00:00,8,Thursday,December,Clouds,-14.759999999999991,0.0,90,4285
2012-12-27 14:00:00,14,Thursday,December,Clouds,-8.789999999999964,0.0,40,5212
2012-12-27 15:00:00,15,Thursday,December,Clouds,-8.529999999999973,0.0,40,5352
2012-12-27 18:00:00,18,Thursday,December,Clear,-11.45999999999998,0.0,1,3629
2012-12-27 21:00:00,21,Thursday,December,Clouds,-12.310000000000002,0.0,40,2134
2012-12-27 22:00:00,22,Thursday,December,Clouds,-12.359999999999957,0.0,75,1971
2012-12-27 23:00:00,23,Thursday,December,Clouds,-13.620000000000005,0.0,40,1182
2012-12-28 02:00:00,2,Friday,December,Clouds,-14.810000000000002,0.0,40,346
2012-12-28 10:00:00,10,Friday,December,Clouds,-11.239999999999952,0.0,75,3795
2012-12-28 20:00:00,20,Friday,December,Snow,-7.229999999999961,0.0,90,2637
2012-12-29 01:00:00,1,Saturday,December,Snow,-7.589999999999975,0.0,90,670
2012-12-29 08:00:00,8,Saturday,December,Snow,-7.9599999999999795,0.0,90,1774
2012-12-29 10:00:00,10,Saturday,December,Snow,-7.279999999999973,0.0,90,3055
2012-12-29 20:00:00,20,Saturday,December,Snow,-9.519999999999982,0.0,40,2647
2012-12-29 22:00:00,22,Saturday,December,Mist,-10.079999999999984,0.0,40,2657
2012-12-30 15:00:00,15,Sunday,December,Snow,-9.279999999999973,0.0,40,3717
2012-12-30 18:00:00,18,Sunday,December,Clouds,-12.319999999999993,0.0,40,2615
2012-12-30 19:00:00,19,Sunday,December,Clear,-13.239999999999952,0.0,1,3059
2012-12-31 02:00:00,2,Monday,December,Clouds,-14.449999999999989,0.0,20,341
2012-12-31 08:00:00,8,Monday,December,Mist,-17.23999999999998,0.0,20,3382
2012-12-31 12:00:00,12,Monday,December,Haze,-9.169999999999959,0.0,75,4737
2012-12-31 16:00:00,16,Monday,December,Clear,-5.939999999999998,0.0,1,4965
2012-12-31 18:00:00,18,Monday,December,Clouds,-7.96999999999997,0.0,75,3707
2013-01-01 06:00:00,6,Tuesday,January,Clouds,-11.729999999999961,0.0,20,640
2013-01-01 08:00:00,8,Tuesday,January,Clouds,-12.859999999999957,0.0,20,939
2013-01-01 12:00:00,12,Tuesday,January,Clouds,-12.049999999999955,0.0,20,2588
2013-01-01 13:00:00,13,Tuesday,January,Clouds,-11.599999999999966,0.0,20,2927
2013-01-01 14:00:00,14,Tuesday,January,Clouds,-11.5,0.0,20,3012
2013-01-01 16:00:00,16,Tuesday,January,Clouds,-12.620000000000005,0.0,20,2864
2013-01-01 23:00:00,23,Tuesday,January,Clear,-18.669999999999987,0.0,1,845
2013-01-02 02:00:00,2,Wednesday,January,Mist,-20.169999999999987,0.0,1,243
2013-01-02 06:00:00,6,Wednesday,January,Clear,-22.829999999999984,0.0,1,5366
2013-01-02 08:00:00,8,Wednesday,January,Clouds,-21.279999999999973,0.0,20,5110
2013-01-02 11:00:00,11,Wednesday,January,Snow,-15.739999999999952,0.0,75,4100
2013-01-02 13:00:00,13,Wednesday,January,Clouds,-12.529999999999973,0.0,90,4370
2013-01-02 15:00:00,15,Wednesday,January,Snow,-11.539999999999964,0.0,90,4836
2013-01-02 18:00:00,18,Wednesday,January,Snow,-9.839999999999975,0.0,90,3756
2013-01-02 22:00:00,22,Wednesday,January,Clouds,-7.339999999999975,0.0,90,1424
2013-01-02 23:00:00,23,Wednesday,January,Clouds,-7.0499999999999545,0.0,90,952
2013-01-03 04:00:00,4,Thursday,January,Clouds,-14.359999999999957,0.0,63,729
2013-01-03 10:00:00,10,Thursday,January,Snow,-9.199999999999989,0.0,90,4002
2013-01-03 17:00:00,17,Thursday,January,Mist,-7.989999999999952,0.0,90,5782
2013-01-03 20:00:00,20,Thursday,January,Mist,-7.42999999999995,0.0,90,2453
2013-01-04 02:00:00,2,Friday,January,Snow,-7.6299999999999955,0.0,90,301
2013-01-04 10:00:00,10,Friday,January,Snow,-11.549999999999955,0.0,90,4327
2013-01-04 13:00:00,13,Friday,January,Clear,-10.729999999999961,0.0,1,5026
2013-01-04 17:00:00,17,Friday,January,Clear,-11.269999999999982,0.0,1,5900
2013-01-04 19:00:00,19,Friday,January,Clear,-12.229999999999961,0.0,1,3135
2013-01-04 23:00:00,23,Friday,January,Clear,-9.70999999999998,0.0,1,1517
2013-01-05 16:00:00,16,Saturday,January,Clouds,-2.4499999999999886,0.0,20,4273
2013-01-05 19:00:00,19,Saturday,January,Clouds,-7.329999999999984,0.0,20,2342
2013-01-05 22:00:00,22,Saturday,January,Clouds,-9.279999999999973,0.0,20,2502
2013-01-06 00:00:00,0,Sunday,January,Clear,-10.789999999999964,0.0,1,951
2013-01-06 07:00:00,7,Sunday,January,Mist,-12.370000000000005,0.0,1,927
2013-01-06 14:00:00,14,Sunday,January,Haze,-4.849999999999966,0.0,20,4074
2013-01-06 16:00:00,16,Sunday,January,Haze,-5.259999999999991,0.0,40,3969
2013-01-06 17:00:00,17,Sunday,January,Clear,-5.989999999999952,0.0,1,3762
2013-01-06 21:00:00,21,Sunday,January,Mist,-8.370000000000005,0.0,75,1669
2013-01-06 22:00:00,22,Sunday,January,Mist,-8.109999999999957,0.0,75,1384
2013-01-07 01:00:00,1,Monday,January,Haze,-8.620000000000005,0.0,40,312
2013-01-07 06:00:00,6,Monday,January,Clouds,-10.849999999999966,0.0,20,5522
2013-01-07 08:00:00,8,Monday,January,Clear,-12.359999999999957,0.0,1,5839
2013-01-07 15:00:00,15,Monday,January,Clouds,-6.0,0.0,20,5494
2013-01-07 16:00:00,16,Monday,January,Clouds,-6.669999999999959,0.0,40,6231
2013-01-08 02:00:00,2,Tuesday,January,Clouds,-4.3799999999999955,0.0,90,230
2013-01-08 03:00:00,3,Tuesday,January,Clouds,-3.349999999999966,0.0,75,314
2013-01-08 06:00:00,6,Tuesday,January,Clouds,-2.409999999999968,0.0,40,5674
2013-01-08 10:00:00,10,Tuesday,January,Clouds,-1.7199999999999704,0.0,75,4357
2013-01-08 12:00:00,12,Tuesday,January,Clouds,-0.0999999999999659,0.0,75,4589
2013-01-08 13:00:00,13,Tuesday,January,Clouds,1.0300000000000296,0.0,40,4858
2013-01-08 16:00:00,16,Tuesday,January,Clouds,1.2300000000000182,0.0,40,6486
2013-01-08 17:00:00,17,Tuesday,January,Clouds,0.29000000000002046,0.0,40,6271
2013-01-08 18:00:00,18,Tuesday,January,Clouds,-0.9199999999999591,0.0,40,4677
2013-01-08 19:00:00,19,Tuesday,January,Clouds,-1.3599999999999568,0.0,40,2805
2013-01-09 01:00:00,1,Wednesday,January,Mist,-6.479999999999961,0.0,40,357
2013-01-09 07:00:00,7,Wednesday,January,Mist,-8.269999999999982,0.0,75,6852
2013-01-09 11:00:00,11,Wednesday,January,Haze,-1.7299999999999613,0.0,75,4677
2013-01-09 12:00:00,12,Wednesday,January,Clouds,-0.5699999999999932,0.0,75,4753
2013-01-09 13:00:00,13,Wednesday,January,Clouds,-0.01999999999998181,0.0,75,4780
2013-01-09 16:00:00,16,Wednesday,January,Clouds,0.5200000000000387,0.0,90,6394
2013-01-09 17:00:00,17,Wednesday,January,Clouds,0.36000000000001364,0.0,90,6139
2013-01-10 03:00:00,3,Thursday,January,Clouds,-0.5,0.0,20,314
2013-01-10 04:00:00,4,Thursday,January,Clear,0.5,0.0,1,754
2013-01-10 12:00:00,12,Thursday,January,Clear,-0.19999999999998863,0.0,1,4902
2013-01-10 18:00:00,18,Thursday,January,Clouds,-2.569999999999993,0.0,20,4322
2013-01-10 20:00:00,20,Thursday,January,Clear,-4.079999999999984,0.0,1,2474
2013-01-10 23:00:00,23,Thursday,January,Clear,-3.6999999999999886,0.0,1,1070
2013-01-11 05:00:00,5,Friday,January,Clear,-1.0199999999999818,0.0,1,2367
2013-01-11 07:00:00,7,Friday,January,Clouds,-0.6299999999999955,0.0,20,6029
2013-01-11 09:00:00,9,Friday,January,Clouds,0.2300000000000182,0.0,20,4847
2013-01-11 10:00:00,10,Friday,January,Clouds,1.7300000000000182,0.0,40,4367
2013-01-11 13:00:00,13,Friday,January,Clouds,3.740000000000009,0.0,75,4885
2013-01-11 21:00:00,21,Friday,January,Rain,0.7800000000000296,0.0,90,2511
2013-01-12 08:00:00,8,Saturday,January,Mist,1.650000000000034,0.0,90,2624
2013-01-12 10:00:00,10,Saturday,January,Mist,2.140000000000043,0.0,90,3600
2013-01-12 12:00:00,12,Saturday,January,Drizzle,2.5100000000000477,0.0,90,4538
2013-01-12 14:00:00,14,Saturday,January,Drizzle,2.7700000000000387,0.0,90,4547
2013-01-12 16:00:00,16,Saturday,January,Drizzle,2.5200000000000387,0.0,90,4338
2013-01-12 17:00:00,17,Saturday,January,Mist,2.7800000000000296,0.0,90,4170
2013-01-12 23:00:00,23,Saturday,January,Mist,4.060000000000002,0.0,90,1807
2013-01-13 03:00:00,3,Sunday,January,Snow,-4.7099999999999795,0.0,90,306
2013-01-13 05:00:00,5,Sunday,January,Snow,-6.949999999999989,0.0,90,422
2013-01-13 06:00:00,6,Sunday,January,Snow,-8.089999999999975,0.0,90,686
2013-01-13 21:00:00,21,Sunday,January,Haze,-14.439999999999998,0.0,75,1718
2013-01-14 06:00:00,6,Monday,January,Clouds,-16.810000000000002,0.0,90,5427
2013-01-14 08:00:00,8,Monday,January,Clouds,-16.94999999999999,0.0,75,5908
2013-01-14 16:00:00,16,Monday,January,Snow,-13.699999999999989,0.0,90,6414
2013-01-15 05:00:00,5,Tuesday,January,Clear,-15.379999999999995,0.0,1,2432
2013-01-15 15:00:00,15,Tuesday,January,Clouds,-11.370000000000005,0.0,20,5627
2013-01-16 12:00:00,12,Wednesday,January,Clear,-4.639999999999986,0.0,1,4849
2013-01-16 14:00:00,14,Wednesday,January,Clear,-2.5600000000000023,0.0,1,5354
2013-01-16 15:00:00,15,Wednesday,January,Clouds,-2.0,0.0,20,5700
2013-01-16 18:00:00,18,Wednesday,January,Clear,-3.8700000000000045,0.0,1,4425
2013-01-16 20:00:00,20,Wednesday,January,Clear,-4.199999999999989,0.0,1,2807
2013-01-17 00:00:00,0,Thursday,January,Clear,-4.439999999999998,0.0,0,542
2013-01-17 03:00:00,3,Thursday,January,Clouds,-6.899999999999977,0.0,59,299
2013-01-17 12:00:00,12,Thursday,January,Snow,0.9200000000000159,0.0,90,4929
2013-01-17 19:00:00,19,Thursday,January,Clear,-6.319999999999993,0.0,1,3243
2013-01-19 00:00:00,0,Saturday,January,Snow,-8.539999999999964,0.0,90,1021
2013-01-19 02:00:00,2,Saturday,January,Snow,-8.289999999999964,0.0,90,535
2013-01-19 04:00:00,4,Saturday,January,Clouds,-7.3700000000000045,0.0,90,361
2013-01-19 06:00:00,6,Saturday,January,Clouds,-6.039999999999964,0.0,90,1111
2013-01-19 07:00:00,7,Saturday,January,Clouds,-5.169999999999959,0.0,90,1702
2013-01-19 09:00:00,9,Saturday,January,Clouds,-2.1299999999999955,0.0,75,3346
2013-01-19 13:00:00,13,Saturday,January,Clouds,3.9500000000000455,0.0,75,4906
2013-01-19 15:00:00,15,Saturday,January,Clouds,3.590000000000032,0.0,75,4791
2013-01-19 18:00:00,18,Saturday,January,Clouds,0.8700000000000045,0.0,20,4530
2013-01-20 05:00:00,5,Sunday,January,Clouds,-1.7999999999999545,0.0,90,419
2013-01-20 14:00:00,14,Sunday,January,Clouds,-2.2299999999999613,0.0,58,3795
2013-01-20 17:00:00,17,Sunday,January,Snow,-9.169999999999959,0.0,75,3455
2013-01-20 18:00:00,18,Sunday,January,Clouds,-12.539999999999964,0.0,75,3075
2013-01-20 22:00:00,22,Sunday,January,Clouds,-15.939999999999998,0.0,90,2215
2013-01-20 23:00:00,23,Sunday,January,Clouds,-16.609999999999957,0.0,20,1031
2013-01-21 08:00:00,8,Monday,January,Clouds,-18.44999999999999,0.0,90,3731
2013-01-21 10:00:00,10,Monday,January,Clouds,-17.0,0.0,75,3339
2013-01-21 16:00:00,16,Monday,January,Clouds,-14.109999999999957,0.0,90,4561
2013-01-21 17:00:00,17,Monday,January,Snow,-14.45999999999998,0.0,90,4420
2013-01-21 19:00:00,19,Monday,January,Snow,-15.489999999999952,0.0,90,2545
2013-01-22 02:00:00,2,Tuesday,January,Clouds,-22.519999999999982,0.0,42,185
2013-01-22 12:00:00,12,Tuesday,January,Haze,-21.589999999999975,0.0,40,4551
2013-01-22 16:00:00,16,Tuesday,January,Clouds,-20.339999999999975,0.0,40,6331
2013-01-23 02:00:00,2,Wednesday,January,Clouds,-25.98999999999998,0.0,11,248
2013-01-23 08:00:00,8,Wednesday,January,Clouds,-24.669999999999987,0.0,20,6106
2013-01-23 09:00:00,9,Wednesday,January,Clouds,-23.23999999999998,0.0,20,5394
2013-01-23 16:00:00,16,Wednesday,January,Clouds,-17.68999999999997,0.0,90,6606
2013-01-23 19:00:00,19,Wednesday,January,Clouds,-17.299999999999983,0.0,90,3062
2013-01-24 01:00:00,1,Thursday,January,Clouds,-14.70999999999998,0.0,90,289
2013-01-24 16:00:00,16,Thursday,January,Clouds,-13.529999999999973,0.0,40,6661
2013-01-24 23:00:00,23,Thursday,January,Clear,-20.319999999999965,0.0,1,1172
2013-01-25 10:00:00,10,Friday,January,Clouds,-18.49999999999997,0.0,90,4463
2013-01-25 17:00:00,17,Friday,January,Clouds,-12.92999999999995,0.0,75,6142
2013-01-25 20:00:00,20,Friday,January,Clouds,-12.509999999999991,0.0,90,3033
2013-01-25 23:00:00,23,Friday,January,Clouds,-10.96999999999997,0.0,90,1690
2013-01-26 10:00:00,10,Saturday,January,Snow,-8.099999999999966,0.0,75,3991
2013-01-27 01:00:00,1,Sunday,January,Clear,-16.00999999999999,0.0,1,937
2013-01-27 07:00:00,7,Sunday,January,Clouds,-17.19999999999999,0.0,40,1153
2013-01-27 08:00:00,8,Sunday,January,Clouds,-16.810000000000002,0.0,75,1839
2013-01-27 16:00:00,16,Sunday,January,Clouds,-5.739999999999952,0.0,90,2529
2013-01-27 17:00:00,17,Sunday,January,Clouds,-5.739999999999952,0.0,90,2347
2013-01-27 20:00:00,20,Sunday,January,Clouds,-5.169999999999959,0.0,90,1408
2013-01-27 23:00:00,23,Sunday,January,Clouds,-4.889999999999986,0.0,90,692
2013-01-28 00:00:00,0,Monday,January,Clouds,-4.829999999999984,0.0,75,383
2013-01-28 11:00:00,11,Monday,January,Clouds,-0.01999999999998181,0.0,90,4033
2013-01-30 01:00:00,1,Wednesday,January,Mist,-0.0999999999999659,0.0,90,370
2013-01-30 10:00:00,10,Wednesday,January,Clouds,0.6700000000000159,0.0,90,4389
2013-01-30 14:00:00,14,Wednesday,January,Clouds,1.5900000000000318,0.0,90,5061
2013-01-30 16:00:00,16,Wednesday,January,Clouds,0.8300000000000409,0.0,90,6617
2013-01-30 18:00:00,18,Wednesday,January,Clouds,-0.12999999999999545,0.0,90,4679
2013-01-30 21:00:00,21,Wednesday,January,Clouds,-1.92999999999995,0.0,90,2734
2013-01-31 05:00:00,5,Thursday,January,Clouds,-4.489999999999952,0.0,75,2533
2013-01-31 06:00:00,6,Thursday,January,Clouds,-6.0,0.0,90,5348
2013-01-31 13:00:00,13,Thursday,January,Clouds,-11.620000000000005,0.0,100,4962
2013-01-31 21:00:00,21,Thursday,January,Clouds,-19.379999999999967,0.0,99,2545
2013-02-01 17:00:00,17,Friday,February,Clouds,-21.379999999999967,0.0,83,4909
2013-02-01 18:00:00,18,Friday,February,Clouds,-22.909999999999968,0.0,70,4053
2013-02-01 22:00:00,22,Friday,February,Clouds,-23.45999999999998,0.0,59,2320
2013-02-01 23:00:00,23,Friday,February,Clouds,-21.919999999999987,0.0,84,1517
2013-02-02 01:00:00,1,Saturday,February,Clouds,-23.00999999999999,0.0,89,580
2013-02-02 03:00:00,3,Saturday,February,Clouds,-28.329999999999984,0.0,11,354
2013-02-02 09:00:00,9,Saturday,February,Clear,-22.73999999999998,0.0,3,3438
2013-02-02 11:00:00,11,Saturday,February,Clear,-22.73999999999998,0.0,3,4420
2013-02-02 12:00:00,12,Saturday,February,Clouds,-18.68999999999997,0.0,56,4907
2013-02-02 14:00:00,14,Saturday,February,Clouds,-18.68999999999997,0.0,56,4684
2013-02-02 20:00:00,20,Saturday,February,Clouds,-16.47999999999996,0.0,85,2768
2013-02-02 22:00:00,22,Saturday,February,Clouds,-16.70999999999998,0.0,93,2752
2013-02-03 00:00:00,0,Sunday,February,Clouds,-18.70999999999998,0.0,98,1103
2013-02-03 01:00:00,1,Sunday,February,Clouds,-18.70999999999998,0.0,98,730
2013-02-03 02:00:00,2,Sunday,February,Clouds,-20.409999999999968,0.0,100,579
2013-02-03 04:00:00,4,Sunday,February,Clouds,-23.639999999999986,0.0,88,255
2013-02-03 05:00:00,5,Sunday,February,Clouds,-23.639999999999986,0.0,88,425
2013-02-03 11:00:00,11,Sunday,February,Clouds,-18.47999999999999,0.0,59,3555
2013-02-03 16:00:00,16,Sunday,February,Clouds,-16.139999999999986,0.0,93,4665
2013-02-04 12:00:00,12,Monday,February,Clouds,-12.599999999999966,0.0,38,4506
2013-02-04 20:00:00,20,Monday,February,Clouds,-12.409999999999968,0.0,99,2519
2013-02-05 11:00:00,11,Tuesday,February,Clear,-15.269999999999982,0.0,1,4435
2013-02-05 12:00:00,12,Tuesday,February,Clouds,-13.120000000000005,0.0,40,4680
2013-02-06 00:00:00,0,Wednesday,February,Clouds,-9.95999999999998,0.0,100,526
2013-02-06 01:00:00,1,Wednesday,February,Clouds,-6.669999999999959,0.0,98,294
2013-02-06 03:00:00,3,Wednesday,February,Clouds,-6.029999999999973,0.0,75,315
2013-02-06 05:00:00,5,Wednesday,February,Snow,-5.089999999999975,0.0,90,2605
2013-02-06 11:00:00,11,Wednesday,February,Clouds,-2.609999999999957,0.0,90,4034
2013-02-07 07:00:00,7,Thursday,February,Clouds,-10.129999999999995,0.0,87,6274
2013-02-07 08:00:00,8,Thursday,February,Clouds,-10.129999999999995,0.0,87,6076
2013-02-07 13:00:00,13,Thursday,February,Haze,-5.6200000000000045,0.0,90,4995
2013-02-07 17:00:00,17,Thursday,February,Haze,-4.979999999999961,0.0,90,6050
2013-02-07 19:00:00,19,Thursday,February,Clear,-4.979999999999961,0.0,1,3282
2013-02-07 20:00:00,20,Thursday,February,Haze,-5.069999999999993,0.0,90,3019
2013-02-07 21:00:00,21,Thursday,February,Haze,-4.75,0.0,90,3924
2013-02-08 03:00:00,3,Friday,February,Mist,-4.189999999999998,0.0,90,339
2013-02-08 05:00:00,5,Friday,February,Mist,-4.419999999999959,0.0,90,2391
2013-02-08 08:00:00,8,Friday,February,Mist,-4.519999999999982,0.0,90,5940
2013-02-08 09:00:00,9,Friday,February,Mist,-4.319999999999993,0.0,90,5044
2013-02-08 16:00:00,16,Friday,February,Clouds,-2.8999999999999773,0.0,90,6579
2013-02-08 17:00:00,17,Friday,February,Clouds,-2.8100000000000023,0.0,90,6095
2013-02-08 18:00:00,18,Friday,February,Clouds,-2.9399999999999977,0.0,90,4831
2013-02-08 21:00:00,21,Friday,February,Clouds,-3.67999999999995,0.0,90,2861
2013-02-09 05:00:00,5,Saturday,February,Clouds,-5.71999999999997,0.0,90,730
2013-02-09 16:00:00,16,Saturday,February,Clear,-4.019999999999982,0.0,1,4880
2013-02-09 17:00:00,17,Saturday,February,Clear,-4.739999999999952,0.0,1,4374
2013-02-09 19:00:00,19,Saturday,February,Clouds,-5.919999999999959,0.0,40,3334
2013-02-09 23:00:00,23,Saturday,February,Clouds,-4.269999999999982,0.0,90,1997
2013-02-10 02:00:00,2,Sunday,February,Clouds,-3.9599999999999795,0.0,90,605
2013-02-10 07:00:00,7,Sunday,February,Haze,-3.2199999999999704,0.0,90,901
2013-02-10 17:00:00,17,Sunday,February,Mist,-0.6899999999999977,0.0,90,2230
2013-02-10 19:00:00,19,Sunday,February,Mist,-1.169999999999959,0.0,90,1539
2013-02-11 05:00:00,5,Monday,February,Snow,-2.2899999999999636,0.0,90,2419
2013-02-11 14:00:00,14,Monday,February,Snow,-0.23999999999995225,0.0,90,4723
2013-02-11 16:00:00,16,Monday,February,Mist,0.26000000000004775,0.0,90,6202
2013-02-11 17:00:00,17,Monday,February,Mist,0.4399999999999977,0.0,90,5789
2013-02-11 20:00:00,20,Monday,February,Snow,-0.009999999999990905,0.0,90,2452
2013-02-12 03:00:00,3,Tuesday,February,Snow,-1.7799999999999727,0.0,90,343
2013-02-12 04:00:00,4,Tuesday,February,Snow,-2.2299999999999613,0.0,90,782
2013-02-12 09:00:00,9,Tuesday,February,Clouds,-3.67999999999995,0.0,90,5011
2013-02-12 12:00:00,12,Tuesday,February,Clouds,-3.019999999999982,0.0,90,4759
2013-02-12 15:00:00,15,Tuesday,February,Clouds,-4.0,0.0,90,5716
2013-02-12 17:00:00,17,Tuesday,February,Clouds,-4.739999999999952,0.0,90,6079
2013-02-12 18:00:00,18,Tuesday,February,Clouds,-4.609999999999957,0.0,90,4623
2013-02-12 22:00:00,22,Tuesday,February,Clouds,-6.0,0.0,90,1622
2013-02-13 01:00:00,1,Wednesday,February,Clear,-9.67999999999995,0.0,0,333
2013-02-13 08:00:00,8,Wednesday,February,Clouds,-6.25,0.0,77,6544
2013-02-13 14:00:00,14,Wednesday,February,Clouds,0.7400000000000091,0.0,20,5313
2013-02-13 19:00:00,19,Wednesday,February,Clouds,-3.1999999999999886,0.0,20,3098
2013-02-13 20:00:00,20,Wednesday,February,Clouds,-3.569999999999993,0.0,40,2896
2013-02-14 01:00:00,1,Thursday,February,Clouds,-5.659999999999968,0.0,75,375
2013-02-14 04:00:00,4,Thursday,February,Clouds,-6.329999999999984,0.0,90,749
2013-02-14 06:00:00,6,Thursday,February,Clouds,-6.889999999999986,0.0,90,5016
2013-02-14 14:00:00,14,Thursday,February,Clouds,2.8799999999999955,0.0,75,5493
2013-02-14 22:00:00,22,Thursday,February,Snow,0.30000000000001137,0.0,90,3814
2013-02-14 23:00:00,23,Thursday,February,Snow,0.20000000000004547,0.0,90,1613
2013-02-15 00:00:00,0,Friday,February,Snow,0.29000000000002046,0.0,90,792
2013-02-15 14:00:00,14,Friday,February,Clouds,-2.069999999999993,0.0,75,5748
2013-02-15 17:00:00,17,Friday,February,Clouds,-4.109999999999957,0.0,75,5915
2013-02-15 19:00:00,19,Friday,February,Clouds,-5.939999999999998,0.0,75,3900
2013-02-15 22:00:00,22,Friday,February,Clouds,-8.769999999999982,0.0,20,2382
2013-02-16 02:00:00,2,Saturday,February,Clouds,-12.259999999999991,0.0,75,567
2013-02-16 05:00:00,5,Saturday,February,Clouds,-14.17999999999995,0.0,75,689
2013-02-16 09:00:00,9,Saturday,February,Clouds,-13.399999999999977,0.0,20,3798
2013-02-16 13:00:00,13,Saturday,February,Clouds,-8.979999999999961,0.0,20,4689
2013-02-16 16:00:00,16,Saturday,February,Clear,-8.449999999999989,0.0,1,4880
2013-02-16 21:00:00,21,Saturday,February,Clear,-13.25,0.0,1,3045
2013-02-17 02:00:00,2,Sunday,February,Mist,-16.489999999999952,0.0,75,613
2013-02-17 05:00:00,5,Sunday,February,Snow,-16.439999999999998,0.0,90,426
2013-02-17 11:00:00,11,Sunday,February,Haze,-11.859999999999957,0.0,75,3580
2013-02-17 14:00:00,14,Sunday,February,Clouds,-8.389999999999986,0.0,20,4422
2013-02-17 16:00:00,16,Sunday,February,Clouds,-7.899999999999977,0.0,20,4208
2013-02-17 21:00:00,21,Sunday,February,Clear,-14.009999999999991,0.0,1,2185
2013-02-18 01:00:00,1,Monday,February,Clouds,-13.599999999999966,0.0,20,379
2013-02-18 02:00:00,2,Monday,February,Clouds,-12.979999999999961,0.0,90,338
2013-02-18 03:00:00,3,Monday,February,Clouds,-12.539999999999964,0.0,40,295
2013-02-18 08:00:00,8,Monday,February,Clouds,-10.939999999999998,0.0,75,4718
2013-02-18 11:00:00,11,Monday,February,Clouds,-4.6299999999999955,0.0,75,4277
2013-02-18 16:00:00,16,Monday,February,Clouds,-0.6699999999999591,0.0,75,5466
2013-02-18 19:00:00,19,Monday,February,Clouds,-1.579999999999984,0.0,90,2816
2013-02-19 01:00:00,1,Tuesday,February,Clouds,-2.079999999999984,0.0,75,292
2013-02-19 06:00:00,6,Tuesday,February,Clouds,-1.919999999999959,0.0,90,5741
2013-02-19 13:00:00,13,Tuesday,February,Clouds,-3.3799999999999955,0.0,90,4756
2013-02-19 16:00:00,16,Tuesday,February,Clouds,-7.310000000000002,0.0,90,6425
2013-02-19 19:00:00,19,Tuesday,February,Snow,-10.549999999999955,0.0,90,3126
2013-02-19 20:00:00,20,Tuesday,February,Snow,-11.199999999999989,0.0,90,2731
2013-02-19 21:00:00,21,Tuesday,February,Snow,-12.129999999999995,0.0,90,2343
2013-02-20 01:00:00,1,Wednesday,February,Snow,-13.859999999999957,0.0,90,295
2013-02-20 08:00:00,8,Wednesday,February,Snow,-16.849999999999966,0.0,75,6125
2013-02-20 11:00:00,11,Wednesday,February,Haze,-15.089999999999975,0.0,40,4608
2013-02-20 17:00:00,17,Wednesday,February,Clear,-14.199999999999989,0.0,1,6153
2013-02-20 22:00:00,22,Wednesday,February,Clear,-17.149999999999977,0.0,1,1635
2013-02-21 04:00:00,4,Thursday,February,Clear,-20.069999999999965,0.0,1,791
2013-02-21 06:00:00,6,Thursday,February,Clear,-20.93999999999997,0.0,1,5685
2013-02-21 22:00:00,22,Thursday,February,Clouds,-13.199999999999989,0.0,90,2049
2013-02-22 06:00:00,6,Friday,February,Clear,-14.879999999999995,0.0,1,4068
2013-02-22 10:00:00,10,Friday,February,Clouds,-11.089999999999975,0.0,75,3479
2013-02-22 11:00:00,11,Friday,February,Clouds,-9.45999999999998,0.0,75,3541
2013-02-22 16:00:00,16,Friday,February,Clouds,-6.319999999999993,0.0,90,5830
2013-02-22 17:00:00,17,Friday,February,Clouds,-6.199999999999989,0.0,90,5433
2013-02-22 19:00:00,19,Friday,February,Clouds,-6.2999999999999545,0.0,90,3254
2013-02-22 21:00:00,21,Friday,February,Clouds,-6.159999999999968,0.0,90,2566
2013-02-23 00:00:00,0,Saturday,February,Snow,-6.159999999999968,0.0,90,1059
2013-02-23 09:00:00,9,Saturday,February,Snow,-5.919999999999959,0.0,90,3524
2013-02-23 16:00:00,16,Saturday,February,Snow,-3.1499999999999773,0.0,90,4588
2013-02-23 21:00:00,21,Saturday,February,Snow,-4.71999999999997,0.0,90,2929
2013-02-24 01:00:00,1,Sunday,February,Snow,-6.7999999999999545,0.0,90,785
2013-02-24 05:00:00,5,Sunday,February,Mist,-6.339999999999975,0.0,90,454
2013-02-24 10:00:00,10,Sunday,February,Mist,-4.329999999999984,0.0,90,3229
2013-02-24 16:00:00,16,Sunday,February,Clouds,-1.919999999999959,0.0,75,4473
2013-02-24 19:00:00,19,Sunday,February,Clouds,-5.199999999999989,0.0,90,2693
2013-02-24 22:00:00,22,Sunday,February,Mist,-7.060000000000002,0.0,75,1289
2013-02-25 03:00:00,3,Monday,February,Mist,-10.71999999999997,0.0,90,291
2013-02-25 04:00:00,4,Monday,February,Mist,-11.419999999999959,0.0,90,778
2013-02-25 12:00:00,12,Monday,February,Clouds,-1.6499999999999773,0.0,90,4734
2013-02-25 14:00:00,14,Monday,February,Clouds,0.28000000000002956,0.0,90,5108
2013-02-25 17:00:00,17,Monday,February,Clouds,-0.4399999999999977,0.0,75,5941
2013-02-26 04:00:00,4,Tuesday,February,Haze,-4.3799999999999955,0.0,90,808
2013-02-26 05:00:00,5,Tuesday,February,Haze,-4.759999999999991,0.0,90,2572
2013-02-26 06:00:00,6,Tuesday,February,Haze,-4.449999999999989,0.0,90,5886
2013-02-26 09:00:00,9,Tuesday,February,Haze,-3.2299999999999613,0.0,90,5134
2013-02-26 12:00:00,12,Tuesday,February,Haze,-0.06999999999999318,0.0,90,4791
2013-02-26 14:00:00,14,Tuesday,February,Haze,1.2300000000000182,0.0,75,5162
2013-02-26 16:00:00,16,Tuesday,February,Haze,1.1299999999999955,0.0,20,6776
2013-02-26 17:00:00,17,Tuesday,February,Haze,0.5,0.0,20,6543
2013-02-27 04:00:00,4,Wednesday,February,Mist,-9.0,0.0,90,773
2013-02-27 06:00:00,6,Wednesday,February,Mist,-8.42999999999995,0.0,90,5881
2013-02-27 10:00:00,10,Wednesday,February,Mist,-3.6499999999999773,0.0,90,4595
2013-02-27 13:00:00,13,Wednesday,February,Haze,0.9200000000000159,0.0,40,4899
2013-02-27 18:00:00,18,Wednesday,February,Clouds,0.9500000000000455,0.0,90,4580
2013-02-27 22:00:00,22,Wednesday,February,Clouds,-0.6499999999999773,0.0,90,1771
2013-02-27 23:00:00,23,Wednesday,February,Clouds,-1.0699999999999932,0.0,90,1150
2013-02-28 03:00:00,3,Thursday,February,Clouds,-1.92999999999995,0.0,90,335
2013-02-28 04:00:00,4,Thursday,February,Clouds,-1.9399999999999977,0.0,90,767
2013-02-28 05:00:00,5,Thursday,February,Clouds,-1.9699999999999704,0.0,90,2579
2013-02-28 06:00:00,6,Thursday,February,Clouds,-2.109999999999957,0.0,90,5853
2013-02-28 07:00:00,7,Thursday,February,Clouds,-2.1899999999999977,0.0,90,7029
2013-02-28 18:00:00,18,Thursday,February,Clouds,0.5,0.0,90,4858
2013-02-28 20:00:00,20,Thursday,February,Clouds,-1.3100000000000023,0.0,90,3048
2013-03-01 07:00:00,7,Friday,March,Clouds,-1.669999999999959,0.0,90,6864
2013-03-01 14:00:00,14,Friday,March,Clouds,-1.4499999999999886,0.0,90,5803
2013-03-01 15:00:00,15,Friday,March,Clouds,-1.5,0.0,90,6453
2013-03-01 17:00:00,17,Friday,March,Clouds,-2.159999999999968,0.0,90,6296
2013-03-02 13:00:00,13,Saturday,March,Clouds,-2.6899999999999977,0.0,90,5190
2013-03-03 02:00:00,2,Sunday,March,Clear,-11.349999999999966,0.0,1,666
2013-03-03 04:00:00,4,Sunday,March,Clear,-13.109999999999957,0.0,1,277
2013-03-03 07:00:00,7,Sunday,March,Clear,-14.949999999999989,0.0,1,1039
2013-03-03 10:00:00,10,Sunday,March,Clear,-7.329999999999984,0.0,1,3322
2013-03-03 16:00:00,16,Sunday,March,Clouds,-1.599999999999966,0.0,75,4356
2013-03-04 07:00:00,7,Monday,March,Clouds,-7.689999999999998,0.0,75,5281
2013-03-04 11:00:00,11,Monday,March,Clouds,-2.259999999999991,0.0,20,3892
2013-03-04 16:00:00,16,Monday,March,Clouds,0.060000000000002274,0.0,75,6235
2013-03-04 20:00:00,20,Monday,March,Clouds,-2.2799999999999727,0.0,75,2093
2013-03-04 22:00:00,22,Monday,March,Clouds,-2.5600000000000023,0.0,90,1343
2013-03-05 02:00:00,2,Tuesday,March,Clouds,-2.8899999999999864,0.0,90,289
2013-03-05 05:00:00,5,Tuesday,March,Snow,-3.5600000000000023,0.0,90,2410
2013-03-05 08:00:00,8,Tuesday,March,Snow,-4.539999999999964,0.0,90,3380
2013-03-05 10:00:00,10,Tuesday,March,Snow,-4.359999999999957,0.0,90,2935
2013-03-05 16:00:00,16,Tuesday,March,Clouds,-3.6899999999999977,0.0,90,4805
2013-03-05 23:00:00,23,Tuesday,March,Snow,-4.42999999999995,0.0,90,994
2013-03-06 18:00:00,18,Wednesday,March,Snow,-2.7099999999999795,0.0,75,4906
2013-03-06 20:00:00,20,Wednesday,March,Clouds,-3.7299999999999613,0.0,90,3072
2013-03-06 21:00:00,21,Wednesday,March,Clouds,-4.489999999999952,0.0,90,2562
2013-03-07 04:00:00,4,Thursday,March,Clouds,-6.289999999999964,0.0,90,782
2013-03-07 14:00:00,14,Thursday,March,Clouds,-2.659999999999968,0.0,90,5452
2013-03-07 20:00:00,20,Thursday,March,Clouds,-6.8700000000000045,0.0,20,3328
2013-03-08 00:00:00,0,Friday,March,Mist,-10.849999999999966,0.0,1,811
2013-03-08 04:00:00,4,Friday,March,Mist,-13.46999999999997,0.0,75,722
2013-03-08 09:00:00,9,Friday,March,Mist,-10.20999999999998,0.0,75,5228
2013-03-08 12:00:00,12,Friday,March,Clouds,-2.169999999999959,0.0,75,5610
2013-03-08 15:00:00,15,Friday,March,Clear,-0.3299999999999841,0.0,1,6023
2013-03-08 17:00:00,17,Friday,March,Clouds,-0.7799999999999727,0.0,75,5836
2013-03-08 20:00:00,20,Friday,March,Clouds,-3.0299999999999727,0.0,75,3302
2013-03-08 21:00:00,21,Friday,March,Clear,-3.609999999999957,0.0,1,3125
2013-03-09 01:00:00,1,Saturday,March,Clear,-5.689999999999998,0.0,1,747
2013-03-09 02:00:00,2,Saturday,March,Clear,-6.269999999999982,0.0,1,624
2013-03-09 17:00:00,17,Saturday,March,Haze,2.9600000000000364,0.0,90,4361
2013-03-09 23:00:00,23,Saturday,March,Haze,1.4700000000000273,0.0,90,1755
2013-03-10 19:00:00,19,Sunday,March,Rain,2.2100000000000364,0.0,90,2743
2013-03-10 22:00:00,22,Sunday,March,Mist,1.6800000000000068,0.0,90,2462
2013-03-10 23:00:00,23,Sunday,March,Fog,1.5200000000000387,0.0,90,1070
2013-03-11 05:00:00,5,Monday,March,Clouds,1.0100000000000477,0.0,90,2338
2013-03-11 18:00:00,18,Monday,March,Clouds,0.1400000000000432,0.0,90,4182
2013-03-11 21:00:00,21,Monday,March,Clouds,-0.7899999999999636,0.0,90,2221
2013-03-12 02:00:00,2,Tuesday,March,Clouds,-1.9899999999999523,0.0,90,258
2013-03-12 03:00:00,3,Tuesday,March,Clouds,-2.1399999999999864,0.0,90,321
2013-03-12 06:00:00,6,Tuesday,March,Clouds,-2.9399999999999977,0.0,90,5591
2013-03-12 09:00:00,9,Tuesday,March,Clouds,-3.269999999999982,0.0,90,5013
2013-03-12 22:00:00,22,Tuesday,March,Clouds,-3.319999999999993,0.0,75,3271
2013-03-13 10:00:00,10,Wednesday,March,Clouds,-4.819999999999993,0.0,75,4784
2013-03-13 16:00:00,16,Wednesday,March,Clouds,-2.0499999999999545,0.0,90,6486
2013-03-13 18:00:00,18,Wednesday,March,Snow,-2.609999999999957,0.0,75,4628
2013-03-14 07:00:00,7,Thursday,March,Clear,-10.370000000000005,0.0,1,4423
2013-03-14 10:00:00,10,Thursday,March,Clear,-8.92999999999995,0.0,1,4580
2013-03-14 22:00:00,22,Thursday,March,Clear,-4.419999999999959,0.0,1,3350
2013-03-15 10:00:00,10,Friday,March,Haze,-2.3100000000000023,0.0,75,4492
2013-03-16 01:00:00,1,Saturday,March,Clear,-1.2699999999999818,0.0,1,815
2013-03-16 04:00:00,4,Saturday,March,Clouds,-0.8100000000000023,0.0,40,369
2013-03-16 07:00:00,7,Saturday,March,Mist,-0.42999999999995,0.0,90,2224
2013-03-16 22:00:00,22,Saturday,March,Snow,-2.8899999999999864,0.0,90,2919
2013-03-17 01:00:00,1,Sunday,March,Clouds,-4.659999999999968,0.0,97,1049
2013-03-17 03:00:00,3,Sunday,March,Clouds,-5.649999999999977,0.0,90,402
2013-03-17 07:00:00,7,Sunday,March,Clear,-7.5499999999999545,0.0,1,970
2013-03-17 10:00:00,10,Sunday,March,Clear,-7.17999999999995,0.0,1,3371
2013-03-17 16:00:00,16,Sunday,March,Clear,-3.7799999999999727,0.0,1,4272
2013-03-17 18:00:00,18,Sunday,March,Clear,-4.539999999999964,0.0,1,3543
2013-03-17 22:00:00,22,Sunday,March,Clear,-8.620000000000005,0.0,1,1729
2013-03-18 00:00:00,0,Monday,March,Clear,-10.5,0.0,1,593
2013-03-18 03:00:00,3,Monday,March,Clear,-12.609999999999957,0.0,1,308
2013-03-18 16:00:00,16,Monday,March,Clouds,-3.1299999999999955,0.0,75,5339
2013-03-18 21:00:00,21,Monday,March,Clouds,-3.4599999999999795,0.0,90,1966
2013-03-19 07:00:00,7,Tuesday,March,Snow,-2.6999999999999886,0.0,90,6574
2013-03-19 13:00:00,13,Tuesday,March,Snow,-5.8700000000000045,0.0,90,4802
2013-03-19 19:00:00,19,Tuesday,March,Snow,-8.449999999999989,0.0,90,3463
2013-03-19 23:00:00,23,Tuesday,March,Clouds,-10.42999999999995,0.0,90,2676
2013-03-20 00:00:00,0,Wednesday,March,Clouds,-10.819999999999993,0.0,90,685
2013-03-20 07:00:00,7,Wednesday,March,Clear,-13.819999999999993,0.0,1,6761
2013-03-20 12:00:00,12,Wednesday,March,Clear,-9.120000000000005,0.0,1,4814
2013-03-20 14:00:00,14,Wednesday,March,Clear,-6.7999999999999545,0.0,1,5470
2013-03-20 19:00:00,19,Wednesday,March,Snow,-7.279999999999973,0.0,1,3444
2013-03-20 22:00:00,22,Wednesday,March,Clear,-11.0,0.0,1,1727
2013-03-21 00:00:00,0,Thursday,March,Clear,-12.20999999999998,0.0,1,595
2013-03-21 08:00:00,8,Thursday,March,Haze,-14.819999999999993,0.0,1,6005
2013-03-21 10:00:00,10,Thursday,March,Clear,-12.149999999999977,0.0,1,4433
2013-03-21 15:00:00,15,Thursday,March,Snow,-6.75,0.0,1,5836
2013-03-21 16:00:00,16,Thursday,March,Clear,-6.3799999999999955,0.0,1,6466
2013-03-21 17:00:00,17,Thursday,March,Clear,-6.079999999999984,0.0,1,6246
2013-03-22 04:00:00,4,Friday,March,Clear,-14.560000000000002,0.0,1,673
2013-03-22 18:00:00,18,Friday,March,Clear,-3.0,0.0,1,4762
2013-03-23 00:00:00,0,Saturday,March,Clear,-9.539999999999964,0.0,1,1266
2013-03-23 01:00:00,1,Saturday,March,Clear,-10.139999999999986,0.0,1,798
2013-03-23 04:00:00,4,Saturday,March,Clear,-11.96999999999997,0.0,1,394
2013-03-23 05:00:00,5,Saturday,March,Clear,-12.069999999999993,0.0,1,734
2013-03-23 08:00:00,8,Saturday,March,Clear,-13.189999999999998,0.0,1,2918
2013-03-23 10:00:00,10,Saturday,March,Clear,-8.279999999999973,0.0,1,4081
2013-03-23 11:00:00,11,Saturday,March,Clear,-4.669999999999959,0.0,1,4531
2013-03-23 12:00:00,12,Saturday,March,Clear,-2.2399999999999523,0.0,1,4999
2013-03-23 14:00:00,14,Saturday,March,Clear,0.660000000000025,0.0,1,4740
2013-03-23 22:00:00,22,Saturday,March,Clear,-2.669999999999959,0.0,1,4260
2013-03-24 02:00:00,2,Sunday,March,Clear,-4.21999999999997,0.0,1,647
2013-03-24 08:00:00,8,Sunday,March,Clear,-8.799999999999955,0.0,1,1774
2013-03-24 15:00:00,15,Sunday,March,Clear,2.9500000000000455,0.0,1,4502
2013-03-24 17:00:00,17,Sunday,March,Clear,2.7200000000000273,0.0,1,4111
2013-03-24 18:00:00,18,Sunday,March,Clouds,2.4399999999999977,0.0,40,3496
2013-03-24 20:00:00,20,Sunday,March,Clear,0.4200000000000159,0.0,1,2677
2013-03-25 05:00:00,5,Monday,March,Clouds,-2.519999999999982,0.0,90,2460
2013-03-25 12:00:00,12,Monday,March,Clouds,-0.6699999999999591,0.0,75,4677
2013-03-25 17:00:00,17,Monday,March,Clouds,-0.3299999999999841,0.0,90,5589
2013-03-25 20:00:00,20,Monday,March,Clouds,-0.9499999999999886,0.0,90,2547
2013-03-26 11:00:00,11,Tuesday,March,Clear,-1.6099999999999568,0.0,1,4545
2013-03-26 15:00:00,15,Tuesday,March,Clear,2.590000000000032,0.0,1,5546
2013-03-26 16:00:00,16,Tuesday,March,Clear,2.920000000000016,0.0,1,6376
2013-03-26 20:00:00,20,Tuesday,March,Clear,1.25,0.0,1,2738
2013-03-27 00:00:00,0,Wednesday,March,Clouds,-1.329999999999984,0.0,90,563
2013-03-27 03:00:00,3,Wednesday,March,Clouds,-2.269999999999982,0.0,90,326
2013-03-27 10:00:00,10,Wednesday,March,Clouds,-2.4699999999999704,0.0,90,4376
2013-03-27 11:00:00,11,Wednesday,March,Clouds,-0.7699999999999818,0.0,90,4723
2013-03-27 15:00:00,15,Wednesday,March,Clear,3.2000000000000455,0.0,1,5646
2013-03-27 18:00:00,18,Wednesday,March,Clouds,3.180000000000007,0.0,90,4743
2013-03-27 20:00:00,20,Wednesday,March,Clear,1.5400000000000205,0.0,1,2941
2013-03-28 06:00:00,6,Thursday,March,Clouds,-4.67999999999995,0.0,75,5410
2013-03-28 08:00:00,8,Thursday,March,Clear,-5.579999999999984,0.0,1,5963
2013-03-28 14:00:00,14,Thursday,March,Clear,5.090000000000032,0.0,1,5517
2013-03-28 17:00:00,17,Thursday,March,Clear,4.900000000000034,0.0,1,5892
2013-03-28 21:00:00,21,Thursday,March,Clear,0.9700000000000273,0.0,1,3005
2013-03-28 22:00:00,22,Thursday,March,Clear,-0.6899999999999977,0.0,1,2034
2013-03-28 23:00:00,23,Thursday,March,Clear,-1.5699999999999932,0.0,1,1273
2013-03-29 00:00:00,0,Friday,March,Clear,-2.5600000000000023,0.0,1,777
2013-03-29 03:00:00,3,Friday,March,Clear,-4.359999999999957,0.0,1,304
2013-03-29 04:00:00,4,Friday,March,Clear,-5.089999999999975,0.0,1,679
2013-03-29 06:00:00,6,Friday,March,Clear,-6.029999999999973,0.0,1,4537
2013-03-29 07:00:00,7,Friday,March,Clear,-6.419999999999959,0.0,1,5540
2013-03-29 11:00:00,11,Friday,March,Clouds,2.650000000000034,0.0,90,5138
2013-03-29 14:00:00,14,Friday,March,Clouds,5.75,0.0,75,5743
2013-03-29 16:00:00,16,Friday,March,Clear,6.470000000000027,0.0,1,5998
2013-03-29 19:00:00,19,Friday,March,Clear,5.6200000000000045,0.0,1,3461
2013-03-30 01:00:00,1,Saturday,March,Clear,-0.7199999999999704,0.0,1,706
2013-03-30 15:00:00,15,Saturday,March,Clear,8.25,0.0,1,4443
2013-03-30 16:00:00,16,Saturday,March,Clouds,8.960000000000036,0.0,75,4389
2013-03-30 22:00:00,22,Saturday,March,Clouds,5.050000000000011,0.0,75,4058
2013-03-31 01:00:00,1,Sunday,March,Drizzle,5.1299999999999955,0.0,75,742
2013-03-31 02:00:00,2,Sunday,March,Drizzle,5.310000000000002,0.0,90,607
2013-03-31 09:00:00,9,Sunday,March,Rain,3.8600000000000136,0.0,90,2384
2013-03-31 15:00:00,15,Sunday,March,Clear,10.379999999999995,0.0,1,4003
2013-03-31 21:00:00,21,Sunday,March,Clouds,5.350000000000023,0.0,99,2720
2013-04-01 02:00:00,2,Monday,April,Mist,1.0200000000000387,0.0,75,248
2013-04-01 06:00:00,6,Monday,April,Mist,0.4200000000000159,0.0,90,5522
2013-04-01 07:00:00,7,Monday,April,Mist,0.6700000000000159,0.0,90,6597
2013-04-01 08:00:00,8,Monday,April,Mist,0.8900000000000432,0.0,90,5875
2013-04-01 17:00:00,17,Monday,April,Clouds,1.7700000000000387,0.0,20,5939
2013-04-01 18:00:00,18,Monday,April,Clear,1.25,0.0,1,4507
2013-04-01 19:00:00,19,Monday,April,Clouds,0.2300000000000182,0.0,20,3127
2013-04-02 01:00:00,1,Tuesday,April,Clear,-5.439999999999998,0.0,1,320
2013-04-02 02:00:00,2,Tuesday,April,Clear,-5.899999999999977,0.0,1,267
2013-04-02 03:00:00,3,Tuesday,April,Clear,-6.539999999999964,0.0,1,321
2013-04-02 04:00:00,4,Tuesday,April,Clear,-7.189999999999998,0.0,1,763
2013-04-02 06:00:00,6,Tuesday,April,Clear,-7.9599999999999795,0.0,1,5678
2013-04-02 08:00:00,8,Tuesday,April,Clear,-8.089999999999975,0.0,1,6310
2013-04-02 11:00:00,11,Tuesday,April,Clear,-4.689999999999998,0.0,1,4761
2013-04-02 14:00:00,14,Tuesday,April,Clear,-0.7899999999999636,0.0,1,5358
2013-04-02 15:00:00,15,Tuesday,April,Clear,0.03000000000002956,0.0,1,5875
2013-04-02 17:00:00,17,Tuesday,April,Clear,0.6100000000000136,0.0,1,6326
2013-04-02 18:00:00,18,Tuesday,April,Clear,0.4900000000000091,0.0,1,4692
2013-04-02 19:00:00,19,Tuesday,April,Clear,0.060000000000002274,0.0,1,3382
2013-04-02 23:00:00,23,Tuesday,April,Clear,-3.6200000000000045,0.0,1,956
2013-04-03 03:00:00,3,Wednesday,April,Clear,-5.909999999999968,0.0,1,305
2013-04-04 04:00:00,4,Thursday,April,Clear,-6.319999999999993,0.0,1,762
2013-04-04 11:00:00,11,Thursday,April,Clear,2.3000000000000114,0.0,1,5365
2013-04-04 13:00:00,13,Thursday,April,Clear,4.57000000000005,0.0,1,5180
2013-04-04 23:00:00,23,Thursday,April,Clear,4.4500000000000455,0.0,1,1194
2013-04-05 00:00:00,0,Friday,April,Clear,4.460000000000036,0.0,1,632
2013-04-05 06:00:00,6,Friday,April,Clouds,4.75,0.0,75,5318
2013-04-05 12:00:00,12,Friday,April,Clear,7.28000000000003,0.0,1,5517
2013-04-05 23:00:00,23,Friday,April,Clear,1.8600000000000136,0.0,1,1610
2013-04-06 00:00:00,0,Saturday,April,Clear,0.6000000000000227,0.0,1,1037
2013-04-06 08:00:00,8,Saturday,April,Clear,-2.6200000000000045,0.0,1,2952
2013-04-06 09:00:00,9,Saturday,April,Clouds,-0.37000000000000455,0.0,20,3892
2013-04-06 12:00:00,12,Saturday,April,Clouds,4.140000000000043,0.0,40,4958
2013-04-06 14:00:00,14,Saturday,April,Clouds,5.470000000000027,0.0,90,4877
2013-04-06 16:00:00,16,Saturday,April,Snow,3.7200000000000273,0.0,90,4426
2013-04-06 20:00:00,20,Saturday,April,Snow,1.1200000000000045,0.0,90,2712
2013-04-07 01:00:00,1,Sunday,April,Clouds,2.0400000000000205,0.0,75,805
2013-04-07 03:00:00,3,Sunday,April,Clear,2.8100000000000023,0.0,1,312
2013-04-07 04:00:00,4,Sunday,April,Clear,3.1200000000000045,0.0,1,284
2013-04-07 12:00:00,12,Sunday,April,Clear,9.629999999999995,0.0,1,4342
2013-04-07 13:00:00,13,Sunday,April,Clouds,10.82000000000005,0.0,90,4254
2013-04-07 14:00:00,14,Sunday,April,Rain,10.53000000000003,0.0,90,4120
2013-04-07 17:00:00,17,Sunday,April,Rain,6.420000000000016,0.0,90,3994
2013-04-07 20:00:00,20,Sunday,April,Clouds,3.8500000000000227,0.0,90,2310
2013-04-08 00:00:00,0,Monday,April,Clouds,2.9700000000000273,0.0,90,596
2013-04-08 14:00:00,14,Monday,April,Clouds,6.3799999999999955,0.0,75,5326
2013-04-08 17:00:00,17,Monday,April,Clear,8.300000000000011,0.0,1,6278
2013-04-08 18:00:00,18,Monday,April,Clear,8.180000000000007,0.0,1,4356
2013-04-09 01:00:00,1,Tuesday,April,Rain,4.6299999999999955,0.0,90,316
2013-04-09 03:00:00,3,Tuesday,April,Rain,4.78000000000003,0.0,90,305
2013-04-09 14:00:00,14,Tuesday,April,Mist,6.420000000000016,0.0,90,5298
2013-04-09 15:00:00,15,Tuesday,April,Mist,6.75,0.0,90,5849
2013-04-09 16:00:00,16,Tuesday,April,Clouds,6.900000000000034,0.0,90,6564
2013-04-10 04:00:00,4,Wednesday,April,Clouds,3.160000000000025,0.0,90,752
2013-04-10 12:00:00,12,Wednesday,April,Rain,1.4300000000000068,0.0,90,4793
2013-04-11 00:00:00,0,Thursday,April,Snow,0.910000000000025,0.0,90,582
2013-04-11 03:00:00,3,Thursday,April,Clouds,-0.8599999999999568,0.0,90,331
2013-04-11 06:00:00,6,Thursday,April,Clouds,-0.7799999999999727,0.0,90,3973
2013-04-11 08:00:00,8,Thursday,April,Clouds,-0.06999999999999318,0.0,90,3069
2013-04-11 12:00:00,12,Thursday,April,Clouds,2.1200000000000045,0.0,90,3714
2013-04-11 16:00:00,16,Thursday,April,Clouds,3.0300000000000296,0.0,90,5668
2013-04-11 17:00:00,17,Thursday,April,Haze,3.140000000000043,0.0,90,5029
2013-04-11 19:00:00,19,Thursday,April,Snow,2.7200000000000273,0.0,90,2777
2013-04-11 20:00:00,20,Thursday,April,Snow,2.4700000000000273,0.0,90,2452
2013-04-12 01:00:00,1,Friday,April,Snow,1.7800000000000296,0.0,90,380
2013-04-12 04:00:00,4,Friday,April,Snow,1.3500000000000227,0.0,90,713
2013-04-12 05:00:00,5,Friday,April,Snow,0.5,0.0,90,2407
2013-04-12 06:00:00,6,Friday,April,Snow,-0.060000000000002274,0.0,90,5001
2013-04-12 14:00:00,14,Friday,April,Haze,1.2800000000000296,0.0,90,5649
2013-04-12 17:00:00,17,Friday,April,Mist,1.1100000000000136,0.0,90,5988
2013-04-13 05:00:00,5,Saturday,April,Snow,-2.2999999999999545,0.0,90,701
2013-04-13 11:00:00,11,Saturday,April,Snow,-0.2699999999999818,0.0,90,4668
2013-04-13 13:00:00,13,Saturday,April,Clouds,0.6500000000000341,0.0,90,5226
2013-04-13 14:00:00,14,Saturday,April,Clouds,1.4800000000000182,0.0,90,5173
2013-04-13 15:00:00,15,Saturday,April,Snow,1.670000000000016,0.0,90,4823
2013-04-13 19:00:00,19,Saturday,April,Snow,0.8300000000000409,0.0,90,3319
2013-04-13 20:00:00,20,Saturday,April,Snow,0.18000000000000682,0.0,90,2881
2013-04-14 00:00:00,0,Sunday,April,Snow,-1.2399999999999523,0.0,90,1329
2013-04-14 02:00:00,2,Sunday,April,Snow,-1.5199999999999818,0.0,90,690
2013-04-14 03:00:00,3,Sunday,April,Snow,-1.829999999999984,0.0,90,350
2013-04-14 05:00:00,5,Sunday,April,Mist,-2.0,0.0,90,459
2013-04-14 07:00:00,7,Sunday,April,Snow,-1.92999999999995,0.0,90,982
2013-04-14 10:00:00,10,Sunday,April,Clouds,-0.5199999999999818,0.0,90,2984
2013-04-14 15:00:00,15,Sunday,April,Clouds,1.6800000000000068,0.0,90,3861
2013-04-14 17:00:00,17,Sunday,April,Clouds,1.910000000000025,0.0,90,3726
2013-04-14 23:00:00,23,Sunday,April,Clear,-1.0600000000000023,0.0,1,907
2013-04-15 01:00:00,1,Monday,April,Clear,-1.4499999999999886,0.0,1,267
2013-04-15 05:00:00,5,Monday,April,Snow,-0.5399999999999636,0.0,90,2541
2013-04-15 10:00:00,10,Monday,April,Snow,-0.48999999999995225,0.0,90,4386
2013-04-15 17:00:00,17,Monday,April,Rain,0.37999999999999545,0.0,90,6400
2013-04-16 05:00:00,5,Tuesday,April,Clouds,0.8700000000000045,0.0,40,2705
2013-04-16 06:00:00,6,Tuesday,April,Clouds,0.37999999999999545,0.0,75,5994
2013-04-16 09:00:00,9,Tuesday,April,Clouds,0.6100000000000136,0.0,90,5046
2013-04-16 12:00:00,12,Tuesday,April,Clouds,2.3100000000000023,0.0,90,4876
2013-04-16 13:00:00,13,Tuesday,April,Clouds,2.7000000000000455,0.0,90,5004
2013-04-16 20:00:00,20,Tuesday,April,Clouds,2.7700000000000387,0.0,90,2964
2013-04-16 23:00:00,23,Tuesday,April,Clouds,1.7700000000000387,0.0,40,1108
2013-04-17 01:00:00,1,Wednesday,April,Clouds,1.5,0.0,75,343
2013-04-17 05:00:00,5,Wednesday,April,Clouds,0.6100000000000136,0.0,90,2610
2013-04-17 07:00:00,7,Wednesday,April,Clouds,0.6100000000000136,0.0,90,7039
2013-04-17 08:00:00,8,Wednesday,April,Clouds,0.7100000000000364,0.0,90,6303
2013-04-17 22:00:00,22,Wednesday,April,Clouds,3.2800000000000296,0.0,75,2003
2013-04-17 23:00:00,23,Wednesday,April,Clouds,2.3100000000000023,0.0,75,1022
2013-04-18 01:00:00,1,Thursday,April,Clear,1.830000000000041,0.0,1,321
2013-04-18 15:00:00,15,Thursday,April,Clouds,4.300000000000011,0.0,90,4192
2013-04-18 18:00:00,18,Thursday,April,Rain,3.490000000000009,0.0,90,2812
2013-04-18 19:00:00,19,Thursday,April,Rain,3.090000000000032,0.0,90,2190
2013-04-18 23:00:00,23,Thursday,April,Rain,1.5,0.0,90,889
2013-04-19 04:00:00,4,Friday,April,Clouds,0.5900000000000318,0.0,90,718
2013-04-19 05:00:00,5,Friday,April,Snow,0.37999999999999545,0.0,90,2339
2013-04-19 09:00:00,9,Friday,April,Mist,-0.060000000000002274,0.0,90,4327
2013-04-19 11:00:00,11,Friday,April,Snow,0.21000000000003638,0.0,90,4228
2013-04-19 12:00:00,12,Friday,April,Mist,0.32000000000005,0.0,90,4614
2013-04-19 16:00:00,16,Friday,April,Snow,0.22000000000002728,0.0,90,6160
2013-04-19 17:00:00,17,Friday,April,Mist,0.26000000000004775,0.0,90,5861
2013-04-19 21:00:00,21,Friday,April,Snow,-0.18999999999999773,0.0,90,3164
2013-04-20 18:00:00,18,Saturday,April,Clouds,2.430000000000007,0.0,40,4285
2013-04-21 07:00:00,7,Sunday,April,Clear,-6.489999999999952,0.0,1,1125
2013-04-21 10:00:00,10,Sunday,April,Clear,-1.2999999999999545,0.0,1,3263
2013-04-21 16:00:00,16,Sunday,April,Clear,4.310000000000002,0.0,1,4358
2013-04-21 23:00:00,23,Sunday,April,Clouds,0.27000000000003865,0.0,40,960
2013-04-22 00:00:00,0,Monday,April,Clouds,0.6100000000000136,0.0,90,506
2013-04-22 03:00:00,3,Monday,April,Snow,1.1400000000000432,0.0,90,301
2013-04-22 04:00:00,4,Monday,April,Snow,0.6299999999999955,0.0,90,770
2013-04-22 09:00:00,9,Monday,April,Rain,1.82000000000005,0.0,90,5055
2013-04-22 15:00:00,15,Monday,April,Clouds,7.840000000000032,0.0,90,5728
2013-04-22 18:00:00,18,Monday,April,Rain,7.960000000000036,0.0,90,3780
2013-04-22 19:00:00,19,Monday,April,Rain,7.920000000000016,0.0,90,2422
2013-04-22 20:00:00,20,Monday,April,Rain,7.860000000000014,0.0,90,2063
2013-04-23 03:00:00,3,Tuesday,April,Mist,2.8000000000000114,0.0,90,329
2013-04-23 05:00:00,5,Tuesday,April,Clouds,2.340000000000032,0.0,90,2580
2013-04-23 20:00:00,20,Tuesday,April,Snow,0.26000000000004775,0.0,90,2904
2013-04-23 23:00:00,23,Tuesday,April,Snow,0.05000000000001137,0.0,90,1179
2013-04-24 00:00:00,0,Wednesday,April,Snow,0.010000000000047748,0.0,90,555
2013-04-24 01:00:00,1,Wednesday,April,Snow,-0.06999999999999318,0.0,90,362
2013-04-24 06:00:00,6,Wednesday,April,Clouds,-1.4699999999999704,0.0,90,5994
2013-04-24 09:00:00,9,Wednesday,April,Clouds,-0.9099999999999682,0.0,40,5220
2013-04-24 13:00:00,13,Wednesday,April,Clear,2.5300000000000296,0.0,1,5086
2013-04-24 15:00:00,15,Wednesday,April,Clouds,4.360000000000014,0.0,75,6073
2013-04-24 19:00:00,19,Wednesday,April,Clear,4.710000000000036,0.0,5,3266
2013-04-24 20:00:00,20,Wednesday,April,Clear,3.410000000000025,0.0,1,2963
2013-04-24 21:00:00,21,Wednesday,April,Clear,1.7700000000000387,0.0,1,2705
2013-04-24 23:00:00,23,Wednesday,April,Clear,0.09000000000003183,0.0,1,1009
2013-04-25 08:00:00,8,Thursday,April,Clear,-0.9399999999999977,0.0,1,6470
2013-04-26 04:00:00,4,Friday,April,Clouds,0.82000000000005,0.0,90,728
2013-04-26 06:00:00,6,Friday,April,Clouds,0.12000000000000455,0.0,40,5332
2013-04-26 09:00:00,9,Friday,April,Clouds,1.740000000000009,0.0,75,5645
2013-04-26 10:00:00,10,Friday,April,Clouds,2.4500000000000455,0.0,75,5217
2013-04-26 11:00:00,11,Friday,April,Clouds,3.400000000000034,0.0,75,5594
2013-04-26 13:00:00,13,Friday,April,Clouds,6.160000000000025,0.0,20,5475
2013-04-26 23:00:00,23,Friday,April,Clouds,7.189999999999998,0.0,90,2158
2013-04-27 00:00:00,0,Saturday,April,Clouds,7.160000000000025,0.0,75,1270
2013-04-27 01:00:00,1,Saturday,April,Thunderstorm,7.260000000000048,0.0,75,753
2013-04-27 04:00:00,4,Saturday,April,Rain,7.990000000000009,0.0,90,371
2013-04-27 07:00:00,7,Saturday,April,Clouds,7.760000000000048,0.0,40,2381
2013-04-27 09:00:00,9,Saturday,April,Clear,12.120000000000005,0.0,1,4332
2013-04-27 11:00:00,11,Saturday,April,Clouds,15.710000000000036,0.0,20,4927
2013-04-27 19:00:00,19,Saturday,April,Clear,20.890000000000043,0.0,1,3582
2013-04-28 00:00:00,0,Sunday,April,Clear,11.930000000000007,0.0,1,1446
2013-04-28 05:00:00,5,Sunday,April,Clear,5.270000000000039,0.0,1,493
2013-04-28 07:00:00,7,Sunday,April,Clear,4.490000000000009,0.0,1,1320
2013-04-28 13:00:00,13,Sunday,April,Clear,20.54000000000002,0.0,1,4612
2013-04-28 16:00:00,16,Sunday,April,Clear,22.74000000000001,0.0,1,4475
2013-04-28 19:00:00,19,Sunday,April,Clear,22.33000000000004,0.0,1,2967
2013-04-28 20:00:00,20,Sunday,April,Clear,20.910000000000025,0.0,1,2697
2013-04-28 21:00:00,21,Sunday,April,Clear,18.670000000000016,0.0,1,2353
2013-04-28 22:00:00,22,Sunday,April,Clear,17.170000000000016,0.0,1,2288
2013-04-29 02:00:00,2,Monday,April,Clear,13.600000000000023,0.0,1,267
2013-04-29 04:00:00,4,Monday,April,Clear,12.140000000000043,0.0,1,749
2013-04-29 06:00:00,6,Monday,April,Clear,11.100000000000023,0.0,1,5783
2013-04-29 12:00:00,12,Monday,April,Clear,20.610000000000014,0.0,1,4889
2013-04-29 13:00:00,13,Monday,April,Clear,22.110000000000014,0.0,1,4845
2013-04-29 22:00:00,22,Monday,April,Rain,16.620000000000005,0.0,90,1848
2013-04-30 01:00:00,1,Tuesday,April,Clouds,12.740000000000009,0.0,40,336
2013-04-30 11:00:00,11,Tuesday,April,Clear,14.480000000000018,0.0,1,4780
2013-04-30 14:00:00,14,Tuesday,April,Clear,20.510000000000048,0.0,1,5399
2013-04-30 22:00:00,22,Tuesday,April,Clouds,17.810000000000002,0.0,75,1809
2013-05-01 00:00:00,0,Wednesday,May,Clear,17.470000000000027,0.0,1,529
2013-05-01 05:00:00,5,Wednesday,May,Thunderstorm,16.970000000000027,0.0,40,2561
2013-05-01 06:00:00,6,Wednesday,May,Clear,17.02000000000004,0.0,1,5169
2013-05-01 11:00:00,11,Wednesday,May,Clouds,19.33000000000004,0.0,90,4770
2013-05-01 16:00:00,16,Wednesday,May,Clear,19.07000000000005,0.0,1,6421
2013-05-01 20:00:00,20,Wednesday,May,Clouds,17.32000000000005,0.0,40,2761
2013-05-01 22:00:00,22,Wednesday,May,Clouds,14.990000000000009,0.0,75,1582
2013-05-02 00:00:00,0,Thursday,May,Clouds,13.700000000000045,0.0,75,544
2013-05-02 01:00:00,1,Thursday,May,Clouds,12.490000000000009,0.0,90,341
2013-05-02 03:00:00,3,Thursday,May,Clouds,10.770000000000039,0.0,75,304
2013-05-02 07:00:00,7,Thursday,May,Rain,5.580000000000041,0.0,90,6818
2013-05-02 09:00:00,9,Thursday,May,Rain,2.920000000000016,0.0,75,5155
2013-05-02 12:00:00,12,Thursday,May,Rain,2.160000000000025,0.0,90,5133
2013-05-02 15:00:00,15,Thursday,May,Snow,3.1299999999999955,0.0,90,6100
2013-05-02 19:00:00,19,Thursday,May,Clouds,4.590000000000032,0.0,90,3559
2013-05-02 22:00:00,22,Thursday,May,Clouds,4.560000000000002,0.0,90,1882
2013-05-03 03:00:00,3,Friday,May,Snow,2.7600000000000477,0.0,90,345
2013-05-03 05:00:00,5,Friday,May,Clouds,2.3500000000000227,0.0,90,2494
2013-05-03 07:00:00,7,Friday,May,Clouds,1.8799999999999955,0.0,75,6478
2013-05-03 10:00:00,10,Friday,May,Clear,2.6200000000000045,0.0,1,4583
2013-05-03 17:00:00,17,Friday,May,Clouds,7.25,0.0,40,5837
2013-05-03 18:00:00,18,Friday,May,Clouds,6.8799999999999955,0.0,40,4775
2013-05-04 03:00:00,3,Saturday,May,Clear,1.2600000000000477,0.0,1,361
2013-05-04 13:00:00,13,Saturday,May,Mist,2.410000000000025,0.0,90,4874
2013-05-04 19:00:00,19,Saturday,May,Rain,1.9600000000000364,0.0,90,3521
2013-05-04 21:00:00,21,Saturday,May,Rain,1.2100000000000364,0.0,90,3401
2013-05-05 14:00:00,14,Sunday,May,Clouds,5.960000000000036,0.0,90,4410
2013-05-05 16:00:00,16,Sunday,May,Clouds,7.2000000000000455,0.0,90,4413
2013-05-05 19:00:00,19,Sunday,May,Clouds,7.900000000000034,0.0,90,3420
2013-05-05 20:00:00,20,Sunday,May,Clouds,7.180000000000007,0.0,75,3004
2013-05-06 03:00:00,3,Monday,May,Clouds,3.8799999999999955,0.0,90,284
2013-05-06 04:00:00,4,Monday,May,Clouds,3.5500000000000114,0.0,90,732
2013-05-06 06:00:00,6,Monday,May,Clouds,3.5,0.0,90,5763
2013-05-06 07:00:00,7,Monday,May,Clouds,3.5,0.0,90,6970
2013-05-06 11:00:00,11,Monday,May,Clouds,7.230000000000018,0.0,40,4507
2013-05-06 16:00:00,16,Monday,May,Clear,16.08000000000004,0.0,1,6466
2013-05-06 17:00:00,17,Monday,May,Clear,17.29000000000002,0.0,1,6027
2013-05-06 22:00:00,22,Monday,May,Clear,14.129999999999995,0.0,1,1524
2013-05-07 13:00:00,13,Tuesday,May,Clouds,20.970000000000027,0.0,20,5073
2013-05-07 14:00:00,14,Tuesday,May,Clear,21.400000000000034,0.0,1,5296
2013-05-07 17:00:00,17,Tuesday,May,Clouds,22.730000000000018,0.0,75,6110
2013-05-08 01:00:00,1,Wednesday,May,Clear,14.150000000000034,0.0,1,460
2013-05-08 03:00:00,3,Wednesday,May,Clear,12.240000000000009,0.0,1,373
2013-05-08 18:00:00,18,Wednesday,May,Clouds,24.52000000000004,0.0,75,4669
2013-05-08 23:00:00,23,Wednesday,May,Clear,16.680000000000007,0.0,1,1093
2013-05-09 04:00:00,4,Thursday,May,Clear,14.920000000000016,0.0,1,756
2013-05-09 05:00:00,5,Thursday,May,Clouds,13.78000000000003,0.0,75,2737
2013-05-09 06:00:00,6,Thursday,May,Rain,13.629999999999995,0.0,1,5974
2013-05-09 09:00:00,9,Thursday,May,Clouds,17.32000000000005,0.0,40,5369
2013-05-09 11:00:00,11,Thursday,May,Clouds,21.150000000000034,0.0,40,4947
2013-05-09 13:00:00,13,Thursday,May,Clouds,23.730000000000018,0.0,90,5253
2013-05-09 18:00:00,18,Thursday,May,Rain,19.28000000000003,0.0,90,4673
2013-05-09 19:00:00,19,Thursday,May,Rain,17.75,0.0,90,3487
2013-05-10 14:00:00,14,Friday,May,Rain,11.03000000000003,0.0,90,5825
2013-05-10 15:00:00,15,Friday,May,Rain,10.340000000000032,0.0,90,6284
2013-05-10 20:00:00,20,Friday,May,Clouds,8.28000000000003,0.0,90,3248
2013-05-10 21:00:00,21,Friday,May,Clouds,7.9500000000000455,0.0,90,2965
2013-05-11 01:00:00,1,Saturday,May,Clear,5.900000000000034,0.0,1,744
2013-05-11 05:00:00,5,Saturday,May,Clouds,3.160000000000025,0.0,20,562
2013-05-11 13:00:00,13,Saturday,May,Clear,13.939999999999998,0.0,1,3678
2013-05-11 15:00:00,15,Saturday,May,Clear,16.860000000000014,0.0,1,3441
2013-05-11 23:00:00,23,Saturday,May,Clouds,13.560000000000002,0.0,75,1374
2013-05-12 01:00:00,1,Sunday,May,Clouds,12.439999999999998,0.0,90,648
2013-05-12 06:00:00,6,Sunday,May,Clear,5.090000000000032,0.0,1,631
2013-05-12 12:00:00,12,Sunday,May,Clouds,8.600000000000023,0.0,40,3311
2013-05-12 22:00:00,22,Sunday,May,Clear,7.010000000000048,0.0,1,1581
2013-05-13 01:00:00,1,Monday,May,Clear,3.7200000000000273,0.0,1,269
2013-05-13 09:00:00,9,Monday,May,Clear,5.460000000000036,0.0,1,5013
2013-05-13 11:00:00,11,Monday,May,Clear,8.090000000000032,0.0,1,4477
2013-05-13 13:00:00,13,Monday,May,Clear,10.54000000000002,0.0,1,4774
2013-05-13 16:00:00,16,Monday,May,Clear,13.330000000000041,0.0,1,6454
2013-05-13 19:00:00,19,Monday,May,Clear,14.100000000000023,0.0,1,3205
2013-05-14 06:00:00,6,Tuesday,May,Clouds,3.1200000000000045,0.0,40,5590
2013-05-14 10:00:00,10,Tuesday,May,Clouds,13.379999999999995,0.0,75,4579
2013-05-14 11:00:00,11,Tuesday,May,Rain,14.350000000000023,0.0,90,4761
2013-05-14 17:00:00,17,Tuesday,May,Clear,20.590000000000032,0.0,1,6445
2013-05-14 19:00:00,19,Tuesday,May,Clear,21.850000000000023,0.0,1,3748
2013-05-14 23:00:00,23,Tuesday,May,Clear,18.439999999999998,0.0,1,1350
2013-05-15 02:00:00,2,Wednesday,May,Clear,15.490000000000009,0.0,1,261
2013-05-15 05:00:00,5,Wednesday,May,Clear,11.340000000000032,0.0,1,2764
2013-05-15 12:00:00,12,Wednesday,May,Clouds,23.400000000000034,0.0,75,5162
2013-05-15 18:00:00,18,Wednesday,May,Clear,34.51000000000005,0.0,1,4858
2013-05-15 20:00:00,20,Wednesday,May,Clear,30.680000000000007,0.0,1,3147
2013-05-15 22:00:00,22,Wednesday,May,Clear,25.120000000000005,0.0,1,2257
2013-05-16 00:00:00,0,Thursday,May,Clear,21.610000000000014,0.0,1,648
2013-05-16 03:00:00,3,Thursday,May,Clear,16.810000000000002,0.0,1,335
2013-05-16 07:00:00,7,Thursday,May,Clouds,13.060000000000002,0.0,40,6642
2013-05-16 10:00:00,10,Thursday,May,Clear,16.560000000000002,0.0,1,4537
2013-05-16 11:00:00,11,Thursday,May,Clear,17.52000000000004,0.0,1,5004
2013-05-16 15:00:00,15,Thursday,May,Clear,23.640000000000043,0.0,1,6263
2013-05-16 16:00:00,16,Thursday,May,Clouds,24.439999999999998,0.0,40,6592
2013-05-17 00:00:00,0,Friday,May,Clouds,18.58000000000004,0.0,75,751
2013-05-17 03:00:00,3,Friday,May,Clear,15.82000000000005,0.0,1,365
2013-05-17 12:00:00,12,Friday,May,Clear,24.75,0.0,1,5422
2013-05-17 13:00:00,13,Friday,May,Clear,26.0,0.0,1,5616
2013-05-17 21:00:00,21,Friday,May,Clear,23.560000000000002,0.0,1,2839
2013-05-17 23:00:00,23,Friday,May,Clouds,21.30000000000001,0.0,75,1851
2013-05-18 05:00:00,5,Saturday,May,Rain,16.77000000000004,0.0,90,756
2013-05-18 09:00:00,9,Saturday,May,Clouds,13.640000000000043,0.0,90,3477
2013-05-18 10:00:00,10,Saturday,May,Clouds,13.830000000000041,0.0,90,3696
2013-05-18 13:00:00,13,Saturday,May,Clouds,15.450000000000045,0.0,90,4577
2013-05-18 14:00:00,14,Saturday,May,Rain,15.410000000000025,0.0,90,4866
2013-05-18 17:00:00,17,Saturday,May,Rain,13.760000000000048,0.0,90,4813
2013-05-18 19:00:00,19,Saturday,May,Clouds,14.140000000000043,0.0,90,3327
2013-05-19 00:00:00,0,Sunday,May,Mist,13.629999999999995,0.0,90,1475
2013-05-19 03:00:00,3,Sunday,May,Mist,13.480000000000018,0.0,40,402
2013-05-19 08:00:00,8,Sunday,May,Thunderstorm,13.220000000000027,0.0,90,1700
2013-05-19 23:00:00,23,Sunday,May,Clear,21.700000000000045,0.0,1,1094
2013-05-20 01:00:00,1,Monday,May,Clear,21.260000000000048,0.0,1,355
2013-05-20 02:00:00,2,Monday,May,Clear,20.58000000000004,0.0,1,402
2013-05-20 07:00:00,7,Monday,May,Thunderstorm,18.930000000000007,0.0,90,6136
2013-05-20 09:00:00,9,Monday,May,Haze,18.370000000000005,0.0,90,5114
2013-05-20 17:00:00,17,Monday,May,Thunderstorm,21.129999999999995,0.0,90,5948
2013-05-20 18:00:00,18,Monday,May,Rain,18.590000000000032,0.0,90,4197
2013-05-21 00:00:00,0,Tuesday,May,Mist,18.010000000000048,0.0,1,659
2013-05-21 08:00:00,8,Tuesday,May,Rain,16.74000000000001,0.0,90,6186
2013-05-21 10:00:00,10,Tuesday,May,Clouds,18.79000000000002,0.0,40,4393
2013-05-21 22:00:00,22,Tuesday,May,Rain,18.560000000000002,0.0,40,1640
2013-05-21 23:00:00,23,Tuesday,May,Thunderstorm,17.24000000000001,0.0,90,1016
2013-05-22 05:00:00,5,Wednesday,May,Mist,13.78000000000003,0.0,90,2687
2013-05-22 08:00:00,8,Wednesday,May,Mist,14.090000000000032,0.0,90,6261
2013-05-22 12:00:00,12,Wednesday,May,Rain,14.760000000000048,0.0,90,4997
2013-05-22 13:00:00,13,Wednesday,May,Rain,14.04000000000002,0.0,90,4967
2013-05-22 18:00:00,18,Wednesday,May,Drizzle,13.25,0.0,90,4442
2013-05-23 00:00:00,0,Thursday,May,Mist,9.300000000000011,0.0,90,592
2013-05-23 04:00:00,4,Thursday,May,Rain,7.890000000000043,0.0,90,834
2013-05-23 08:00:00,8,Thursday,May,Mist,7.810000000000002,0.0,90,6092
2013-05-23 12:00:00,12,Thursday,May,Rain,9.610000000000014,0.0,90,5227
2013-05-23 17:00:00,17,Thursday,May,Drizzle,11.07000000000005,0.0,90,6167
2013-05-23 19:00:00,19,Thursday,May,Drizzle,10.770000000000039,0.0,90,2542
2013-05-23 20:00:00,20,Thursday,May,Rain,10.28000000000003,0.0,90,2531
2013-05-24 01:00:00,1,Friday,May,Clear,9.860000000000014,0.0,1,414
2013-05-24 06:00:00,6,Friday,May,Clear,6.800000000000011,0.0,1,5234
2013-05-24 08:00:00,8,Friday,May,Clear,7.350000000000023,0.0,1,5568
2013-05-24 10:00:00,10,Friday,May,Clear,9.490000000000009,0.0,1,4658
2013-05-24 15:00:00,15,Friday,May,Clear,16.02000000000004,0.0,1,5760
2013-05-24 19:00:00,19,Friday,May,Clear,17.200000000000045,0.0,1,3322
2013-05-24 22:00:00,22,Friday,May,Clear,12.470000000000027,0.0,1,2358
2013-05-25 01:00:00,1,Saturday,May,Clear,8.640000000000043,0.0,1,706
2013-05-25 07:00:00,7,Saturday,May,Clear,5.090000000000032,0.0,1,1748
2013-05-25 10:00:00,10,Saturday,May,Clear,12.740000000000009,0.0,1,3534
2013-05-25 11:00:00,11,Saturday,May,Clear,14.900000000000034,0.0,1,3784
2013-05-25 13:00:00,13,Saturday,May,Clear,17.410000000000025,0.0,1,4537
2013-05-25 23:00:00,23,Saturday,May,Rain,13.210000000000036,0.0,90,1875
2013-05-26 03:00:00,3,Sunday,May,Rain,11.54000000000002,0.0,90,364
2013-05-26 04:00:00,4,Sunday,May,Clouds,11.490000000000009,0.0,90,255
2013-05-26 06:00:00,6,Sunday,May,Clouds,11.510000000000048,0.0,90,795
2013-05-26 07:00:00,7,Sunday,May,Clouds,11.830000000000041,0.0,90,1015
2013-05-26 11:00:00,11,Sunday,May,Clouds,15.050000000000011,0.0,90,3192
2013-05-26 13:00:00,13,Sunday,May,Clouds,16.0,0.0,75,3564
2013-05-26 14:00:00,14,Sunday,May,Clouds,15.840000000000032,0.0,90,3637
2013-05-26 15:00:00,15,Sunday,May,Clouds,15.910000000000025,0.0,90,3588
2013-05-26 19:00:00,19,Sunday,May,Clouds,14.78000000000003,0.0,90,2587
2013-05-26 21:00:00,21,Sunday,May,Clouds,13.800000000000011,0.0,90,2242
2013-05-27 16:00:00,16,Monday,May,Clouds,13.54000000000002,0.0,90,3648
2013-05-28 02:00:00,2,Tuesday,May,Clouds,13.860000000000014,0.0,90,268
2013-05-28 16:00:00,16,Tuesday,May,Clouds,15.360000000000014,0.0,75,6658
2013-05-28 23:00:00,23,Tuesday,May,Mist,13.240000000000009,0.0,90,1032
2013-05-29 04:00:00,4,Wednesday,May,Drizzle,11.879999999999995,0.0,90,757
2013-05-29 06:00:00,6,Wednesday,May,Mist,11.75,0.0,90,6166
2013-05-29 10:00:00,10,Wednesday,May,Rain,12.54000000000002,0.0,90,4501
2013-05-29 16:00:00,16,Wednesday,May,Clouds,14.590000000000032,0.0,90,6267
2013-05-29 22:00:00,22,Wednesday,May,Clouds,14.390000000000043,0.0,90,1800
2013-05-30 00:00:00,0,Thursday,May,Mist,14.29000000000002,0.0,90,539
2013-05-30 15:00:00,15,Thursday,May,Clouds,22.850000000000023,0.0,90,6414
2013-05-30 19:00:00,19,Thursday,May,Clouds,22.310000000000002,0.0,40,3479
2013-05-30 20:00:00,20,Thursday,May,Clouds,21.610000000000014,0.0,40,3109
2013-05-30 21:00:00,21,Thursday,May,Clouds,20.629999999999995,0.0,75,2746
2013-05-31 00:00:00,0,Friday,May,Thunderstorm,18.24000000000001,0.0,90,741
2013-05-31 01:00:00,1,Friday,May,Rain,17.850000000000023,0.0,90,480
2013-05-31 06:00:00,6,Friday,May,Clear,18.660000000000025,0.0,1,5868
2013-05-31 11:00:00,11,Friday,May,Rain,21.29000000000002,0.0,90,5220
2013-05-31 12:00:00,12,Friday,May,Clouds,21.55000000000001,0.0,90,5591
2013-05-31 13:00:00,13,Friday,May,Clouds,21.689999999999998,0.0,75,5635
2013-05-31 15:00:00,15,Friday,May,Clouds,23.200000000000045,0.0,90,6175
2013-05-31 16:00:00,16,Friday,May,Clouds,24.04000000000002,0.0,90,6273
2013-05-31 18:00:00,18,Friday,May,Rain,22.05000000000001,0.0,90,5015
2013-05-31 22:00:00,22,Friday,May,Clouds,19.260000000000048,0.0,90,2636
2013-06-01 00:00:00,0,Saturday,June,Clouds,18.390000000000043,0.0,40,1116
2013-06-01 02:00:00,2,Saturday,June,Thunderstorm,17.840000000000032,0.0,90,557
2013-06-01 03:00:00,3,Saturday,June,Rain,17.310000000000002,0.0,40,438
2013-06-01 04:00:00,4,Saturday,June,Clear,16.850000000000023,0.0,1,421
2013-06-01 06:00:00,6,Saturday,June,Clear,16.480000000000018,0.0,1,1567
2013-06-01 17:00:00,17,Saturday,June,Clouds,23.730000000000018,0.0,90,4382
2013-06-01 19:00:00,19,Saturday,June,Rain,21.920000000000016,0.0,90,3276
2013-06-01 23:00:00,23,Saturday,June,Clear,16.960000000000036,0.0,1,2047
2013-06-02 04:00:00,4,Sunday,June,Clouds,14.700000000000045,0.0,90,374
2013-06-02 06:00:00,6,Sunday,June,Clouds,13.189999999999998,0.0,90,947
2013-06-02 08:00:00,8,Sunday,June,Clear,14.79000000000002,0.0,1,2189
2013-06-02 10:00:00,10,Sunday,June,Clouds,17.850000000000023,0.0,40,3771
2013-06-02 15:00:00,15,Sunday,June,Rain,18.82000000000005,0.0,90,4645
2013-06-02 16:00:00,16,Sunday,June,Rain,17.890000000000043,0.0,90,4502
2013-06-02 17:00:00,17,Sunday,June,Rain,16.99000000000001,0.0,75,4383
2013-06-02 23:00:00,23,Sunday,June,Clouds,10.980000000000018,0.0,90,1189
2013-06-03 09:00:00,9,Monday,June,Clouds,10.460000000000036,0.0,75,4967
2013-06-03 19:00:00,19,Monday,June,Clouds,18.310000000000002,0.0,75,3189
2013-06-04 00:00:00,0,Tuesday,June,Clear,11.450000000000045,0.0,1,602
2013-06-04 01:00:00,1,Tuesday,June,Clear,10.640000000000043,0.0,1,345
2013-06-04 08:00:00,8,Tuesday,June,Clear,11.79000000000002,0.0,1,6502
2013-06-04 10:00:00,10,Tuesday,June,Clear,16.77000000000004,0.0,1,4438
2013-06-05 05:00:00,5,Wednesday,June,Clouds,14.29000000000002,0.0,75,2736
2013-06-05 07:00:00,7,Wednesday,June,Clouds,14.510000000000048,0.0,92,6085
2013-06-05 10:00:00,10,Wednesday,June,Rain,15.710000000000036,0.25,92,4423
2013-06-05 16:00:00,16,Wednesday,June,Drizzle,15.760000000000048,0.0,92,6762
2013-06-05 17:00:00,17,Wednesday,June,Drizzle,15.420000000000016,0.0,92,6547
2013-06-05 21:00:00,21,Wednesday,June,Rain,13.330000000000041,0.25,90,2615
2013-06-06 04:00:00,4,Thursday,June,Rain,12.330000000000041,0.3,90,812
2013-06-06 10:00:00,10,Thursday,June,Rain,12.740000000000009,0.38,92,4610
2013-06-06 11:00:00,11,Thursday,June,Rain,12.960000000000036,0.44,92,4925
2013-06-06 14:00:00,14,Thursday,June,Rain,13.970000000000027,0.25,92,5666
2013-06-06 15:00:00,15,Thursday,June,Mist,14.670000000000016,0.0,56,6291
2013-06-06 16:00:00,16,Thursday,June,Rain,14.670000000000016,2.16,56,6744
2013-06-07 03:00:00,3,Friday,June,Rain,11.120000000000005,0.25,68,372
2013-06-07 05:00:00,5,Friday,June,Mist,10.439999999999998,0.0,68,2535
2013-06-07 06:00:00,6,Friday,June,Rain,10.200000000000045,0.25,92,5670
2013-06-07 10:00:00,10,Friday,June,Rain,10.550000000000011,0.25,68,4683
2013-06-07 13:00:00,13,Friday,June,Rain,11.920000000000016,0.25,64,5385
2013-06-07 15:00:00,15,Friday,June,Clouds,12.840000000000032,0.0,76,5905
2013-06-08 01:00:00,1,Saturday,June,Clouds,12.0,0.0,92,870
2013-06-08 03:00:00,3,Saturday,June,Clouds,11.730000000000018,0.0,68,414
2013-06-08 10:00:00,10,Saturday,June,Clouds,13.230000000000018,0.0,92,3761
2013-06-08 11:00:00,11,Saturday,June,Clouds,14.270000000000039,0.0,92,4101
2013-06-08 13:00:00,13,Saturday,June,Clouds,15.720000000000027,0.0,24,4442
2013-06-08 14:00:00,14,Saturday,June,Clouds,16.420000000000016,0.0,24,4535
2013-06-09 02:00:00,2,Sunday,June,Clouds,12.950000000000045,0.0,92,1432
2013-06-09 03:00:00,3,Sunday,June,Clouds,12.82000000000005,0.0,36,930
2013-06-09 05:00:00,5,Sunday,June,Clouds,12.470000000000027,0.0,36,694
2013-06-09 07:00:00,7,Sunday,June,Mist,12.300000000000011,0.0,32,1065
2013-06-09 11:00:00,11,Sunday,June,Clouds,19.310000000000002,0.0,24,3565
2013-06-09 15:00:00,15,Sunday,June,Clouds,20.680000000000007,0.0,76,4300
2013-06-09 17:00:00,17,Sunday,June,Clouds,21.100000000000023,0.0,76,3882
2013-06-09 21:00:00,21,Sunday,June,Rain,18.430000000000007,0.0,88,2322
2013-06-10 00:00:00,0,Monday,June,Clouds,17.160000000000025,0.0,92,710
2013-06-10 02:00:00,2,Monday,June,Rain,16.33000000000004,0.51,76,292
2013-06-10 05:00:00,5,Monday,June,Rain,13.79000000000002,1.29,68,2717
2013-06-10 06:00:00,6,Monday,June,Rain,13.510000000000048,1.34,92,5513
2013-06-10 09:00:00,9,Monday,June,Rain,13.510000000000048,0.76,92,4769
2013-06-10 12:00:00,12,Monday,June,Rain,14.53000000000003,0.25,92,4872
2013-06-11 01:00:00,1,Tuesday,June,Rain,15.620000000000005,0.25,68,378
2013-06-11 04:00:00,4,Tuesday,June,Rain,15.220000000000027,0.25,68,786
2013-06-11 17:00:00,17,Tuesday,June,Clouds,23.150000000000034,0.0,48,6651
2013-06-12 10:00:00,10,Wednesday,June,Rain,18.939999999999998,0.25,12,4226
2013-06-12 16:00:00,16,Wednesday,June,Clouds,23.420000000000016,0.0,36,6759
2013-06-12 21:00:00,21,Wednesday,June,Clouds,21.920000000000016,0.0,64,2799
2013-06-12 23:00:00,23,Wednesday,June,Clouds,19.210000000000036,0.0,64,1216
2013-06-13 00:00:00,0,Thursday,June,Mist,18.210000000000036,0.0,92,697
2013-06-13 06:00:00,6,Thursday,June,Rain,16.810000000000002,1.02,80,5865
2013-06-13 12:00:00,12,Thursday,June,Rain,16.900000000000034,3.65,100,5126
2013-06-13 13:00:00,13,Thursday,June,Rain,18.100000000000023,1.02,100,5357
2013-06-13 14:00:00,14,Thursday,June,Rain,18.640000000000043,0.68,100,5640
2013-06-13 17:00:00,17,Thursday,June,Rain,21.920000000000016,0.25,76,6295
2013-06-13 22:00:00,22,Thursday,June,Rain,19.77000000000004,0.25,12,2452
2013-06-13 23:00:00,23,Thursday,June,Clouds,19.53000000000003,0.0,12,1513
2013-06-14 04:00:00,4,Friday,June,Clear,14.920000000000016,0.0,0,755
2013-06-14 13:00:00,13,Friday,June,Clear,23.420000000000016,0.0,0,5457
2013-06-14 20:00:00,20,Friday,June,Clouds,23.629999999999995,0.0,40,3286
2013-06-14 21:00:00,21,Friday,June,Clear,21.720000000000027,0.0,0,3342
2013-06-14 22:00:00,22,Friday,June,Clear,18.850000000000023,0.0,0,2967
2013-06-14 23:00:00,23,Friday,June,Clear,17.470000000000027,0.0,0,2082
2013-06-15 00:00:00,0,Saturday,June,Clear,17.010000000000048,0.0,0,1228
2013-06-15 02:00:00,2,Saturday,June,Clear,16.25,0.0,0,565
2013-06-15 07:00:00,7,Saturday,June,Clouds,15.600000000000023,0.0,68,2036
2013-06-15 10:00:00,10,Saturday,June,Clouds,20.189999999999998,0.0,68,4067
2013-06-15 18:00:00,18,Saturday,June,Clouds,25.150000000000034,0.0,20,3651
2013-06-15 20:00:00,20,Saturday,June,Clouds,23.629999999999995,0.0,20,2835
2013-06-16 01:00:00,1,Sunday,June,Rain,20.189999999999998,1.52,88,828
2013-06-16 04:00:00,4,Sunday,June,Clouds,18.850000000000023,0.0,88,335
2013-06-16 15:00:00,15,Sunday,June,Rain,22.03000000000003,1.4,88,4242
2013-06-16 18:00:00,18,Sunday,June,Rain,22.950000000000045,0.25,8,3472
2013-06-16 21:00:00,21,Sunday,June,Clear,21.379999999999995,0.0,0,2873
2013-06-17 00:00:00,0,Monday,June,Mist,16.640000000000043,0.0,0,686
2013-06-17 04:00:00,4,Monday,June,Rain,14.710000000000036,0.25,0,816
2013-06-17 05:00:00,5,Monday,June,Clear,14.07000000000005,0.0,0,2807
2013-06-17 07:00:00,7,Monday,June,Mist,15.04000000000002,0.0,0,6105
2013-06-17 11:00:00,11,Monday,June,Clear,25.230000000000018,0.0,0,4665
2013-06-17 14:00:00,14,Monday,June,Clear,28.420000000000016,0.0,0,5296
2013-06-17 16:00:00,16,Monday,June,Clear,29.25,0.0,0,6520
2013-06-17 19:00:00,19,Monday,June,Rain,22.460000000000036,0.89,0,3426
2013-06-17 22:00:00,22,Monday,June,Clear,19.170000000000016,0.0,8,1919
2013-06-18 03:00:00,3,Tuesday,June,Clear,16.620000000000005,0.0,0,363
2013-06-18 04:00:00,4,Tuesday,June,Clear,16.210000000000036,0.0,0,834
2013-06-18 05:00:00,5,Tuesday,June,Clear,14.860000000000014,0.0,0,2914
2013-06-18 11:00:00,11,Tuesday,June,Clear,24.25,0.0,0,4900
2013-06-18 16:00:00,16,Tuesday,June,Rain,24.80000000000001,0.0,36,6910
2013-06-18 18:00:00,18,Tuesday,June,Clouds,24.100000000000023,0.0,44,4874
2013-06-18 21:00:00,21,Tuesday,June,Clouds,20.970000000000027,0.0,24,2764
2013-06-19 05:00:00,5,Wednesday,June,Clouds,13.010000000000048,0.0,75,2951
2013-06-20 04:00:00,4,Thursday,June,Clouds,15.180000000000007,0.0,12,880
2013-06-21 16:00:00,16,Friday,June,Clear,30.52000000000004,0.0,0,6138
2013-06-21 21:00:00,21,Friday,June,Clouds,28.100000000000023,0.0,20,2754
2013-06-22 02:00:00,2,Saturday,June,Rain,25.610000000000014,2.29,88,566
2013-06-22 03:00:00,3,Saturday,June,Rain,22.370000000000005,7.54,76,380
2013-06-22 09:00:00,9,Saturday,June,Rain,19.02000000000004,0.0,32,2803
2013-06-22 18:00:00,18,Saturday,June,Clear,26.04000000000002,0.0,0,3753
2013-06-22 23:00:00,23,Saturday,June,Thunderstorm,20.260000000000048,0.0,92,1264
2013-06-23 17:00:00,17,Sunday,June,Rain,25.78000000000003,0.0,8,4252
2013-06-23 22:00:00,22,Sunday,June,Clear,22.77000000000004,0.0,0,2064
2013-06-24 02:00:00,2,Monday,June,Rain,21.74000000000001,0.25,92,350
2013-06-24 04:00:00,4,Monday,June,Thunderstorm,22.140000000000043,0.0,1,848
2013-06-24 08:00:00,8,Monday,June,Rain,21.08000000000004,1.65,80,5866
2013-06-24 14:00:00,14,Monday,June,Clear,25.850000000000023,0.0,0,5457
2013-06-24 18:00:00,18,Monday,June,Clouds,27.04000000000002,0.0,76,4396
2013-06-24 20:00:00,20,Monday,June,Clouds,26.060000000000002,0.0,76,2883
2013-06-25 01:00:00,1,Tuesday,June,Clear,19.689999999999998,0.0,0,377
2013-06-25 02:00:00,2,Tuesday,June,Clear,19.170000000000016,0.0,0,278
2013-06-25 06:00:00,6,Tuesday,June,Fog,17.110000000000014,0.0,0,6386
2013-06-25 11:00:00,11,Tuesday,June,Clear,25.810000000000002,0.0,0,5076
2013-06-25 12:00:00,12,Tuesday,June,Clear,26.950000000000045,0.0,0,5341
2013-06-25 18:00:00,18,Tuesday,June,Clouds,24.910000000000025,0.0,32,4533
2013-06-25 19:00:00,19,Tuesday,June,Clouds,24.54000000000002,0.0,32,3442
2013-06-25 20:00:00,20,Tuesday,June,Clouds,23.930000000000007,0.0,32,3080
2013-06-25 23:00:00,23,Tuesday,June,Rain,21.189999999999998,0.0,44,1195
2013-06-26 06:00:00,6,Wednesday,June,Clouds,17.980000000000018,0.0,92,6134
2013-06-26 20:00:00,20,Wednesday,June,Clouds,27.910000000000025,0.0,80,3193
2013-06-26 21:00:00,21,Wednesday,June,Clouds,26.390000000000043,0.0,56,2970
2013-06-26 23:00:00,23,Wednesday,June,Clouds,24.610000000000014,0.0,56,1403
2013-06-27 00:00:00,0,Thursday,June,Clouds,23.950000000000045,0.0,76,713
2013-06-27 04:00:00,4,Thursday,June,Mist,22.74000000000001,0.0,48,870
2013-06-27 05:00:00,5,Thursday,June,Mist,22.510000000000048,0.0,75,2961
2013-06-27 09:00:00,9,Thursday,June,Mist,24.660000000000025,0.0,44,5572
2013-06-27 10:00:00,10,Thursday,June,Clouds,25.460000000000036,0.0,44,4801
2013-06-27 13:00:00,13,Thursday,June,Rain,27.49000000000001,1.02,44,5306
2013-06-27 15:00:00,15,Thursday,June,Rain,29.310000000000002,0.0,12,6112
2013-06-27 19:00:00,19,Thursday,June,Rain,28.689999999999998,0.0,0,3771
2013-06-28 02:00:00,2,Friday,June,Clouds,20.310000000000002,0.0,32,370
2013-06-28 06:00:00,6,Friday,June,Clouds,21.400000000000034,0.0,12,5365
2013-06-28 07:00:00,7,Friday,June,Clouds,21.78000000000003,0.0,12,6507
2013-06-28 13:00:00,13,Friday,June,Clear,28.79000000000002,0.0,0,5602
2013-06-28 21:00:00,21,Friday,June,Rain,26.140000000000043,0.25,0,3143
2013-06-29 02:00:00,2,Saturday,June,Rain,20.77000000000004,0.25,0,627
2013-06-29 03:00:00,3,Saturday,June,Clear,20.220000000000027,0.0,0,410
2013-06-29 04:00:00,4,Saturday,June,Rain,19.970000000000027,0.25,0,411
2013-06-29 06:00:00,6,Saturday,June,Clear,19.55000000000001,0.0,0,1452
2013-06-29 18:00:00,18,Saturday,June,Clouds,24.110000000000014,0.0,92,4198
2013-06-30 00:00:00,0,Sunday,June,Rain,18.480000000000018,0.0,92,1556
2013-06-30 06:00:00,6,Sunday,June,Rain,16.730000000000018,1.35,90,905
2013-06-30 07:00:00,7,Sunday,June,Rain,16.650000000000034,0.51,90,1170
2013-06-30 09:00:00,9,Sunday,June,Clouds,17.420000000000016,0.0,90,3245
2013-06-30 11:00:00,11,Sunday,June,Rain,21.04000000000002,0.0,80,4174
2013-06-30 14:00:00,14,Sunday,June,Clouds,23.660000000000025,0.0,32,4368
2013-06-30 20:00:00,20,Sunday,June,Clouds,21.760000000000048,0.0,68,3065
2013-06-30 22:00:00,22,Sunday,June,Clouds,19.629999999999995,0.0,68,2131
2013-07-01 09:00:00,9,Monday,July,Clear,21.0,0.0,1,4764
2013-07-01 10:00:00,10,Monday,July,Clear,22.450000000000045,0.0,1,4669
2013-07-01 12:00:00,12,Monday,July,Clear,25.0,0.0,1,5184
2013-07-01 14:00:00,14,Monday,July,Clouds,27.0,0.0,40,5408
2013-07-01 20:00:00,20,Monday,July,Clear,24.710000000000036,0.0,1,2917
2013-07-02 08:00:00,8,Tuesday,July,Clear,20.510000000000048,0.0,1,5704
2013-07-02 11:00:00,11,Tuesday,July,Clear,25.640000000000043,0.0,1,5031
2013-07-02 15:00:00,15,Tuesday,July,Clouds,28.0,0.0,40,6041
2013-07-02 18:00:00,18,Tuesday,July,Clear,26.960000000000036,0.0,1,5000
2013-07-02 20:00:00,20,Tuesday,July,Clear,23.960000000000036,0.0,1,3074
2013-07-02 21:00:00,21,Tuesday,July,Clear,21.439999999999998,0.0,1,2789
2013-07-03 01:00:00,1,Wednesday,July,Clear,16.970000000000027,0.0,1,426
2013-07-03 04:00:00,4,Wednesday,July,Clear,14.980000000000018,0.0,1,823
2013-07-03 11:00:00,11,Wednesday,July,Clear,24.640000000000043,0.0,1,5123
2013-07-03 14:00:00,14,Wednesday,July,Clear,27.0,0.0,1,6038
2013-07-03 21:00:00,21,Wednesday,July,Clouds,22.24000000000001,0.0,40,3077
2013-07-04 06:00:00,6,Thursday,July,Clear,14.470000000000027,0.0,1,1033
2013-07-04 20:00:00,20,Thursday,July,Clear,24.99000000000001,0.0,1,2461
2013-07-04 23:00:00,23,Thursday,July,Clear,19.189999999999998,0.0,1,3512
2013-07-05 10:00:00,10,Friday,July,Clear,23.07000000000005,0.0,0,3716
2013-07-05 13:00:00,13,Friday,July,Clear,28.960000000000036,0.0,0,4426
2013-07-05 14:00:00,14,Friday,July,Clear,29.78000000000003,0.0,0,4879
2013-07-05 21:00:00,21,Friday,July,Clear,26.28000000000003,0.0,0,2849
2013-07-06 05:00:00,5,Saturday,July,Clear,21.29000000000002,0.0,0,744
2013-07-06 10:00:00,10,Saturday,July,Clear,24.930000000000007,0.0,0,3360
2013-07-06 11:00:00,11,Saturday,July,Clear,26.24000000000001,0.0,0,3824
2013-07-06 12:00:00,12,Saturday,July,Clouds,27.680000000000007,0.0,32,3902
2013-07-06 14:00:00,14,Saturday,July,Clear,29.160000000000025,0.0,1,3957
2013-07-06 16:00:00,16,Saturday,July,Clouds,30.340000000000032,0.0,48,3952
2013-07-07 01:00:00,1,Sunday,July,Clouds,24.450000000000045,0.0,36,897
2013-07-07 04:00:00,4,Sunday,July,Clouds,23.060000000000002,0.0,56,359
2013-07-07 16:00:00,16,Sunday,July,Clouds,29.620000000000005,0.0,56,4226
2013-07-07 19:00:00,19,Sunday,July,Clouds,28.75,0.0,68,3774
2013-07-07 20:00:00,20,Sunday,July,Clouds,28.689999999999998,0.0,68,3503
2013-07-07 21:00:00,21,Sunday,July,Clouds,27.32000000000005,0.0,48,2707
2013-07-08 00:00:00,0,Monday,July,Clouds,27.27000000000004,0.0,88,682
2013-07-08 10:00:00,10,Monday,July,Rain,26.850000000000023,0.0,48,4360
2013-07-08 12:00:00,12,Monday,July,Clouds,29.340000000000032,0.0,56,4946
2013-07-08 17:00:00,17,Monday,July,Clouds,30.980000000000018,0.0,32,5849
2013-07-08 18:00:00,18,Monday,July,Clouds,29.450000000000045,0.0,44,4493
2013-07-08 19:00:00,19,Monday,July,Rain,26.670000000000016,0.0,44,3481
2013-07-09 00:00:00,0,Tuesday,July,Rain,21.060000000000002,0.0,0,626
2013-07-09 01:00:00,1,Tuesday,July,Rain,21.5,0.0,12,433
2013-07-09 04:00:00,4,Tuesday,July,Mist,19.879999999999995,0.0,12,811
2013-07-09 06:00:00,6,Tuesday,July,Mist,18.430000000000007,0.0,24,6247
2013-07-09 11:00:00,11,Tuesday,July,Mist,21.24000000000001,0.0,36,4837
2013-07-09 13:00:00,13,Tuesday,July,Clear,25.30000000000001,0.0,0,5324
2013-07-09 22:00:00,22,Tuesday,July,Clouds,24.260000000000048,0.0,32,2036
2013-07-09 23:00:00,23,Tuesday,July,Clouds,23.350000000000023,0.0,32,1835
2013-07-10 02:00:00,2,Wednesday,July,Clouds,22.75,0.0,32,345
2013-07-10 05:00:00,5,Wednesday,July,Clouds,23.110000000000014,0.0,24,3004
2013-07-10 07:00:00,7,Wednesday,July,Clouds,23.760000000000048,0.0,32,6458
2013-07-10 08:00:00,8,Wednesday,July,Rain,23.110000000000014,16.0,32,6298
2013-07-10 14:00:00,14,Wednesday,July,Rain,25.930000000000007,0.51,92,5876
2013-07-10 16:00:00,16,Wednesday,July,Rain,28.560000000000002,0.0,92,6777
2013-07-10 20:00:00,20,Wednesday,July,Rain,27.02000000000004,0.0,64,3163
2013-07-11 03:00:00,3,Thursday,July,Clear,19.230000000000018,0.0,0,404
2013-07-11 04:00:00,4,Thursday,July,Clear,17.379999999999995,0.0,0,861
2013-07-11 05:00:00,5,Thursday,July,Clear,16.82000000000005,0.0,0,2994
2013-07-11 12:00:00,12,Thursday,July,Clear,23.629999999999995,0.0,0,5343
2013-07-11 13:00:00,13,Thursday,July,Clear,24.460000000000036,0.0,0,5423
2013-07-11 22:00:00,22,Thursday,July,Clouds,20.110000000000014,0.0,68,2398
2013-07-11 23:00:00,23,Thursday,July,Clouds,18.980000000000018,0.0,68,1456
2013-07-12 03:00:00,3,Friday,July,Clear,15.720000000000027,0.0,0,384
2013-07-12 04:00:00,4,Friday,July,Mist,15.160000000000025,0.0,0,800
2013-07-12 07:00:00,7,Friday,July,Mist,15.590000000000032,0.0,0,6613
2013-07-12 08:00:00,8,Friday,July,Mist,17.629999999999995,0.0,0,5813
2013-07-12 12:00:00,12,Friday,July,Clear,25.83000000000004,0.0,0,5960
2013-07-12 18:00:00,18,Friday,July,Clear,28.5,0.0,8,4565
2013-07-12 19:00:00,19,Friday,July,Clear,28.060000000000002,0.0,8,3569
2013-07-13 04:00:00,4,Saturday,July,Clouds,21.02000000000004,0.0,48,434
2013-07-13 06:00:00,6,Saturday,July,Clouds,20.670000000000016,0.0,24,1346
2013-07-14 00:00:00,0,Sunday,July,Clear,25.230000000000018,0.0,8,1378
2013-07-14 03:00:00,3,Sunday,July,Thunderstorm,22.27000000000004,0.0,20,381
2013-07-14 04:00:00,4,Sunday,July,Rain,20.49000000000001,8.64,20,391
2013-07-14 05:00:00,5,Sunday,July,Rain,19.670000000000016,19.9,20,542
2013-07-14 08:00:00,8,Sunday,July,Rain,20.5,5.59,8,2260
2013-07-14 13:00:00,13,Sunday,July,Clear,23.82000000000005,0.0,0,4438
2013-07-14 15:00:00,15,Sunday,July,Clear,24.140000000000043,0.0,0,4363
2013-07-14 17:00:00,17,Sunday,July,Rain,23.560000000000002,0.0,0,4133
2013-07-14 23:00:00,23,Sunday,July,Clouds,21.5,0.0,12,2860
2013-07-15 05:00:00,5,Monday,July,Clouds,21.05000000000001,0.0,56,2908
2013-07-15 16:00:00,16,Monday,July,Clouds,28.060000000000002,0.0,76,6388
2013-07-15 19:00:00,19,Monday,July,Clouds,27.129999999999995,0.0,64,3509
2013-07-16 01:00:00,1,Tuesday,July,Clear,21.870000000000005,0.0,8,421
2013-07-16 05:00:00,5,Tuesday,July,Mist,19.720000000000027,0.0,0,2981
2013-07-16 13:00:00,13,Tuesday,July,Clear,30.0,0.0,0,5176
2013-07-16 18:00:00,18,Tuesday,July,Clear,29.78000000000003,0.0,0,4897
2013-07-16 19:00:00,19,Tuesday,July,Clear,29.03000000000003,0.0,0,3528
2013-07-16 20:00:00,20,Tuesday,July,Clear,28.180000000000007,0.0,0,3179
2013-07-17 08:00:00,8,Wednesday,July,Clouds,25.090000000000032,0.0,76,6220
2013-07-17 14:00:00,14,Wednesday,July,Clear,31.910000000000025,0.0,0,5698
2013-07-17 18:00:00,18,Wednesday,July,Clouds,31.670000000000016,0.0,12,4954
2013-07-17 21:00:00,21,Wednesday,July,Clouds,28.32000000000005,0.0,56,2896
2013-07-17 23:00:00,23,Wednesday,July,Clouds,26.340000000000032,0.0,56,1311
2013-07-18 01:00:00,1,Thursday,July,Clouds,24.54000000000002,0.0,64,434
2013-07-18 02:00:00,2,Thursday,July,Clouds,23.760000000000048,0.0,64,314
2013-07-18 06:00:00,6,Thursday,July,Clouds,22.629999999999995,0.0,20,6002
2013-07-18 07:00:00,7,Thursday,July,Clouds,23.160000000000025,0.0,20,6217
2013-07-18 08:00:00,8,Thursday,July,Clouds,24.870000000000005,0.0,20,6076
2013-07-18 11:00:00,11,Thursday,July,Clear,30.980000000000018,0.0,0,5228
2013-07-18 19:00:00,19,Thursday,July,Clouds,32.30000000000001,0.0,20,3943
2013-07-19 00:00:00,0,Friday,July,Clouds,25.810000000000002,0.0,64,3050
2013-07-19 03:00:00,3,Friday,July,Clear,24.910000000000025,0.0,0,419
2013-07-19 06:00:00,6,Friday,July,Clouds,23.680000000000007,0.0,32,5943
2013-07-19 10:00:00,10,Friday,July,Clouds,28.78000000000003,0.0,36,4881
2013-07-19 11:00:00,11,Friday,July,Clouds,30.450000000000045,0.0,36,5407
2013-07-19 12:00:00,12,Friday,July,Clear,31.5,0.0,8,5837
2013-07-19 13:00:00,13,Friday,July,Clear,32.200000000000045,0.0,8,5781
2013-07-19 14:00:00,14,Friday,July,Clear,33.19,0.0,8,5799
2013-07-19 18:00:00,18,Friday,July,Clear,32.72000000000003,0.0,0,4937
2013-07-19 19:00:00,19,Friday,July,Clear,32.370000000000005,0.0,0,3807
2013-07-19 20:00:00,20,Friday,July,Clear,31.220000000000027,0.0,0,3254
2013-07-20 04:00:00,4,Saturday,July,Clouds,25.83000000000004,0.0,68,426
2013-07-20 18:00:00,18,Saturday,July,Clear,27.629999999999995,0.0,0,4534
2013-07-21 04:00:00,4,Sunday,July,Clear,17.890000000000043,0.0,0,329
2013-07-21 17:00:00,17,Sunday,July,Clouds,25.100000000000023,0.0,92,4226
2013-07-21 19:00:00,19,Sunday,July,Rain,24.379999999999995,0.0,92,3361
2013-07-21 20:00:00,20,Sunday,July,Clouds,23.140000000000043,0.0,75,3131
2013-07-21 21:00:00,21,Sunday,July,Rain,21.52000000000004,0.0,56,2868
2013-07-21 22:00:00,22,Sunday,July,Rain,20.460000000000036,0.0,56,1996
2013-07-21 23:00:00,23,Sunday,July,Rain,19.230000000000018,0.0,56,1307
2013-07-22 06:00:00,6,Monday,July,Clear,16.30000000000001,0.0,0,5843
2013-07-22 07:00:00,7,Monday,July,Clear,15.900000000000034,0.0,0,6144
2013-07-22 08:00:00,8,Monday,July,Rain,16.129999999999995,0.25,90,5982
2013-07-22 11:00:00,11,Monday,July,Clear,18.600000000000023,0.0,0,4636
2013-07-23 07:00:00,7,Tuesday,July,Rain,20.120000000000005,0.0,80,6266
2013-07-23 08:00:00,8,Tuesday,July,Rain,20.75,0.0,80,6265
2013-07-23 14:00:00,14,Tuesday,July,Clouds,28.140000000000043,0.0,32,5660
2013-07-23 15:00:00,15,Tuesday,July,Clear,28.760000000000048,0.0,0,6068
2013-07-23 18:00:00,18,Tuesday,July,Clear,26.980000000000018,0.0,0,4555
2013-07-23 20:00:00,20,Tuesday,July,Clear,23.860000000000014,0.0,0,3180
2013-07-23 21:00:00,21,Tuesday,July,Clear,22.140000000000043,0.0,0,2903
2013-07-23 22:00:00,22,Tuesday,July,Clear,20.590000000000032,0.0,0,1952
2013-07-23 23:00:00,23,Tuesday,July,Clear,19.410000000000025,0.0,0,1199
2013-07-24 08:00:00,8,Wednesday,July,Clouds,16.140000000000043,0.0,20,6184
2013-07-24 09:00:00,9,Wednesday,July,Clouds,17.49000000000001,0.0,56,5343
2013-07-24 15:00:00,15,Wednesday,July,Clear,23.25,0.0,0,6000
2013-07-24 22:00:00,22,Wednesday,July,Clear,18.210000000000036,0.0,0,2042
2013-07-24 23:00:00,23,Wednesday,July,Clear,16.74000000000001,0.0,0,1248
2013-07-25 00:00:00,0,Thursday,July,Clear,15.340000000000032,0.0,0,706
2013-07-25 05:00:00,5,Thursday,July,Clear,15.03000000000003,0.0,0,2903
2013-07-25 11:00:00,11,Thursday,July,Clear,18.57000000000005,0.0,0,5104
2013-07-25 16:00:00,16,Thursday,July,Clouds,24.0,0.0,32,6423
2013-07-25 22:00:00,22,Thursday,July,Clouds,19.390000000000043,0.0,64,2310
2013-07-26 01:00:00,1,Friday,July,Rain,19.260000000000048,0.0,32,474
2013-07-26 05:00:00,5,Friday,July,Clear,16.650000000000034,0.0,0,2740
2013-07-26 10:00:00,10,Friday,July,Clear,22.810000000000002,0.0,0,4821
2013-07-26 19:00:00,19,Friday,July,Clouds,25.0,0.0,92,3807
2013-07-26 20:00:00,20,Friday,July,Clouds,23.939999999999998,0.0,92,3140
2013-07-26 21:00:00,21,Friday,July,Rain,22.660000000000025,0.0,92,2917
2013-07-26 23:00:00,23,Friday,July,Rain,21.360000000000014,0.0,92,1929
2013-07-27 00:00:00,0,Saturday,July,Rain,21.27000000000004,0.0,24,1196
2013-07-27 03:00:00,3,Saturday,July,Rain,18.310000000000002,5.08,76,439
2013-07-27 06:00:00,6,Saturday,July,Clear,16.210000000000036,0.0,8,1549
2013-07-27 07:00:00,7,Saturday,July,Clear,15.410000000000025,0.0,8,2043
2013-07-27 08:00:00,8,Saturday,July,Clear,16.08000000000004,0.0,8,2854
2013-07-27 10:00:00,10,Saturday,July,Clouds,17.04000000000002,0.0,68,4049
2013-07-27 15:00:00,15,Saturday,July,Clouds,19.439999999999998,0.0,48,4418
2013-07-27 23:00:00,23,Saturday,July,Clouds,13.370000000000005,0.0,88,2031
2013-07-28 10:00:00,10,Sunday,July,Clear,14.920000000000016,0.0,0,3336
2013-07-28 12:00:00,12,Sunday,July,Rain,12.939999999999998,0.25,48,4253
2013-07-28 15:00:00,15,Sunday,July,Rain,15.189999999999998,0.25,76,4625
2013-07-29 01:00:00,1,Monday,July,Clouds,12.400000000000034,0.0,32,468
2013-07-29 03:00:00,3,Monday,July,Clouds,11.25,0.0,76,345
2013-07-29 04:00:00,4,Monday,July,Clouds,10.840000000000032,0.0,76,846
2013-07-29 05:00:00,5,Monday,July,Clouds,10.870000000000005,0.0,76,2833
2013-07-29 13:00:00,13,Monday,July,Clouds,18.760000000000048,0.0,12,5031
2013-07-29 16:00:00,16,Monday,July,Clouds,21.220000000000027,0.0,12,6303
2013-07-29 18:00:00,18,Monday,July,Clear,21.660000000000025,0.0,0,4322
2013-07-29 19:00:00,19,Monday,July,Clear,21.05000000000001,0.0,0,3391
2013-07-29 22:00:00,22,Monday,July,Clouds,15.400000000000034,0.0,32,1736
2013-07-30 03:00:00,3,Tuesday,July,Mist,11.140000000000043,0.0,0,377
2013-07-30 08:00:00,8,Tuesday,July,Clear,14.230000000000018,0.0,0,5794
2013-07-30 12:00:00,12,Tuesday,July,Clear,22.060000000000002,0.0,0,5353
2013-07-30 16:00:00,16,Tuesday,July,Clear,24.110000000000014,0.0,0,7070
2013-07-30 20:00:00,20,Tuesday,July,Clouds,21.670000000000016,0.0,24,3015
2013-07-30 23:00:00,23,Tuesday,July,Rain,18.950000000000045,0.0,80,1204
2013-07-31 09:00:00,9,Wednesday,July,Rain,17.150000000000034,0.51,92,5233
2013-07-31 11:00:00,11,Wednesday,July,Clouds,18.74000000000001,0.0,92,5072
2013-07-31 14:00:00,14,Wednesday,July,Clouds,20.32000000000005,0.0,12,5655
2013-07-31 16:00:00,16,Wednesday,July,Clouds,21.07000000000005,0.0,36,6594
2013-07-31 19:00:00,19,Wednesday,July,Clouds,20.870000000000005,0.0,80,3495
2013-08-01 12:00:00,12,Thursday,August,Clouds,21.129999999999995,0.0,64,5538
2013-08-01 17:00:00,17,Thursday,August,Rain,25.150000000000034,0.25,1,6168
2013-08-02 00:00:00,0,Friday,August,Clear,16.960000000000036,0.0,0,894
2013-08-02 01:00:00,1,Friday,August,Clear,15.830000000000041,0.0,0,552
2013-08-02 04:00:00,4,Friday,August,Clear,13.100000000000023,0.0,0,779
2013-08-02 07:00:00,7,Friday,August,Clear,12.810000000000002,0.0,0,6318
2013-08-02 11:00:00,11,Friday,August,Clouds,22.810000000000002,0.0,32,5458
2013-08-02 12:00:00,12,Friday,August,Clear,23.950000000000045,0.0,0,5815
2013-08-02 13:00:00,13,Friday,August,Clear,24.710000000000036,0.0,0,5842
2013-08-02 18:00:00,18,Friday,August,Clear,26.850000000000023,0.0,0,4955
2013-08-02 19:00:00,19,Friday,August,Clear,24.930000000000007,0.0,0,3793
2013-08-02 21:00:00,21,Friday,August,Clouds,21.670000000000016,0.0,40,3441
2013-08-02 22:00:00,22,Friday,August,Clouds,19.720000000000027,0.0,64,3589
2013-08-03 00:00:00,0,Saturday,August,Clear,18.210000000000036,0.0,0,1415
2013-08-03 01:00:00,1,Saturday,August,Clear,17.03000000000003,0.0,0,890
2013-08-03 12:00:00,12,Saturday,August,Clouds,22.650000000000034,0.0,12,4677
2013-08-03 13:00:00,13,Saturday,August,Clouds,22.970000000000027,0.0,12,4505
2013-08-03 20:00:00,20,Saturday,August,Clouds,21.640000000000043,0.0,92,3094
2013-08-03 21:00:00,21,Saturday,August,Clouds,19.150000000000034,0.0,92,2989
2013-08-03 22:00:00,22,Saturday,August,Clouds,16.83000000000004,0.0,92,2623
2013-08-04 07:00:00,7,Sunday,August,Clear,11.460000000000036,0.0,0,1132
2013-08-04 12:00:00,12,Sunday,August,Clouds,22.49000000000001,0.0,56,4572
2013-08-04 16:00:00,16,Sunday,August,Clouds,24.230000000000018,0.0,44,4392
2013-08-04 21:00:00,21,Sunday,August,Clouds,19.07000000000005,0.0,76,2880
2013-08-04 22:00:00,22,Sunday,August,Clouds,16.629999999999995,0.0,76,2040
2013-08-05 04:00:00,4,Monday,August,Clouds,11.82000000000005,0.0,20,845
2013-08-05 05:00:00,5,Monday,August,Clouds,11.510000000000048,0.0,20,2769
2013-08-05 06:00:00,6,Monday,August,Clouds,10.840000000000032,0.0,76,5471
2013-08-05 09:00:00,9,Monday,August,Clouds,16.03000000000003,0.0,80,4984
2013-08-05 10:00:00,10,Monday,August,Clouds,17.55000000000001,0.0,80,4393
2013-08-05 17:00:00,17,Monday,August,Clouds,22.650000000000034,0.0,92,5563
2013-08-05 20:00:00,20,Monday,August,Clouds,20.980000000000018,0.0,88,2834
2013-08-05 22:00:00,22,Monday,August,Clouds,17.010000000000048,0.0,92,1818
2013-08-06 04:00:00,4,Tuesday,August,Rain,16.33000000000004,9.53,90,852
2013-08-06 07:00:00,7,Tuesday,August,Rain,16.730000000000018,2.29,92,6791
2013-08-06 11:00:00,11,Tuesday,August,Rain,20.640000000000043,0.0,92,4959
2013-08-06 19:00:00,19,Tuesday,August,Rain,25.05000000000001,0.0,8,3458
2013-08-07 05:00:00,5,Wednesday,August,Clouds,14.07000000000005,0.0,44,2937
2013-08-07 09:00:00,9,Wednesday,August,Clouds,16.07000000000005,0.0,100,5150
2013-08-07 15:00:00,15,Wednesday,August,Clouds,27.220000000000027,0.0,68,6153
2013-08-07 19:00:00,19,Wednesday,August,Thunderstorm,26.33000000000004,0.0,64,3648
2013-08-08 01:00:00,1,Thursday,August,Clear,15.960000000000036,0.0,0,437
2013-08-08 03:00:00,3,Thursday,August,Rain,16.25,0.25,0,388
2013-08-08 04:00:00,4,Thursday,August,Clear,16.180000000000007,0.0,0,817
2013-08-08 07:00:00,7,Thursday,August,Clear,15.840000000000032,0.0,0,6771
2013-08-08 12:00:00,12,Thursday,August,Clear,20.310000000000002,0.0,0,5242
2013-08-08 15:00:00,15,Thursday,August,Clouds,23.29000000000002,0.0,20,5976
2013-08-08 18:00:00,18,Thursday,August,Clear,23.510000000000048,0.0,0,4815
2013-08-08 20:00:00,20,Thursday,August,Clear,21.910000000000025,0.0,0,3303
2013-08-08 21:00:00,21,Thursday,August,Clear,18.460000000000036,0.0,0,3042
2013-08-09 01:00:00,1,Friday,August,Clear,14.0,0.0,0,533
2013-08-09 03:00:00,3,Friday,August,Mist,12.960000000000036,0.0,0,396
2013-08-09 09:00:00,9,Friday,August,Clouds,17.32000000000005,0.0,75,5026
2013-08-09 10:00:00,10,Friday,August,Clouds,19.720000000000027,0.0,40,4914
2013-08-09 11:00:00,11,Friday,August,Clear,21.04000000000002,0.0,1,5401
2013-08-09 16:00:00,16,Friday,August,Clouds,23.04000000000002,0.0,75,6199
2013-08-09 23:00:00,23,Friday,August,Clouds,16.950000000000045,0.0,40,2172
2013-08-10 00:00:00,0,Saturday,August,Clear,16.420000000000016,0.0,1,1215
2013-08-10 03:00:00,3,Saturday,August,Clouds,16.210000000000036,0.0,20,463
2013-08-10 04:00:00,4,Saturday,August,Clouds,15.129999999999995,0.0,20,469
2013-08-10 11:00:00,11,Saturday,August,Clouds,20.460000000000036,0.0,20,4447
2013-08-10 13:00:00,13,Saturday,August,Clear,21.920000000000016,0.0,0,4411
2013-08-10 15:00:00,15,Saturday,August,Clear,23.03000000000003,0.0,0,4634
2013-08-10 16:00:00,16,Saturday,August,Clear,22.890000000000043,0.0,0,4605
2013-08-10 23:00:00,23,Saturday,August,Clear,18.010000000000048,0.0,0,2209
2013-08-11 02:00:00,2,Sunday,August,Clear,16.210000000000036,0.0,8,620
2013-08-11 10:00:00,10,Sunday,August,Clear,18.870000000000005,0.0,0,3335
2013-08-11 13:00:00,13,Sunday,August,Clear,21.74000000000001,0.0,8,4330
2013-08-11 15:00:00,15,Sunday,August,Clouds,22.379999999999995,0.0,12,4591
2013-08-11 23:00:00,23,Sunday,August,Clouds,16.32000000000005,0.0,44,1235
2013-08-12 12:00:00,12,Monday,August,Clouds,21.660000000000025,0.0,56,5117
2013-08-12 15:00:00,15,Monday,August,Clear,24.99000000000001,0.0,0,5799
2013-08-12 17:00:00,17,Monday,August,Clear,25.900000000000034,0.0,0,6234
2013-08-12 21:00:00,21,Monday,August,Clouds,20.82000000000005,0.0,68,2407
2013-08-13 04:00:00,4,Tuesday,August,Clear,16.75,0.0,0,868
2013-08-13 07:00:00,7,Tuesday,August,Clear,15.32000000000005,0.0,0,6480
2013-08-13 13:00:00,13,Tuesday,August,Clear,24.170000000000016,0.0,0,5553
2013-08-13 15:00:00,15,Tuesday,August,Clear,25.439999999999998,0.0,0,6176
2013-08-13 22:00:00,22,Tuesday,August,Clouds,18.28000000000003,0.0,76,1930
2013-08-14 20:00:00,20,Wednesday,August,Clear,20.720000000000027,0.0,0,3190
2013-08-15 00:00:00,0,Thursday,August,Clear,12.970000000000027,0.0,0,672
2013-08-15 03:00:00,3,Thursday,August,Clear,12.270000000000039,0.0,0,391
2013-08-15 04:00:00,4,Thursday,August,Clear,11.890000000000043,0.0,0,867
2013-08-15 05:00:00,5,Thursday,August,Clear,11.830000000000041,0.0,0,2978
2013-08-15 06:00:00,6,Thursday,August,Clouds,11.090000000000032,0.0,36,5893
2013-08-15 11:00:00,11,Thursday,August,Clouds,22.32000000000005,0.0,40,5228
2013-08-16 01:00:00,1,Friday,August,Clear,12.650000000000034,0.0,1,483
2013-08-16 13:00:00,13,Friday,August,Clouds,24.260000000000048,0.0,40,5827
2013-08-17 02:00:00,2,Saturday,August,Clouds,16.150000000000034,0.0,90,553
2013-08-17 10:00:00,10,Saturday,August,Clear,22.360000000000014,0.0,1,4018
2013-08-18 07:00:00,7,Sunday,August,Clear,13.580000000000041,0.0,0,1179
2013-08-18 08:00:00,8,Sunday,August,Clear,15.82000000000005,0.0,0,1895
2013-08-18 11:00:00,11,Sunday,August,Clear,23.08000000000004,0.0,0,4273
2013-08-18 13:00:00,13,Sunday,August,Clear,25.379999999999995,0.0,0,4519
2013-08-18 17:00:00,17,Sunday,August,Clouds,27.090000000000032,0.0,40,4423
2013-08-19 02:00:00,2,Monday,August,Clear,17.30000000000001,0.0,0,307
2013-08-19 05:00:00,5,Monday,August,Clear,15.580000000000041,0.0,0,2851
2013-08-19 10:00:00,10,Monday,August,Clear,21.230000000000018,0.0,0,4652
2013-08-19 12:00:00,12,Monday,August,Clouds,25.54000000000002,0.0,20,5284
2013-08-19 15:00:00,15,Monday,August,Clouds,27.100000000000023,0.0,44,5708
2013-08-19 16:00:00,16,Monday,August,Clouds,26.970000000000027,0.0,44,6116
2013-08-20 02:00:00,2,Tuesday,August,Clear,20.560000000000002,0.0,0,294
2013-08-20 03:00:00,3,Tuesday,August,Clouds,20.100000000000023,0.0,36,366
2013-08-20 11:00:00,11,Tuesday,August,Clouds,22.74000000000001,0.0,75,5151
2013-08-20 13:00:00,13,Tuesday,August,Clouds,26.810000000000002,0.0,24,5295
2013-08-20 18:00:00,18,Tuesday,August,Clouds,28.620000000000005,0.0,44,4691
2013-08-20 23:00:00,23,Tuesday,August,Clear,24.590000000000032,0.0,0,1167
2013-08-21 07:00:00,7,Wednesday,August,Clouds,21.05000000000001,0.0,44,6714
2013-08-21 14:00:00,14,Wednesday,August,Clear,30.680000000000007,0.0,0,5604
2013-08-21 20:00:00,20,Wednesday,August,Clear,27.980000000000018,0.0,0,3192
2013-08-22 02:00:00,2,Thursday,August,Clouds,23.939999999999998,0.0,12,302
2013-08-22 05:00:00,5,Thursday,August,Clear,22.80000000000001,0.0,0,3145
2013-08-22 08:00:00,8,Thursday,August,Mist,22.590000000000032,0.0,0,4343
2013-08-22 13:00:00,13,Thursday,August,Clouds,28.090000000000032,0.0,75,5492
2013-08-22 15:00:00,15,Thursday,August,Clouds,28.77000000000004,0.0,92,6173
2013-08-22 23:00:00,23,Thursday,August,Rain,23.02000000000004,0.0,12,1425
2013-08-23 11:00:00,11,Friday,August,Clouds,23.629999999999995,0.0,48,5660
2013-08-23 16:00:00,16,Friday,August,Clouds,28.710000000000036,0.0,48,5976
2013-08-23 22:00:00,22,Friday,August,Clear,19.560000000000002,0.0,0,2633
2013-08-24 10:00:00,10,Saturday,August,Clear,21.410000000000025,0.0,0,4604
2013-08-24 21:00:00,21,Saturday,August,Clouds,24.379999999999995,0.0,68,3092
2013-08-25 04:00:00,4,Sunday,August,Clouds,21.689999999999998,0.0,80,377
2013-08-25 10:00:00,10,Sunday,August,Clouds,24.689999999999998,0.0,36,4028
2013-08-25 12:00:00,12,Sunday,August,Clouds,28.260000000000048,0.0,56,4851
2013-08-25 13:00:00,13,Sunday,August,Clouds,29.55000000000001,0.0,56,4751
2013-08-25 14:00:00,14,Sunday,August,Clouds,30.30000000000001,0.0,56,4723
2013-08-25 21:00:00,21,Sunday,August,Clear,27.340000000000032,0.0,0,2727
2013-08-26 03:00:00,3,Monday,August,Clear,25.610000000000014,0.0,0,331
2013-08-26 06:00:00,6,Monday,August,Clear,25.160000000000025,0.0,0,5773
2013-08-26 08:00:00,8,Monday,August,Clear,25.100000000000023,0.0,0,6219
2013-08-26 10:00:00,10,Monday,August,Clear,27.0,0.0,0,4765
2013-08-26 18:00:00,18,Monday,August,Clear,33.160000000000025,0.0,0,4520
2013-08-28 00:00:00,0,Wednesday,August,Clear,27.200000000000045,0.0,8,628
2013-08-28 10:00:00,10,Wednesday,August,Clear,29.02000000000004,0.0,1,4941
2013-08-28 11:00:00,11,Wednesday,August,Clear,29.930000000000007,0.0,5,5157
2013-08-28 16:00:00,16,Wednesday,August,Clear,32.47000000000003,0.0,0,6760
2013-08-29 00:00:00,0,Thursday,August,Clear,23.640000000000043,0.0,0,643
2013-08-29 09:00:00,9,Thursday,August,Clear,22.120000000000005,0.0,0,5533
2013-08-29 10:00:00,10,Thursday,August,Clear,24.960000000000036,0.0,0,5079
2013-08-29 12:00:00,12,Thursday,August,Clear,28.870000000000005,0.0,0,5833
2013-08-29 14:00:00,14,Thursday,August,Clear,30.350000000000023,0.0,0,6138
2013-08-30 00:00:00,0,Friday,August,Clouds,22.470000000000027,0.0,24,773
2013-08-30 02:00:00,2,Friday,August,Clouds,22.83000000000004,0.0,24,377
2013-08-30 06:00:00,6,Friday,August,Rain,23.379999999999995,6.6,80,5413
2013-08-30 08:00:00,8,Friday,August,Mist,23.75,0.0,80,6042
2013-08-30 09:00:00,9,Friday,August,Mist,24.360000000000014,0.0,80,5458
2013-08-30 10:00:00,10,Friday,August,Haze,26.210000000000036,0.0,80,5323
2013-08-30 12:00:00,12,Friday,August,Clear,29.82000000000005,0.0,0,6269
2013-08-30 16:00:00,16,Friday,August,Clouds,31.53000000000003,0.0,12,6009
2013-08-30 21:00:00,21,Friday,August,Clear,27.189999999999998,0.0,0,3181
2013-08-30 22:00:00,22,Friday,August,Clear,26.430000000000007,0.0,0,2546
2013-08-30 23:00:00,23,Friday,August,Clear,26.200000000000045,0.0,0,2101
2013-09-01 23:00:00,23,Sunday,September,Clear,16.450000000000045,0.0,1,1712
2013-09-02 01:00:00,1,Monday,September,Clear,13.520000000000039,0.0,1,563
2013-09-02 07:00:00,7,Monday,September,Clear,13.160000000000025,0.0,0,1567
2013-09-02 21:00:00,21,Monday,September,Clear,13.379999999999995,0.0,0,2325
2013-09-03 02:00:00,2,Tuesday,September,Mist,10.0,0.0,75,223
2013-09-04 12:00:00,12,Wednesday,September,Clear,25.840000000000032,0.0,5,5194
2013-09-04 19:00:00,19,Wednesday,September,Clouds,24.890000000000043,0.0,64,3568
2013-09-04 23:00:00,23,Wednesday,September,Clouds,19.80000000000001,0.0,80,3578
2013-09-05 12:00:00,12,Thursday,September,Clear,24.170000000000016,0.0,8,5299
2013-09-06 13:00:00,13,Friday,September,Clear,31.03000000000003,0.0,1,5382
2013-09-06 14:00:00,14,Friday,September,Clear,32.0,0.0,1,5770
2013-09-06 16:00:00,16,Friday,September,Clouds,32.02000000000004,0.0,40,6535
2013-09-06 23:00:00,23,Friday,September,Clear,25.206000000000017,0.0,0,2018
2013-09-07 01:00:00,1,Saturday,September,Clear,23.25,0.0,1,744
2013-09-07 05:00:00,5,Saturday,September,Mist,20.220000000000027,0.0,1,950
2013-09-07 21:00:00,21,Saturday,September,Clear,22.882000000000005,0.0,0,3050
2013-09-08 05:00:00,5,Sunday,September,Clouds,17.686000000000035,0.0,12,553
2013-09-08 20:00:00,20,Sunday,September,Clouds,21.33000000000004,0.0,20,2849
2013-09-09 00:00:00,0,Monday,September,Clouds,20.420000000000016,0.0,20,542
2013-09-09 08:00:00,8,Monday,September,Rain,20.58000000000004,0.56,48,6292
2013-09-09 19:00:00,19,Monday,September,Clear,31.120000000000005,0.0,0,3480
2013-09-09 20:00:00,20,Monday,September,Haze,29.210000000000036,0.0,0,2872
2013-09-10 13:00:00,13,Tuesday,September,Clouds,24.140000000000043,0.0,76,4912
2013-09-10 22:00:00,22,Tuesday,September,Clouds,21.53000000000003,0.0,92,1676
2013-09-11 08:00:00,8,Wednesday,September,Rain,17.460000000000036,0.51,0,6225
2013-09-11 09:00:00,9,Wednesday,September,Rain,19.510000000000048,0.51,0,5490
2013-09-11 14:00:00,14,Wednesday,September,Clouds,28.350000000000023,0.0,40,5471
2013-09-11 17:00:00,17,Wednesday,September,Clear,27.670000000000016,0.0,1,6503
2013-09-11 23:00:00,23,Wednesday,September,Clear,18.970000000000027,0.0,1,2306
2013-09-12 11:00:00,11,Thursday,September,Clear,20.140000000000043,0.0,1,4750
2013-09-13 05:00:00,5,Friday,September,Clear,5.960000000000036,0.0,1,2838
2013-09-13 07:00:00,7,Friday,September,Clear,5.6299999999999955,0.0,1,6435
2013-09-13 12:00:00,12,Friday,September,Clear,18.680000000000007,0.0,1,5469
2013-09-14 08:00:00,8,Saturday,September,Clear,13.350000000000023,0.0,1,3407
2013-09-14 10:00:00,10,Saturday,September,Clouds,17.74000000000001,0.0,75,4782
2013-09-14 16:00:00,16,Saturday,September,Rain,16.670000000000016,0.0,90,4588
2013-09-14 21:00:00,21,Saturday,September,Rain,14.0,0.0,90,2894
2013-09-14 22:00:00,22,Saturday,September,Rain,14.0,0.0,90,2506
2013-09-15 01:00:00,1,Sunday,September,Drizzle,13.490000000000009,0.0,90,865
2013-09-15 17:00:00,17,Sunday,September,Clouds,18.0,0.0,75,4171
2013-09-16 01:00:00,1,Monday,September,Clear,7.740000000000009,0.0,1,294
2013-09-16 19:00:00,19,Monday,September,Clear,13.980000000000018,0.0,1,3354
2013-09-16 22:00:00,22,Monday,September,Clear,10.720000000000027,0.0,1,1566
2013-09-17 02:00:00,2,Tuesday,September,Clear,9.470000000000027,0.0,1,233
2013-09-17 05:00:00,5,Tuesday,September,Clear,9.740000000000009,0.0,1,3058
2013-09-17 10:00:00,10,Tuesday,September,Clouds,15.350000000000023,0.0,90,4489
2013-09-17 13:00:00,13,Tuesday,September,Clouds,19.700000000000045,0.0,75,5018
2013-09-17 14:00:00,14,Tuesday,September,Clouds,19.04000000000002,0.0,90,5303
2013-09-17 16:00:00,16,Tuesday,September,Clouds,17.52000000000004,0.0,90,6605
2013-09-17 19:00:00,19,Tuesday,September,Rain,14.5,0.0,90,3405
2013-09-17 21:00:00,21,Tuesday,September,Mist,14.670000000000016,0.0,90,3345
2013-09-18 01:00:00,1,Wednesday,September,Rain,15.57000000000005,0.0,90,332
2013-09-18 03:00:00,3,Wednesday,September,Mist,16.390000000000043,0.0,90,331
2013-09-18 04:00:00,4,Wednesday,September,Drizzle,16.430000000000007,0.0,90,850
2013-09-18 05:00:00,5,Wednesday,September,Rain,16.57000000000005,0.0,90,2940
2013-09-18 07:00:00,7,Wednesday,September,Drizzle,17.189999999999998,0.0,90,5951
2013-09-18 08:00:00,8,Wednesday,September,Mist,18.0,0.0,90,5653
2013-09-18 18:00:00,18,Wednesday,September,Haze,23.260000000000048,0.0,40,4981
2013-09-18 23:00:00,23,Wednesday,September,Mist,21.480000000000018,0.0,1,1106
2013-09-19 04:00:00,4,Thursday,September,Rain,21.560000000000002,0.0,90,815
2013-09-19 08:00:00,8,Thursday,September,Thunderstorm,21.0,0.0,75,6300
2013-09-19 19:00:00,19,Thursday,September,Clear,20.75,0.0,1,3785
2013-09-19 20:00:00,20,Thursday,September,Clear,19.33000000000004,0.0,1,3235
2013-09-19 22:00:00,22,Thursday,September,Clear,17.99000000000001,0.0,1,2069
2013-09-20 02:00:00,2,Friday,September,Clouds,15.240000000000009,0.0,75,312
2013-09-20 09:00:00,9,Friday,September,Clouds,14.510000000000048,0.0,90,4916
2013-09-20 14:00:00,14,Friday,September,Clouds,17.350000000000023,0.0,90,5813
2013-09-20 19:00:00,19,Friday,September,Clouds,12.0,0.0,90,3953
2013-09-20 20:00:00,20,Friday,September,Clear,11.0,0.0,1,3320
2013-09-21 01:00:00,1,Saturday,September,Clouds,9.220000000000027,0.0,90,716
2013-09-21 19:00:00,19,Saturday,September,Clear,11.980000000000018,0.0,1,4042
2013-09-22 22:00:00,22,Sunday,September,Clear,16.99000000000001,0.0,1,1556
2013-09-23 02:00:00,2,Monday,September,Clear,14.480000000000018,0.0,1,261
2013-09-23 15:00:00,15,Monday,September,Clear,22.010000000000048,0.0,0,5817
2013-09-23 23:00:00,23,Monday,September,Clear,15.78000000000003,0.0,0,993
2013-09-24 09:00:00,9,Tuesday,September,Clouds,12.490000000000009,0.0,12,5488
2013-09-24 12:00:00,12,Tuesday,September,Clouds,19.129999999999995,0.0,48,5046
2013-09-24 13:00:00,13,Tuesday,September,Clouds,20.910000000000025,0.0,48,4981
2013-09-24 14:00:00,14,Tuesday,September,Clouds,22.57000000000005,0.0,48,5464
2013-09-24 20:00:00,20,Tuesday,September,Clouds,17.480000000000018,0.0,68,3283
2013-09-25 08:00:00,8,Wednesday,September,Rain,10.140000000000043,0.51,0,5674
2013-09-25 20:00:00,20,Wednesday,September,Clear,18.0,0.0,0,3119
2013-09-26 05:00:00,5,Thursday,September,Clear,13.770000000000039,0.0,0,2971
2013-09-26 06:00:00,6,Thursday,September,Clear,13.710000000000036,0.0,0,5476
2013-09-26 07:00:00,7,Thursday,September,Clear,13.32000000000005,0.0,0,5924
2013-09-26 12:00:00,12,Thursday,September,Clear,21.78000000000003,0.0,0,5058
2013-09-26 13:00:00,13,Thursday,September,Clear,23.610000000000014,0.0,0,5160
2013-09-26 15:00:00,15,Thursday,September,Clear,25.99000000000001,0.0,0,6145
2013-09-27 02:00:00,2,Friday,September,Clear,19.939999999999998,0.0,0,315
2013-09-27 05:00:00,5,Friday,September,Clear,19.129999999999995,0.0,0,2796
2013-09-27 09:00:00,9,Friday,September,Clouds,19.75,0.0,64,5147
2013-09-27 11:00:00,11,Friday,September,Rain,20.930000000000007,0.51,64,5320
2013-09-27 12:00:00,12,Friday,September,Rain,21.620000000000005,0.51,64,5468
2013-09-27 19:00:00,19,Friday,September,Clear,25.480000000000018,0.0,1,3964
2013-09-27 20:00:00,20,Friday,September,Clear,25.350000000000023,0.0,1,3301
2013-09-28 00:00:00,0,Saturday,September,Clear,23.260000000000048,0.0,1,1332
2013-09-28 04:00:00,4,Saturday,September,Clouds,20.75,0.0,40,432
2013-09-28 05:00:00,5,Saturday,September,Clouds,20.260000000000048,0.0,40,879
2013-09-28 07:00:00,7,Saturday,September,Clouds,20.350000000000023,0.0,75,2367
2013-09-28 08:00:00,8,Saturday,September,Rain,19.689999999999998,0.0,90,3575
2013-09-28 13:00:00,13,Saturday,September,Rain,13.28000000000003,0.0,90,5084
2013-09-28 16:00:00,16,Saturday,September,Clouds,14.680000000000007,0.0,90,4390
2013-09-29 00:00:00,0,Sunday,September,Clear,8.990000000000009,0.0,1,1785
2013-09-29 05:00:00,5,Sunday,September,Clear,7.490000000000009,0.0,1,543
2013-09-29 07:00:00,7,Sunday,September,Clear,6.650000000000034,0.0,1,1401
2013-09-29 16:00:00,16,Sunday,September,Clear,24.650000000000034,0.0,1,4724
2013-09-29 17:00:00,17,Sunday,September,Clear,24.0,0.0,1,4794
2013-09-29 19:00:00,19,Sunday,September,Clear,19.0,0.0,1,3837
2013-09-29 23:00:00,23,Sunday,September,Clear,18.010000000000048,0.0,1,1028
2013-09-30 02:00:00,2,Monday,September,Clear,16.760000000000048,0.0,1,270
2013-10-03 03:00:00,3,Thursday,October,Rain,13.310000000000002,0.0,92,369
2013-10-03 08:00:00,8,Thursday,October,Mist,13.580000000000041,0.0,92,5810
2013-10-03 09:00:00,9,Thursday,October,Drizzle,13.100000000000023,0.0,92,5320
2013-10-03 11:00:00,11,Thursday,October,Rain,13.490000000000009,0.38,90,4853
2013-10-03 12:00:00,12,Thursday,October,Rain,13.620000000000005,2.03,92,5339
2013-10-03 18:00:00,18,Thursday,October,Rain,13.770000000000039,0.51,76,4759
2013-10-03 20:00:00,20,Thursday,October,Rain,13.520000000000039,0.0,76,3210
2013-10-04 02:00:00,2,Friday,October,Rain,12.240000000000009,0.25,92,343
2013-10-04 05:00:00,5,Friday,October,Clouds,12.310000000000002,0.0,92,2717
2013-10-04 12:00:00,12,Friday,October,Mist,13.110000000000014,0.0,92,5789
2013-10-05 00:00:00,0,Saturday,October,Rain,13.78000000000003,3.98,92,1065
2013-10-05 02:00:00,2,Saturday,October,Rain,14.04000000000002,0.25,92,534
2013-10-05 06:00:00,6,Saturday,October,Mist,14.480000000000018,0.0,90,1399
2013-10-05 08:00:00,8,Saturday,October,Drizzle,13.490000000000009,0.0,90,3452
2013-10-05 12:00:00,12,Saturday,October,Mist,14.0,0.0,40,5739
2013-10-05 13:00:00,13,Saturday,October,Drizzle,14.0,0.0,75,5270
2013-10-05 17:00:00,17,Saturday,October,Rain,11.710000000000036,0.0,90,4943
2013-10-05 20:00:00,20,Saturday,October,Clear,8.020000000000039,0.0,1,3162
2013-10-06 01:00:00,1,Sunday,October,Mist,7.340000000000032,0.0,90,808
2013-10-06 07:00:00,7,Sunday,October,Mist,7.9500000000000455,0.0,90,1571
2013-10-06 11:00:00,11,Sunday,October,Rain,11.0,0.0,90,4558
2013-10-06 17:00:00,17,Sunday,October,Mist,9.490000000000009,0.0,90,4490
2013-10-07 01:00:00,1,Monday,October,Clear,6.730000000000018,0.0,1,301
2013-10-07 12:00:00,12,Monday,October,Clouds,16.379999999999995,0.0,20,4699
2013-10-07 19:00:00,19,Monday,October,Clear,14.379999999999995,0.0,0,3452
2013-10-08 09:00:00,9,Tuesday,October,Clear,13.5,0.0,1,5268
2013-10-08 19:00:00,19,Tuesday,October,Clear,21.0,0.0,1,3643
2013-10-09 00:00:00,0,Wednesday,October,Clear,18.25,0.0,1,561
2013-10-09 01:00:00,1,Wednesday,October,Clear,17.75,0.0,1,337
2013-10-09 06:00:00,6,Wednesday,October,Clear,15.240000000000009,0.0,1,5841
2013-10-09 11:00:00,11,Wednesday,October,Clear,19.680000000000007,0.0,1,4919
2013-10-09 12:00:00,12,Wednesday,October,Clear,21.680000000000007,0.0,1,4910
2013-10-09 13:00:00,13,Wednesday,October,Clear,22.680000000000007,0.0,1,4891
2013-10-09 20:00:00,20,Wednesday,October,Clear,16.650000000000034,0.0,1,3022
2013-10-09 21:00:00,21,Wednesday,October,Clear,16.230000000000018,0.0,1,2517
2013-10-10 01:00:00,1,Thursday,October,Clear,13.230000000000018,0.0,1,372
2013-10-10 04:00:00,4,Thursday,October,Clear,11.480000000000018,0.0,1,856
2013-10-10 07:00:00,7,Thursday,October,Clear,11.310000000000002,0.0,1,6668
2013-10-10 11:00:00,11,Thursday,October,Clear,19.650000000000034,0.0,1,4691
2013-10-10 16:00:00,16,Thursday,October,Clouds,25.0,0.0,40,6661
2013-10-10 18:00:00,18,Thursday,October,Clear,21.350000000000023,0.0,1,4974
2013-10-11 04:00:00,4,Friday,October,Clear,15.490000000000009,0.0,1,791
2013-10-11 11:00:00,11,Friday,October,Clouds,19.450000000000045,0.0,56,5187
2013-10-12 00:00:00,0,Saturday,October,Rain,15.78000000000003,1.68,44,1297
2013-10-12 03:00:00,3,Saturday,October,Clouds,11.400000000000034,0.0,44,418
2013-10-12 04:00:00,4,Saturday,October,Clear,10.560000000000002,0.0,1,469
2013-10-12 06:00:00,6,Saturday,October,Clear,9.510000000000048,0.0,0,1548
2013-10-12 12:00:00,12,Saturday,October,Clouds,12.090000000000032,0.0,64,5377
2013-10-12 16:00:00,16,Saturday,October,Clouds,10.060000000000002,0.0,76,5463
2013-10-12 18:00:00,18,Saturday,October,Rain,10.160000000000025,0.25,76,4724
2013-10-13 16:00:00,16,Sunday,October,Clear,14.220000000000027,0.0,0,5353
2013-10-14 05:00:00,5,Monday,October,Clear,4.439999999999998,0.0,8,2694
2013-10-14 12:00:00,12,Monday,October,Clouds,9.910000000000025,0.0,92,4696
2013-10-15 06:00:00,6,Tuesday,October,Rain,9.140000000000043,1.66,92,5452
2013-10-15 10:00:00,10,Tuesday,October,Rain,11.110000000000014,0.25,92,4480
2013-10-15 15:00:00,15,Tuesday,October,Rain,10.120000000000005,0.64,92,5901
2013-10-15 18:00:00,18,Tuesday,October,Rain,9.470000000000027,0.51,92,4833
2013-10-16 00:00:00,0,Wednesday,October,Rain,7.730000000000018,0.25,92,496
2013-10-16 17:00:00,17,Wednesday,October,Clear,11.620000000000005,0.0,0,6344
2013-10-17 06:00:00,6,Thursday,October,Clear,4.6200000000000045,0.0,0,5762
2013-10-17 17:00:00,17,Thursday,October,Rain,11.080000000000041,0.25,92,6279
2013-10-17 22:00:00,22,Thursday,October,Rain,7.660000000000025,0.91,76,2322
2013-10-17 23:00:00,23,Thursday,October,Rain,7.050000000000011,1.21,76,1236
2013-10-18 00:00:00,0,Friday,October,Rain,6.350000000000023,1.13,68,686
2013-10-18 01:00:00,1,Friday,October,Rain,5.800000000000011,1.09,68,424
2013-10-18 02:00:00,2,Friday,October,Rain,5.010000000000048,0.89,68,341
2013-10-18 03:00:00,3,Friday,October,Rain,4.830000000000041,0.53,44,396
2013-10-18 09:00:00,9,Friday,October,Clouds,3.590000000000032,0.0,48,4998
2013-10-18 15:00:00,15,Friday,October,Clouds,10.670000000000016,0.0,56,5935
2013-10-18 16:00:00,16,Friday,October,Clouds,10.180000000000007,0.0,56,6277
2013-10-18 20:00:00,20,Friday,October,Drizzle,5.310000000000002,0.0,92,3239
2013-10-18 21:00:00,21,Friday,October,Clear,5.03000000000003,0.0,0,3146
2013-10-18 23:00:00,23,Friday,October,Rain,5.170000000000016,0.0,0,2130
2013-10-19 01:00:00,1,Saturday,October,Clear,4.960000000000036,0.0,0,829
2013-10-19 05:00:00,5,Saturday,October,Clear,0.6570000000000391,0.0,0,854
2013-10-19 09:00:00,9,Saturday,October,Rain,2.9700000000000273,0.35,64,3867
2013-10-19 12:00:00,12,Saturday,October,Clouds,6.230000000000018,0.0,64,5031
2013-10-19 21:00:00,21,Saturday,October,Clear,3.080000000000041,0.0,8,3065
2013-10-20 00:00:00,0,Sunday,October,Rain,1.3900000000000432,0.25,0,1408
2013-10-20 05:00:00,5,Sunday,October,Clouds,0.5900000000000318,0.0,90,532
2013-10-21 22:00:00,22,Monday,October,Clear,-0.7099999999999795,0.0,1,1509
2013-10-22 01:00:00,1,Tuesday,October,Clear,-2.509999999999991,0.0,1,355
2013-10-22 03:00:00,3,Tuesday,October,Clear,-2.75,0.0,1,340
2013-10-22 08:00:00,8,Tuesday,October,Clouds,-1.5399999999999636,0.0,75,6375
2013-10-22 09:00:00,9,Tuesday,October,Clouds,1.3500000000000227,0.0,40,5532
2013-10-23 15:00:00,15,Wednesday,October,Clouds,1.6800000000000068,0.0,90,6116
2013-10-23 17:00:00,17,Wednesday,October,Clouds,1.6800000000000068,0.0,90,6534
2013-10-24 09:00:00,9,Thursday,October,Clouds,1.5,0.0,40,5487
2013-10-24 23:00:00,23,Thursday,October,Clouds,3.240000000000009,0.0,90,1400
2013-10-25 18:00:00,18,Friday,October,Clear,14.0,0.0,1,5753
2013-10-25 21:00:00,21,Friday,October,Clear,12.490000000000009,0.0,1,3479
2013-10-26 07:00:00,7,Saturday,October,Clear,1.990000000000009,0.0,1,2555
2013-10-26 10:00:00,10,Saturday,October,Clear,4.650000000000034,0.0,1,5341
2013-11-06 07:00:00,7,Wednesday,November,Clouds,-1.8599999999999568,0.0,64,6621
2013-11-06 10:00:00,10,Wednesday,November,Clouds,-0.5099999999999909,0.0,64,4453
2013-11-06 16:00:00,16,Wednesday,November,Clouds,3.0400000000000205,0.0,64,6934
2013-11-06 17:00:00,17,Wednesday,November,Clouds,1.8799999999999955,0.0,64,6617
2013-11-06 21:00:00,21,Wednesday,November,Clouds,-0.5,0.0,64,2431
2013-11-06 23:00:00,23,Wednesday,November,Clouds,-1.2299999999999613,0.0,64,1095
2013-11-07 06:00:00,6,Thursday,November,Fog,-4.939999999999998,0.0,64,5930
2013-11-07 10:00:00,10,Thursday,November,Mist,-0.38999999999998636,0.0,90,4637
2013-11-07 18:00:00,18,Thursday,November,Clouds,-1.5699999999999932,0.0,64,5773
2013-11-08 04:00:00,4,Friday,November,Mist,-4.810000000000002,0.0,64,766
2013-11-08 05:00:00,5,Friday,November,Mist,-4.5499999999999545,0.0,64,2643
2013-11-08 12:00:00,12,Friday,November,Rain,2.8500000000000227,0.0,64,5542
2013-11-08 23:00:00,23,Friday,November,Rain,5.770000000000039,0.0,64,1733
2013-11-09 02:00:00,2,Saturday,November,Clouds,5.689999999999998,0.0,64,509
2013-11-09 05:00:00,5,Saturday,November,Clouds,5.360000000000014,0.0,64,753
2013-11-09 06:00:00,6,Saturday,November,Clouds,5.600000000000023,0.0,64,1351
2013-11-09 12:00:00,12,Saturday,November,Clouds,5.860000000000014,0.0,64,4537
2013-11-09 14:00:00,14,Saturday,November,Clouds,4.220000000000027,0.0,64,4428
2013-11-09 18:00:00,18,Saturday,November,Clouds,3.0200000000000387,0.0,64,3727
2013-11-09 23:00:00,23,Saturday,November,Clouds,2.5300000000000296,0.0,64,1871
2013-11-10 11:00:00,11,Sunday,November,Clouds,3.5500000000000114,0.0,64,3407
2013-11-10 12:00:00,12,Sunday,November,Clouds,4.2900000000000205,0.0,64,3903
2013-11-10 13:00:00,13,Sunday,November,Clouds,4.490000000000009,0.0,64,4099
2013-11-10 18:00:00,18,Sunday,November,Clouds,2.930000000000007,0.0,64,3510
2013-11-10 19:00:00,19,Sunday,November,Clouds,3.0200000000000387,0.0,64,2844
2013-11-11 01:00:00,1,Monday,November,Rain,2.400000000000034,0.0,64,286
2013-11-11 02:00:00,2,Monday,November,Clouds,1.7600000000000477,0.0,64,215
2013-11-11 03:00:00,3,Monday,November,Snow,0.75,0.0,64,305
2013-11-11 05:00:00,5,Monday,November,Clouds,-2.669999999999959,0.0,64,2576
2013-11-11 10:00:00,10,Monday,November,Clouds,-6.039999999999964,0.0,64,4167
2013-11-11 11:00:00,11,Monday,November,Clouds,-5.0,0.0,40,4200
2013-11-11 13:00:00,13,Monday,November,Clouds,-3.8799999999999955,0.0,64,4678
2013-11-11 14:00:00,14,Monday,November,Clouds,-3.4399999999999977,0.0,64,4971
2013-11-11 21:00:00,21,Monday,November,Clouds,-8.21999999999997,0.0,64,1991
2013-11-12 11:00:00,11,Tuesday,November,Clouds,-6.239999999999952,0.0,64,4657
2013-11-12 15:00:00,15,Tuesday,November,Clouds,-2.1200000000000045,0.0,64,5891
2013-11-12 18:00:00,18,Tuesday,November,Clouds,-4.0499999999999545,0.0,64,4622
2013-11-12 19:00:00,19,Tuesday,November,Clouds,-5.019999999999982,0.0,64,3190
2013-11-12 20:00:00,20,Tuesday,November,Clouds,-5.199999999999989,0.0,64,2981
2013-11-12 23:00:00,23,Tuesday,November,Clouds,-5.259999999999991,0.0,64,975
2013-11-13 02:00:00,2,Wednesday,November,Clouds,-5.0,0.0,64,259
2013-11-13 05:00:00,5,Wednesday,November,Clouds,-4.789999999999964,0.0,64,2786
2013-11-13 07:00:00,7,Wednesday,November,Clouds,-3.659999999999968,0.0,64,7020
2013-11-13 10:00:00,10,Wednesday,November,Clouds,1.0900000000000318,0.0,64,4445
2013-11-13 12:00:00,12,Wednesday,November,Clouds,5.980000000000018,0.0,64,5045
2013-11-13 13:00:00,13,Wednesday,November,Clouds,7.720000000000027,0.0,64,5039
2013-11-13 21:00:00,21,Wednesday,November,Clouds,4.890000000000043,0.0,64,3975
2013-11-13 22:00:00,22,Wednesday,November,Clouds,4.050000000000011,0.0,64,2288
2013-11-14 03:00:00,3,Thursday,November,Clear,3.0,0.0,1,351
2013-11-14 11:00:00,11,Thursday,November,Clouds,5.060000000000002,0.0,64,4907
2013-11-14 12:00:00,12,Thursday,November,Clouds,6.1200000000000045,0.0,64,5117
2013-11-14 15:00:00,15,Thursday,November,Clouds,10.830000000000041,0.0,64,6224
2013-11-14 16:00:00,16,Thursday,November,Clouds,11.140000000000043,0.0,64,6673
2013-11-14 18:00:00,18,Thursday,November,Clouds,6.760000000000048,0.0,64,4732
2013-11-14 20:00:00,20,Thursday,November,Clouds,4.110000000000014,0.0,64,3232
2013-11-15 01:00:00,1,Friday,November,Clouds,-0.009999999999990905,0.0,64,411
2013-11-15 09:00:00,9,Friday,November,Mist,1.5200000000000387,0.0,64,5297
2013-11-15 10:00:00,10,Friday,November,Clouds,3.890000000000043,0.0,64,4926
2013-11-15 11:00:00,11,Friday,November,Clouds,6.8700000000000045,0.0,64,5228
2013-11-15 13:00:00,13,Friday,November,Clouds,11.5,0.0,64,5382
2013-11-15 20:00:00,20,Friday,November,Clear,8.0,0.0,1,2827
2013-11-16 00:00:00,0,Saturday,November,Clear,6.5,0.0,1,1106
2013-11-16 01:00:00,1,Saturday,November,Clear,6.010000000000048,0.0,1,723
2013-11-16 03:00:00,3,Saturday,November,Clouds,5.760000000000048,0.0,40,387
2013-11-16 04:00:00,4,Saturday,November,Clear,5.5,0.0,1,424
2013-11-16 11:00:00,11,Saturday,November,Mist,7.32000000000005,0.0,64,4342
2013-11-16 13:00:00,13,Saturday,November,Rain,7.310000000000002,1.27,90,4592
2013-11-16 18:00:00,18,Saturday,November,Mist,8.120000000000005,0.0,64,4289
2013-11-16 22:00:00,22,Saturday,November,Mist,8.120000000000005,0.0,64,2671
2013-11-17 00:00:00,0,Sunday,November,Mist,6.710000000000036,0.0,64,1295
2013-11-17 01:00:00,1,Sunday,November,Mist,6.03000000000003,0.0,64,857
2013-11-17 09:00:00,9,Sunday,November,Clouds,5.510000000000048,0.0,90,2509
2013-11-17 12:00:00,12,Sunday,November,Clouds,3.643000000000029,0.0,64,3990
2013-11-17 15:00:00,15,Sunday,November,Clouds,4.0,0.0,90,4345
2013-11-17 21:00:00,21,Sunday,November,Clouds,1.0,0.0,90,3185
2013-11-17 22:00:00,22,Sunday,November,Clouds,-0.08999999999997499,0.0,90,2051
2013-11-18 08:00:00,8,Monday,November,Clouds,-2.5600000000000023,0.0,64,6092
2013-11-18 09:00:00,9,Monday,November,Clouds,-2.3100000000000023,0.0,64,5093
2013-11-18 11:00:00,11,Monday,November,Clouds,-1.419999999999959,0.0,64,4545
2013-11-18 15:00:00,15,Monday,November,Clear,1.0,0.0,1,5622
2013-11-18 17:00:00,17,Monday,November,Clouds,-1.6099999999999568,0.0,64,6177
2013-11-18 20:00:00,20,Monday,November,Clouds,-4.6200000000000045,0.0,64,2520
2013-11-18 23:00:00,23,Monday,November,Clouds,-5.829999999999984,0.0,64,904
2013-11-19 03:00:00,3,Tuesday,November,Clouds,-5.829999999999984,0.0,64,335
2013-11-19 04:00:00,4,Tuesday,November,Clouds,-5.519999999999982,0.0,64,805
2013-11-19 09:00:00,9,Tuesday,November,Clouds,-2.4399999999999977,0.0,64,5276
2013-11-19 18:00:00,18,Tuesday,November,Clouds,6.420000000000016,0.0,64,4677
2013-11-19 22:00:00,22,Tuesday,November,Clouds,6.220000000000027,0.0,64,1685
2013-11-20 01:00:00,1,Wednesday,November,Clouds,7.140000000000043,0.0,64,322
2013-11-20 04:00:00,4,Wednesday,November,Clouds,7.260000000000048,0.0,90,811
2013-11-20 09:00:00,9,Wednesday,November,Clouds,7.020000000000039,0.0,90,5290
2013-11-21 01:00:00,1,Thursday,November,Mist,3.25,0.0,90,339
2013-11-21 02:00:00,2,Thursday,November,Mist,3.0,0.0,90,289
2013-11-21 06:00:00,6,Thursday,November,Mist,2.9600000000000364,0.0,90,5842
2013-11-21 09:00:00,9,Thursday,November,Mist,-1.9699999999999704,0.0,90,5379
2013-11-21 10:00:00,10,Thursday,November,Clouds,-1.2199999999999704,0.0,90,4679
2013-11-21 11:00:00,11,Thursday,November,Clouds,-1.329999999999984,0.0,90,4859
2013-11-21 12:00:00,12,Thursday,November,Clouds,-1.6599999999999682,0.0,90,5214
2013-11-21 15:00:00,15,Thursday,November,Snow,-1.849999999999966,0.0,90,5995
2013-11-21 17:00:00,17,Thursday,November,Clouds,-3.0,0.0,90,5996
2013-11-22 00:00:00,0,Friday,November,Clouds,-5.359999999999957,0.0,90,643
2013-11-22 03:00:00,3,Friday,November,Clear,-7.7099999999999795,0.0,1,425
2013-11-22 05:00:00,5,Friday,November,Clear,-9.70999999999998,0.0,1,2606
2013-11-22 10:00:00,10,Friday,November,Clear,-4.509999999999991,0.0,5,4722
2013-11-22 11:00:00,11,Friday,November,Clear,-2.319999999999993,0.0,1,5153
2013-11-22 12:00:00,12,Friday,November,Clear,-1.0,0.0,1,5505
2013-11-22 15:00:00,15,Friday,November,Clear,-1.0,0.0,1,6047
2013-11-22 19:00:00,19,Friday,November,Clouds,-6.019999999999982,0.0,90,3697
2013-11-22 21:00:00,21,Friday,November,Clouds,-8.689999999999998,0.0,40,3029
2013-11-23 04:00:00,4,Saturday,November,Clear,-13.759999999999991,0.0,1,362
2013-11-23 15:00:00,15,Saturday,November,Clear,-8.0,0.0,1,4127
2013-11-24 00:00:00,0,Sunday,November,Clear,-14.769999999999982,0.0,1,1184
2013-11-24 04:00:00,4,Sunday,November,Clear,-14.259999999999991,0.0,1,292
2013-11-24 06:00:00,6,Sunday,November,Clear,-12.509999999999991,0.0,1,745
2013-11-24 15:00:00,15,Sunday,November,Clear,1.5100000000000477,0.0,1,3866
2013-11-24 18:00:00,18,Sunday,November,Clear,-1.0,0.0,1,3122
2013-11-24 23:00:00,23,Sunday,November,Clear,-1.4899999999999523,0.0,1,894
2013-11-25 00:00:00,0,Monday,November,Clear,-1.0,0.0,1,468
2013-11-25 03:00:00,3,Monday,November,Clouds,-1.0,0.0,40,317
2013-11-25 04:00:00,4,Monday,November,Clear,-1.0,0.0,1,793
2013-11-25 08:00:00,8,Monday,November,Clouds,-0.8899999999999864,0.0,75,5997
2013-11-25 10:00:00,10,Monday,November,Clouds,1.5200000000000387,0.0,75,4490
2013-11-25 11:00:00,11,Monday,November,Clouds,1.8000000000000114,0.0,64,4714
2013-11-26 00:00:00,0,Tuesday,November,Clouds,-1.4599999999999795,0.0,64,535
2013-11-26 05:00:00,5,Tuesday,November,Clouds,-4.659999999999968,0.0,64,2727
2013-11-26 11:00:00,11,Tuesday,November,Clouds,-6.7999999999999545,0.0,64,5025
2013-11-26 15:00:00,15,Tuesday,November,Clouds,-6.649999999999977,0.0,75,6070
2013-11-26 23:00:00,23,Tuesday,November,Clouds,-10.92999999999995,0.0,64,1111
2013-11-27 07:00:00,7,Wednesday,November,Clouds,-15.009999999999991,0.0,64,6004
2013-11-27 09:00:00,9,Wednesday,November,Clear,-12.45999999999998,0.0,1,5084
2013-11-27 10:00:00,10,Wednesday,November,Clouds,-10.259999999999991,0.0,64,4706
2013-11-27 12:00:00,12,Wednesday,November,Clouds,-7.560000000000002,0.0,64,5572
2013-11-27 14:00:00,14,Wednesday,November,Clouds,-6.539999999999964,0.0,64,6274
2013-11-27 15:00:00,15,Wednesday,November,Clouds,-5.899999999999977,0.0,64,6366
2013-11-27 19:00:00,19,Wednesday,November,Clouds,-4.8700000000000045,0.0,64,3347
2013-11-28 13:00:00,13,Thursday,November,Snow,-3.769999999999982,0.0,64,3157
2013-11-28 21:00:00,21,Thursday,November,Clear,-10.939999999999998,0.0,5,2620
2013-11-28 22:00:00,22,Thursday,November,Clouds,-12.149999999999977,0.0,64,2043
2013-11-29 09:00:00,9,Friday,November,Clouds,-7.479999999999961,0.0,64,3107
2013-11-29 10:00:00,10,Friday,November,Clouds,-6.569999999999993,0.0,64,3397
2013-11-29 19:00:00,19,Friday,November,Clouds,-1.5299999999999727,0.0,64,3843
2013-11-29 22:00:00,22,Friday,November,Clouds,-1.849999999999966,0.0,64,2497
2013-11-30 04:00:00,4,Saturday,November,Clouds,-2.1499999999999773,0.0,64,341
2013-11-30 13:00:00,13,Saturday,November,Clouds,3.3600000000000136,0.0,64,4187
2013-11-30 14:00:00,14,Saturday,November,Clouds,3.7800000000000296,0.0,64,4566
2013-11-30 17:00:00,17,Saturday,November,Clouds,2.430000000000007,0.0,90,4609
2013-11-30 19:00:00,19,Saturday,November,Clouds,1.1200000000000045,0.0,64,3532
2013-12-01 10:00:00,10,Sunday,December,Mist,-3.919999999999959,0.0,64,3914
2013-12-01 16:00:00,16,Sunday,December,Clouds,0.5600000000000023,0.0,64,4963
2013-12-01 21:00:00,21,Sunday,December,Mist,-4.8700000000000045,0.0,64,2354
2013-12-02 00:00:00,0,Monday,December,Clouds,-2.909999999999968,0.0,64,518
2013-12-02 02:00:00,2,Monday,December,Clouds,-1.6499999999999773,0.0,64,243
2013-12-02 04:00:00,4,Monday,December,Haze,-1.349999999999966,0.0,64,814
2013-12-02 05:00:00,5,Monday,December,Mist,-1.849999999999966,0.0,64,2726
2013-12-02 08:00:00,8,Monday,December,Mist,-1.17999999999995,0.0,64,6076
2013-12-02 14:00:00,14,Monday,December,Rain,2.480000000000018,0.25,64,5252
2013-12-02 16:00:00,16,Monday,December,Rain,0.8500000000000227,0.64,64,4895
2013-12-02 18:00:00,18,Monday,December,Rain,0.9200000000000159,1.02,64,3611
2013-12-03 00:00:00,0,Tuesday,December,Mist,1.0600000000000023,0.0,64,494
2013-12-03 10:00:00,10,Tuesday,December,Mist,1.2700000000000387,0.0,64,4524
2013-12-03 15:00:00,15,Tuesday,December,Rain,1.170000000000016,0.25,90,5651
2013-12-03 16:00:00,16,Tuesday,December,Rain,0.8700000000000045,0.25,64,6118
2013-12-03 18:00:00,18,Tuesday,December,Clouds,0.7800000000000296,0.0,64,4372
2013-12-03 20:00:00,20,Tuesday,December,Snow,1.0,0.0,90,2894
2013-12-04 00:00:00,0,Wednesday,December,Mist,-0.17999999999994998,0.0,64,613
2013-12-04 09:00:00,9,Wednesday,December,Rain,-1.6200000000000045,1.27,90,3876
2013-12-04 12:00:00,12,Wednesday,December,Snow,-1.7299999999999613,0.0,64,3556
2013-12-04 18:00:00,18,Wednesday,December,Rain,-2.269999999999982,0.25,64,3126
2013-12-04 22:00:00,22,Wednesday,December,Clouds,-7.3700000000000045,0.0,64,1460
2013-12-05 03:00:00,3,Thursday,December,Clouds,-13.129999999999995,0.0,64,369
2013-12-05 09:00:00,9,Thursday,December,Snow,-15.42999999999995,0.0,64,5117
2013-12-05 15:00:00,15,Thursday,December,Clouds,-13.779999999999973,0.0,64,5582
2013-12-06 00:00:00,0,Friday,December,Clear,-18.95999999999998,0.0,1,637
2013-12-06 07:00:00,7,Friday,December,Snow,-22.339999999999975,0.0,1,5995
2013-12-06 11:00:00,11,Friday,December,Clouds,-18.339999999999975,0.0,64,4811
2013-12-06 16:00:00,16,Friday,December,Clear,-18.069999999999965,0.0,1,6058
2013-12-07 03:00:00,3,Saturday,December,Clear,-24.25999999999999,0.0,1,317
2013-12-07 07:00:00,7,Saturday,December,Clouds,-25.029999999999973,0.0,75,2003
2013-12-07 08:00:00,8,Saturday,December,Clear,-24.98999999999998,0.0,1,2754
2013-12-07 22:00:00,22,Saturday,December,Clear,-23.029999999999973,0.0,1,3318
2013-12-07 23:00:00,23,Saturday,December,Clear,-21.669999999999987,0.0,1,1716
2013-12-08 09:00:00,9,Sunday,December,Rain,-15.799999999999955,0.25,90,2087
2013-12-08 11:00:00,11,Sunday,December,Snow,-13.779999999999973,0.0,64,2820
2013-12-08 13:00:00,13,Sunday,December,Snow,-12.269999999999982,0.0,64,3453
2013-12-08 22:00:00,22,Sunday,December,Rain,-12.359999999999957,0.25,64,1390
2013-12-09 08:00:00,8,Monday,December,Snow,-20.529999999999973,0.0,40,4719
2013-12-09 11:00:00,11,Monday,December,Snow,-18.349999999999966,0.0,40,4143
2013-12-09 16:00:00,16,Monday,December,Clouds,-18.99999999999997,0.0,64,5808
2013-12-09 18:00:00,18,Monday,December,Clouds,-21.019999999999982,0.0,64,3933
2013-12-09 19:00:00,19,Monday,December,Clouds,-20.349999999999966,0.0,64,2863
2013-12-09 20:00:00,20,Monday,December,Clear,-19.789999999999964,0.0,5,2318
2013-12-09 23:00:00,23,Monday,December,Snow,-17.20999999999998,0.0,64,1008
2013-12-10 03:00:00,3,Tuesday,December,Snow,-13.75,0.0,90,362
2013-12-10 07:00:00,7,Tuesday,December,Clouds,-15.810000000000002,0.0,64,4738
2013-12-10 08:00:00,8,Tuesday,December,Clouds,-17.089999999999975,0.0,64,4642
2013-12-10 12:00:00,12,Tuesday,December,Snow,-15.870000000000005,0.0,64,4481
2013-12-10 19:00:00,19,Tuesday,December,Clouds,-14.189999999999998,0.0,64,3326
2013-12-10 20:00:00,20,Tuesday,December,Snow,-13.489999999999952,0.0,64,2572
2013-12-10 23:00:00,23,Tuesday,December,Clouds,-13.589999999999975,0.0,64,2645
2013-12-11 01:00:00,1,Wednesday,December,Clear,-19.169999999999987,0.0,1,370
2013-12-11 05:00:00,5,Wednesday,December,Clear,-22.519999999999982,0.0,1,2706
2013-12-11 08:00:00,8,Wednesday,December,Clouds,-23.99999999999997,0.0,64,5339
2013-12-11 09:00:00,9,Wednesday,December,Clouds,-22.319999999999965,0.0,64,4887
2013-12-11 12:00:00,12,Wednesday,December,Clouds,-18.069999999999965,0.0,64,4726
2013-12-11 17:00:00,17,Wednesday,December,Clouds,-20.669999999999987,0.0,64,5700
2013-12-11 23:00:00,23,Wednesday,December,Haze,-18.039999999999964,0.0,64,1025
2013-12-12 12:00:00,12,Thursday,December,Clouds,-10.0,0.0,64,4974
2013-12-12 15:00:00,15,Thursday,December,Clouds,-8.669999999999959,0.0,64,5990
2013-12-12 16:00:00,16,Thursday,December,Clouds,-8.669999999999959,0.0,64,6094
2013-12-12 21:00:00,21,Thursday,December,Clouds,-9.009999999999991,0.0,90,2892
2013-12-13 00:00:00,0,Friday,December,Clouds,-9.71999999999997,0.0,64,627
2013-12-13 01:00:00,1,Friday,December,Clouds,-9.829999999999984,0.0,90,359
2013-12-13 06:00:00,6,Friday,December,Clouds,-10.609999999999957,0.0,90,5405
2013-12-13 07:00:00,7,Friday,December,Clouds,-11.0,0.0,64,6261
2013-12-13 13:00:00,13,Friday,December,Clouds,-11.479999999999961,0.0,64,5339
2013-12-13 17:00:00,17,Friday,December,Clouds,-11.779999999999973,0.0,90,5683
2013-12-13 18:00:00,18,Friday,December,Clouds,-12.019999999999982,0.0,64,4464
2013-12-14 00:00:00,0,Saturday,December,Snow,-12.5,0.0,90,1144
2013-12-14 07:00:00,7,Saturday,December,Snow,-12.759999999999991,0.0,90,1868
2013-12-14 10:00:00,10,Saturday,December,Snow,-12.009999999999991,0.0,75,3485
2013-12-14 15:00:00,15,Saturday,December,Snow,-11.239999999999952,0.0,64,4441
2013-12-14 17:00:00,17,Saturday,December,Snow,-12.339999999999975,0.0,90,4670
2013-12-14 23:00:00,23,Saturday,December,Clear,-18.769999999999982,0.0,1,1831
2013-12-15 04:00:00,4,Sunday,December,Clouds,-18.24999999999997,0.0,90,270
2013-12-15 08:00:00,8,Sunday,December,Clouds,-18.769999999999982,0.0,75,1867
2013-12-15 10:00:00,10,Sunday,December,Clouds,-19.039999999999964,0.0,64,3851
2013-12-15 18:00:00,18,Sunday,December,Clouds,-18.68999999999997,0.0,64,3301
2013-12-15 19:00:00,19,Sunday,December,Clouds,-19.389999999999986,0.0,64,2804
2013-12-15 21:00:00,21,Sunday,December,Clouds,-19.289999999999964,0.0,75,1879
2013-12-15 23:00:00,23,Sunday,December,Clouds,-18.00999999999999,0.0,90,890
2013-12-16 03:00:00,3,Monday,December,Snow,-16.75999999999999,0.0,90,338
2013-12-16 08:00:00,8,Monday,December,Snow,-15.759999999999991,0.0,64,4795
2013-12-16 09:00:00,9,Monday,December,Snow,-15.42999999999995,0.0,64,3799
2013-12-16 11:00:00,11,Monday,December,Rain,-12.519999999999982,0.38,64,3916
2013-12-16 16:00:00,16,Monday,December,Clouds,-8.789999999999964,0.0,64,5319
2013-12-16 18:00:00,18,Monday,December,Clouds,-10.019999999999982,0.0,64,3809
2013-12-16 19:00:00,19,Monday,December,Rain,-10.5,18.8,64,2755
2013-12-16 20:00:00,20,Monday,December,Clear,-10.259999999999991,0.0,5,2353
2013-12-16 23:00:00,23,Monday,December,Mist,-8.139999999999986,0.0,64,1036
2013-12-17 00:00:00,0,Tuesday,December,Clouds,-6.4599999999999795,0.0,64,544
2013-12-17 01:00:00,1,Tuesday,December,Snow,-3.839999999999975,0.0,64,339
2013-12-17 03:00:00,3,Tuesday,December,Clouds,-1.1399999999999864,0.0,64,365
2013-12-17 12:00:00,12,Tuesday,December,Snow,-2.419999999999959,0.0,64,4703
2013-12-17 13:00:00,13,Tuesday,December,Haze,-3.069999999999993,0.0,64,4941
2013-12-18 04:00:00,4,Wednesday,December,Clouds,-12.629999999999995,0.0,64,860
2013-12-18 10:00:00,10,Wednesday,December,Clouds,-4.649999999999977,0.0,64,4750
2013-12-18 14:00:00,14,Wednesday,December,Rain,0.7000000000000455,0.38,64,5389
2013-12-18 17:00:00,17,Wednesday,December,Rain,-0.7999999999999545,0.25,64,5793
2013-12-18 22:00:00,22,Wednesday,December,Clouds,3.643000000000029,0.0,64,1980
2013-12-19 11:00:00,11,Thursday,December,Clouds,-8.479999999999961,0.0,64,5069
2013-12-19 19:00:00,19,Thursday,December,Clouds,-8.67999999999995,0.0,64,3344
2013-12-19 21:00:00,21,Thursday,December,Snow,-8.639999999999986,0.0,64,2563
2013-12-19 22:00:00,22,Thursday,December,Snow,-8.609999999999957,0.0,64,2283
2013-12-20 00:00:00,0,Friday,December,Rain,-8.620000000000005,14.73,64,610
2013-12-20 01:00:00,1,Friday,December,Rain,-9.009999999999991,0.38,64,424
2013-12-20 04:00:00,4,Friday,December,Snow,-9.259999999999991,0.0,64,800
2013-12-20 06:00:00,6,Friday,December,Clouds,-10.20999999999998,0.0,64,5219
2013-12-20 23:00:00,23,Friday,December,Clouds,-8.439999999999998,0.0,64,1831
2013-12-21 00:00:00,0,Saturday,December,Clouds,-8.060000000000002,0.0,64,1042
2013-12-21 02:00:00,2,Saturday,December,Clouds,-8.079999999999984,0.0,64,518
2013-12-21 09:00:00,9,Saturday,December,Clouds,-8.21999999999997,0.0,64,3307
2013-12-21 12:00:00,12,Saturday,December,Snow,-6.060000000000002,0.0,64,4554
2013-12-21 13:00:00,13,Saturday,December,Snow,-5.849999999999966,0.0,64,4403
2013-12-21 14:00:00,14,Saturday,December,Snow,-5.779999999999973,0.0,64,4535
2013-12-21 15:00:00,15,Saturday,December,Snow,-5.6200000000000045,0.0,64,4634
2013-12-21 20:00:00,20,Saturday,December,Snow,-7.139999999999986,0.0,64,2777
2013-12-21 21:00:00,21,Saturday,December,Snow,-7.339999999999975,0.0,64,2747
2013-12-21 23:00:00,23,Saturday,December,Clouds,-8.419999999999959,0.0,64,1727
2013-12-22 11:00:00,11,Sunday,December,Snow,-7.5,0.0,90,3371
2013-12-22 15:00:00,15,Sunday,December,Clouds,-7.560000000000002,0.0,64,3846
2013-12-22 22:00:00,22,Sunday,December,Snow,-13.039999999999964,0.0,64,1796
2013-12-23 00:00:00,0,Monday,December,Snow,-14.310000000000002,0.0,64,555
2013-12-23 11:00:00,11,Monday,December,Clouds,-17.769999999999982,0.0,64,4792
2013-12-23 12:00:00,12,Monday,December,Snow,-17.23999999999998,0.0,64,4769
2013-12-23 13:00:00,13,Monday,December,Snow,-17.00999999999999,0.0,64,4978
2013-12-23 17:00:00,17,Monday,December,Clouds,-17.789999999999964,0.0,64,4596
2013-12-24 21:00:00,21,Tuesday,December,Rain,-13.049999999999955,1.27,90,2221
2013-12-24 23:00:00,23,Tuesday,December,Rain,-13.17999999999995,1.02,64,1375
2013-12-25 00:00:00,0,Wednesday,December,Rain,-12.979999999999961,0.25,64,712
2013-12-25 02:00:00,2,Wednesday,December,Clouds,-12.149999999999977,0.0,64,282
2013-12-25 04:00:00,4,Wednesday,December,Clouds,-11.519999999999982,0.0,64,176
2013-12-25 15:00:00,15,Wednesday,December,Rain,-4.71999999999997,0.51,64,2666
2013-12-25 16:00:00,16,Wednesday,December,Clouds,-5.669999999999959,0.0,64,2699
2013-12-26 03:00:00,3,Thursday,December,Snow,-9.529999999999973,0.0,64,308
2013-12-26 06:00:00,6,Thursday,December,Clouds,-10.399999999999977,0.0,64,3764
2013-12-26 07:00:00,7,Thursday,December,Clouds,-11.079999999999984,0.0,64,3861
2013-12-26 10:00:00,10,Thursday,December,Snow,-8.310000000000002,0.0,64,3464
2013-12-26 13:00:00,13,Thursday,December,Snow,-4.509999999999991,0.0,64,4534
2013-12-26 22:00:00,22,Thursday,December,Fog,-6.669999999999959,0.0,64,2019
2013-12-26 23:00:00,23,Thursday,December,Mist,-7.7099999999999795,0.0,64,1195
2013-12-27 01:00:00,1,Friday,December,Haze,-10.870000000000005,0.0,64,417
2013-12-27 02:00:00,2,Friday,December,Mist,-10.839999999999975,0.0,64,308
2013-12-27 04:00:00,4,Friday,December,Mist,-9.489999999999952,0.0,64,628
2013-12-27 05:00:00,5,Friday,December,Mist,-7.319999999999993,0.0,64,2008
2013-12-27 06:00:00,6,Friday,December,Mist,-6.169999999999959,0.0,64,4012
2013-12-27 08:00:00,8,Friday,December,Clouds,-5.359999999999957,0.0,64,3943
2013-12-27 13:00:00,13,Friday,December,Rain,2.3500000000000227,0.41,64,5012
2013-12-27 15:00:00,15,Friday,December,Rain,3.900000000000034,1.06,64,5268
2013-12-27 19:00:00,19,Friday,December,Rain,1.5500000000000114,0.25,64,3143
2013-12-27 22:00:00,22,Friday,December,Clouds,-1.339999999999975,0.0,64,2431
2013-12-28 07:00:00,7,Saturday,December,Mist,-4.149999999999977,0.0,64,1380
2013-12-28 08:00:00,8,Saturday,December,Mist,-3.7799999999999727,0.0,75,1821
2013-12-28 13:00:00,13,Saturday,December,Rain,5.3700000000000045,1.07,64,4162
2013-12-29 03:00:00,3,Sunday,December,Clouds,-10.939999999999998,0.0,64,328
2013-12-29 04:00:00,4,Sunday,December,Clouds,-12.609999999999957,0.0,64,300
2013-12-29 23:00:00,23,Sunday,December,Clear,-25.019999999999982,0.0,1,1083
2013-12-30 01:00:00,1,Monday,December,Clear,-23.99999999999997,0.0,1,355
2013-12-30 03:00:00,3,Monday,December,Clear,-25.019999999999982,0.0,1,256
2013-12-30 04:00:00,4,Monday,December,Clear,-23.99999999999997,0.0,1,627
2013-12-30 08:00:00,8,Monday,December,Clouds,-22.67999999999998,0.0,90,4385
2013-12-30 16:00:00,16,Monday,December,Rain,-17.339999999999975,0.25,90,3938
2013-12-30 20:00:00,20,Monday,December,Clouds,-17.649999999999977,0.0,64,1862
2013-12-31 04:00:00,4,Tuesday,December,Clear,-23.809999999999974,0.0,1,580
2013-12-31 07:00:00,7,Tuesday,December,Clouds,-23.48999999999998,0.0,90,4232
2013-12-31 16:00:00,16,Tuesday,December,Clear,-22.019999999999982,0.0,1,5133
2013-12-31 18:00:00,18,Tuesday,December,Clouds,-21.71999999999997,0.0,20,3797
2013-12-31 19:00:00,19,Tuesday,December,Clear,-25.019999999999982,0.0,1,4504
2013-12-31 23:00:00,23,Tuesday,December,Clouds,-23.25999999999999,0.0,90,1457
2014-01-01 00:00:00,0,Wednesday,January,Clouds,-23.00999999999999,0.0,90,1395
2014-01-01 01:00:00,1,Wednesday,January,Clouds,-22.75999999999999,0.0,75,1292
2014-01-01 04:00:00,4,Wednesday,January,Clouds,-22.25999999999999,0.0,90,329
2014-01-01 06:00:00,6,Wednesday,January,Clouds,-21.99999999999997,0.0,90,606
2014-01-01 14:00:00,14,Wednesday,January,Clouds,-16.989999999999952,0.0,64,2920
2014-01-02 00:00:00,0,Thursday,January,Clouds,-17.809999999999974,0.0,90,422
2014-01-02 02:00:00,2,Thursday,January,Clouds,-18.649999999999977,0.0,90,213
2014-01-02 08:00:00,8,Thursday,January,Clear,-24.99999999999997,0.0,1,4944
2014-01-02 09:00:00,9,Thursday,January,Clear,-23.349999999999966,0.0,1,4282
2014-01-03 01:00:00,1,Friday,January,Clouds,3.643000000000029,0.0,64,386
2014-01-03 04:00:00,4,Friday,January,Clouds,-21.389999999999986,0.0,75,689
2014-01-03 09:00:00,9,Friday,January,Clouds,-15.049999999999955,0.0,64,4549
2014-01-03 12:00:00,12,Friday,January,Snow,-10.629999999999995,0.0,64,4872
2014-01-04 02:00:00,2,Saturday,January,Clouds,-1.67999999999995,0.0,64,506
2014-01-04 07:00:00,7,Saturday,January,Haze,-4.089999999999975,0.0,64,1482
2014-01-04 11:00:00,11,Saturday,January,Snow,-9.529999999999973,0.0,64,3607
2014-01-04 16:00:00,16,Saturday,January,Clouds,-10.859999999999957,0.0,64,4343
2014-01-04 19:00:00,19,Saturday,January,Clouds,-13.919999999999959,0.0,64,2701
2014-01-05 22:00:00,22,Sunday,January,Clouds,3.643000000000029,0.0,64,1106
2014-01-06 04:00:00,4,Monday,January,Clouds,3.643000000000029,0.0,64,606
2014-01-06 12:00:00,12,Monday,January,Clouds,-25.99999999999997,0.0,75,2885
2014-01-06 15:00:00,15,Monday,January,Clear,-24.97999999999999,0.0,1,3708
2014-01-06 17:00:00,17,Monday,January,Clouds,-25.99999999999997,0.0,75,3735
2014-01-06 19:00:00,19,Monday,January,Clear,-25.99999999999997,0.0,1,1736
2014-01-07 01:00:00,1,Tuesday,January,Clear,-25.309999999999974,0.0,1,272
2014-01-07 04:00:00,4,Tuesday,January,Clouds,-25.329999999999984,0.0,40,683
2014-01-07 05:00:00,5,Tuesday,January,Clear,-24.75999999999999,0.0,1,2172
2014-01-07 07:00:00,7,Tuesday,January,Clouds,-24.359999999999985,0.0,40,5761
2014-01-07 18:00:00,18,Tuesday,January,Clouds,-17.329999999999984,0.0,64,4072
2014-01-07 19:00:00,19,Tuesday,January,Clear,-18.19999999999999,0.0,1,2793
2014-01-07 20:00:00,20,Tuesday,January,Clear,-19.879999999999967,0.0,1,2147
2014-01-08 03:00:00,3,Wednesday,January,Clear,-23.50999999999999,0.0,1,304
2014-01-08 06:00:00,6,Wednesday,January,Clear,-24.669999999999987,0.0,1,5475
2014-01-08 08:00:00,8,Wednesday,January,Clear,-25.50999999999999,0.0,1,5332
2014-01-08 09:00:00,9,Wednesday,January,Clouds,-23.349999999999966,0.0,75,4669
2014-01-08 11:00:00,11,Wednesday,January,Clear,-19.159999999999968,0.0,1,4121
2014-01-08 12:00:00,12,Wednesday,January,Clear,-17.579999999999984,0.0,5,4460
2014-01-08 16:00:00,16,Wednesday,January,Clouds,-16.899999999999977,0.0,64,6273
2014-01-08 19:00:00,19,Wednesday,January,Clear,-24.48999999999998,0.0,1,2922
2014-01-09 01:00:00,1,Thursday,January,Clear,-21.649999999999977,0.0,1,311
2014-01-09 09:00:00,9,Thursday,January,Clouds,-15.269999999999982,0.0,64,4762
2014-01-09 13:00:00,13,Thursday,January,Clouds,-8.519999999999982,0.0,64,4839
2014-01-09 15:00:00,15,Thursday,January,Clouds,-7.0,0.0,64,5702
2014-01-09 16:00:00,16,Thursday,January,Clouds,-7.419999999999959,0.0,40,6421
2014-01-09 21:00:00,21,Thursday,January,Clouds,-8.509999999999991,0.0,64,2440
2014-01-10 00:00:00,0,Friday,January,Haze,-8.46999999999997,0.0,64,568
2014-01-10 06:00:00,6,Friday,January,Mist,-6.339999999999975,0.0,64,5266
2014-01-10 08:00:00,8,Friday,January,Mist,-5.71999999999997,0.0,64,5265
2014-01-10 21:00:00,21,Friday,January,Mist,-1.5,0.0,90,2712
2014-01-10 23:00:00,23,Friday,January,Mist,-1.589999999999975,0.0,64,1536
2014-01-11 02:00:00,2,Saturday,January,Mist,-1.5499999999999545,0.0,64,540
2014-01-11 13:00:00,13,Saturday,January,Clouds,-1.6899999999999977,0.0,64,4509
2014-01-11 14:00:00,14,Saturday,January,Clouds,-1.1899999999999977,0.0,64,4706
2014-01-11 22:00:00,22,Saturday,January,Mist,-4.979999999999961,0.0,64,3505
2014-01-11 23:00:00,23,Saturday,January,Mist,-5.310000000000002,0.0,64,1856
2014-01-12 03:00:00,3,Sunday,January,Clouds,-4.149999999999977,0.0,64,321
2014-01-12 05:00:00,5,Sunday,January,Clouds,-2.7399999999999523,0.0,64,463
2014-01-12 06:00:00,6,Sunday,January,Clouds,-1.9399999999999977,0.0,64,731
2014-01-12 16:00:00,16,Sunday,January,Rain,4.140000000000043,0.51,64,3946
2014-01-12 20:00:00,20,Sunday,January,Rain,1.830000000000041,0.25,64,1972
2014-01-13 01:00:00,1,Monday,January,Clouds,0.410000000000025,0.0,64,294
2014-01-13 02:00:00,2,Monday,January,Clouds,0.21000000000003638,0.0,64,210
2014-01-13 07:00:00,7,Monday,January,Clouds,-1.2999999999999545,0.0,64,6276
2014-01-13 09:00:00,9,Monday,January,Clouds,-3.009999999999991,0.0,64,4768
2014-01-13 16:00:00,16,Monday,January,Clouds,-2.089999999999975,0.0,64,6250
2014-01-13 17:00:00,17,Monday,January,Clouds,-3.409999999999968,0.0,64,5923
2014-01-13 21:00:00,21,Monday,January,Rain,-3.2799999999999727,0.25,64,2107
2014-01-13 23:00:00,23,Monday,January,Snow,-2.8899999999999864,0.0,64,831
2014-01-14 05:00:00,5,Tuesday,January,Snow,-4.839999999999975,0.0,90,2389
2014-01-14 06:00:00,6,Tuesday,January,Snow,-5.5,0.0,90,3948
2014-01-14 13:00:00,13,Tuesday,January,Clouds,-7.259999999999991,0.0,75,4062
2014-01-14 20:00:00,20,Tuesday,January,Clouds,-12.789999999999964,0.0,40,2736
2014-01-15 02:00:00,2,Wednesday,January,Clouds,-15.189999999999998,0.0,64,305
2014-01-15 12:00:00,12,Wednesday,January,Clouds,-12.120000000000005,0.0,64,4790
2014-01-15 13:00:00,13,Wednesday,January,Clouds,-11.409999999999968,0.0,64,4777
2014-01-15 14:00:00,14,Wednesday,January,Clouds,-10.299999999999955,0.0,90,4735
2014-01-15 20:00:00,20,Wednesday,January,Clouds,-7.229999999999961,0.0,64,2368
2014-01-15 23:00:00,23,Wednesday,January,Rain,-5.359999999999957,0.25,64,956
2014-01-16 01:00:00,1,Thursday,January,Clouds,-2.9399999999999977,0.0,64,334
2014-01-16 04:00:00,4,Thursday,January,Snow,0.8100000000000023,0.0,64,772
2014-01-16 05:00:00,5,Thursday,January,Clouds,0.9700000000000273,0.0,64,2734
2014-01-16 06:00:00,6,Thursday,January,Snow,1.0,0.0,64,5381
2014-01-16 07:00:00,7,Thursday,January,Mist,0.9700000000000273,0.0,64,5668
2014-01-16 11:00:00,11,Thursday,January,Rain,-6.46999999999997,0.76,64,4377
2014-01-16 15:00:00,15,Thursday,January,Clouds,-11.729999999999961,0.0,90,5662
2014-01-16 19:00:00,19,Thursday,January,Clouds,3.643000000000029,0.0,64,3073
2014-01-16 22:00:00,22,Thursday,January,Clouds,3.643000000000029,0.0,64,2663
2014-01-17 03:00:00,3,Friday,January,Clouds,3.643000000000029,0.0,64,395
2014-01-17 07:00:00,7,Friday,January,Clouds,-16.989999999999952,0.0,40,6319
2014-01-17 14:00:00,14,Friday,January,Clouds,3.643000000000029,0.0,64,5594
2014-01-17 15:00:00,15,Friday,January,Clouds,3.643000000000029,0.0,64,5564
2014-01-17 17:00:00,17,Friday,January,Clouds,-13.75,0.0,20,6080
2014-01-18 03:00:00,3,Saturday,January,Clouds,3.643000000000029,0.0,64,389
2014-01-18 04:00:00,4,Saturday,January,Clouds,3.643000000000029,0.0,64,441
2014-01-18 11:00:00,11,Saturday,January,Clouds,3.643000000000029,0.0,64,3655
2014-01-18 15:00:00,15,Saturday,January,Clouds,3.643000000000029,0.0,64,4290
2014-01-18 17:00:00,17,Saturday,January,Clouds,3.643000000000029,0.0,64,4085
2014-01-18 18:00:00,18,Saturday,January,Clouds,3.643000000000029,0.0,64,3738
2014-01-18 23:00:00,23,Saturday,January,Clouds,3.643000000000029,0.0,64,3269
2014-01-19 02:00:00,2,Sunday,January,Clouds,3.643000000000029,0.0,64,544
2014-01-19 04:00:00,4,Sunday,January,Clouds,-3.6899999999999977,0.0,64,286
2014-01-19 07:00:00,7,Sunday,January,Clouds,-3.079999999999984,0.0,64,1027
2014-01-19 12:00:00,12,Sunday,January,Rain,2.0300000000000296,0.34,64,3782
2014-01-20 05:00:00,5,Monday,January,Clouds,-2.7199999999999704,0.0,64,2188
2014-01-20 11:00:00,11,Monday,January,Rain,-9.029999999999973,0.25,64,3849
2014-01-20 12:00:00,12,Monday,January,Snow,-9.699999999999989,0.0,64,4008
2014-01-20 17:00:00,17,Monday,January,Clouds,-14.539999999999964,0.0,64,4516
2014-01-20 23:00:00,23,Monday,January,Clear,-20.139999999999986,0.0,1,839
2014-01-21 00:00:00,0,Tuesday,January,Clear,-22.269999999999982,0.0,1,422
2014-01-21 03:00:00,3,Tuesday,January,Clear,-24.769999999999982,0.0,1,302
2014-01-21 15:00:00,15,Tuesday,January,Clouds,-17.42999999999998,0.0,64,5670
2014-01-21 21:00:00,21,Tuesday,January,Snow,-17.019999999999982,0.0,64,2269
2014-01-22 12:00:00,12,Wednesday,January,Snow,-15.810000000000002,0.0,64,4423
2014-01-22 16:00:00,16,Wednesday,January,Clear,-17.73999999999998,0.0,1,6427
2014-01-22 23:00:00,23,Wednesday,January,Clear,-23.50999999999999,0.0,1,924
2014-01-23 01:00:00,1,Thursday,January,Clear,-24.769999999999982,0.0,1,266
2014-01-23 11:00:00,11,Thursday,January,Clear,-24.67999999999998,0.0,1,4024
2014-01-23 15:00:00,15,Thursday,January,Clear,-20.669999999999987,0.0,1,4946
2014-01-23 18:00:00,18,Thursday,January,Clear,-21.99999999999997,0.0,1,4027
2014-01-24 08:00:00,8,Friday,January,Clouds,-7.1200000000000045,0.0,64,5685
2014-01-24 10:00:00,10,Friday,January,Clouds,-4.849999999999966,0.0,64,4446
2014-01-24 15:00:00,15,Friday,January,Clouds,-0.7599999999999909,0.0,64,5903
2014-01-24 19:00:00,19,Friday,January,Rain,0.0,0.25,64,2888
2014-01-24 20:00:00,20,Friday,January,Snow,0.4600000000000364,0.0,64,2415
2014-01-24 22:00:00,22,Friday,January,Clouds,-0.9599999999999795,0.0,64,3473
2014-01-24 23:00:00,23,Friday,January,Rain,-1.3999999999999773,1.27,64,1571
2014-01-25 03:00:00,3,Saturday,January,Clouds,-10.389999999999986,0.0,64,369
2014-01-26 03:00:00,3,Sunday,January,Rain,-13.979999999999961,0.51,64,332
2014-01-26 18:00:00,18,Sunday,January,Clouds,-17.0,0.0,90,2712
2014-01-26 19:00:00,19,Sunday,January,Clouds,-17.45999999999998,0.0,90,2089
2014-01-26 20:00:00,20,Sunday,January,Clouds,-17.75999999999999,0.0,40,1695
2014-01-27 05:00:00,5,Monday,January,Clouds,-25.74999999999997,0.0,40,2213
2014-01-27 06:00:00,6,Monday,January,Clouds,-26.129999999999967,0.0,40,4453
2014-01-27 07:00:00,7,Monday,January,Clouds,-26.49999999999997,0.0,20,4360
2014-01-27 12:00:00,12,Monday,January,Clear,-23.379999999999967,0.0,1,3522
2014-01-27 17:00:00,17,Monday,January,Clear,-22.379999999999967,0.0,1,4760
2014-01-28 03:00:00,3,Tuesday,January,Clear,-26.149999999999977,0.0,1,334
2014-01-28 04:00:00,4,Tuesday,January,Clear,-26.75999999999999,0.0,1,723
2014-01-28 08:00:00,8,Tuesday,January,Clear,-26.75999999999999,0.0,1,4748
2014-01-28 09:00:00,9,Tuesday,January,Clear,-25.24999999999997,0.0,1,4003
2014-01-28 12:00:00,12,Tuesday,January,Clear,-20.519999999999982,0.0,1,4545
2014-01-28 13:00:00,13,Tuesday,January,Clear,-19.00999999999999,0.0,1,4456
2014-01-28 16:00:00,16,Tuesday,January,Clouds,-17.769999999999982,0.0,40,5958
2014-01-28 22:00:00,22,Tuesday,January,Clear,-20.00999999999999,0.0,1,1829
2014-01-29 02:00:00,2,Wednesday,January,Clear,-21.149999999999977,0.0,1,233
2014-01-29 03:00:00,3,Wednesday,January,Clear,-21.129999999999967,0.0,1,308
2014-01-29 07:00:00,7,Wednesday,January,Clear,-21.629999999999967,0.0,1,5986
2014-01-29 08:00:00,8,Wednesday,January,Clouds,-19.309999999999974,0.0,20,4990
2014-01-29 17:00:00,17,Wednesday,January,Clouds,-2.4599999999999795,0.0,75,6196
2014-01-29 22:00:00,22,Wednesday,January,Clouds,-2.7099999999999795,0.0,90,1527
2014-01-30 02:00:00,2,Thursday,January,Clouds,-3.4499999999999886,0.0,90,268
2014-01-30 10:00:00,10,Thursday,January,Rain,-9.349999999999966,1.91,90,3431
2014-01-30 11:00:00,11,Thursday,January,Rain,-9.229999999999961,1.78,90,2893
2014-01-30 13:00:00,13,Thursday,January,Rain,-8.039999999999964,0.76,75,3455
2014-01-30 23:00:00,23,Thursday,January,Clear,-16.92999999999995,0.0,0,1255
2014-01-31 07:00:00,7,Friday,January,Clear,-17.21999999999997,0.0,0,5363
2014-01-31 08:00:00,8,Friday,January,Clear,-17.21999999999997,0.0,0,5269
2014-01-31 09:00:00,9,Friday,January,Clear,-17.21999999999997,0.0,0,4721
2014-01-31 17:00:00,17,Friday,January,Clear,-13.909999999999968,0.0,0,5724
2014-01-31 18:00:00,18,Friday,January,Clear,-15.779999999999973,0.0,0,5115
2014-01-31 19:00:00,19,Friday,January,Clear,-16.269999999999982,0.0,0,3951
2014-01-31 20:00:00,20,Friday,January,Clear,-16.69999999999999,0.0,0,2930
2014-02-01 02:00:00,2,Saturday,February,Clear,-16.109999999999957,0.0,0,495
2014-02-01 15:00:00,15,Saturday,February,Rain,-6.5,0.38,0,4766
2014-02-01 19:00:00,19,Saturday,February,Clear,-12.069999999999993,0.0,0,3555
2014-02-02 11:00:00,11,Sunday,February,Clear,-14.979999999999961,0.0,0,3306
2014-02-02 13:00:00,13,Sunday,February,Clear,-11.95999999999998,0.0,1,3795
2014-02-02 18:00:00,18,Sunday,February,Clear,-13.649999999999977,0.0,1,2185
2014-02-02 20:00:00,20,Sunday,February,Clear,-15.949999999999989,0.0,1,1748
2014-02-02 23:00:00,23,Sunday,February,Clear,-16.149999999999977,0.0,1,942
2014-02-03 00:00:00,0,Monday,February,Clear,-16.20999999999998,0.0,1,456
2014-02-03 08:00:00,8,Monday,February,Clouds,-18.019999999999982,0.0,20,5554
2014-02-03 13:00:00,13,Monday,February,Clouds,-9.489999999999952,0.0,75,4551
2014-02-03 14:00:00,14,Monday,February,Clouds,-8.849999999999966,0.0,90,4934
2014-02-03 15:00:00,15,Monday,February,Clouds,-8.699999999999989,0.0,90,5554
2014-02-04 01:00:00,1,Tuesday,February,Clouds,-16.239999999999952,0.0,75,296
2014-02-04 09:00:00,9,Tuesday,February,Clouds,-16.75,0.0,40,5119
2014-02-04 11:00:00,11,Tuesday,February,Clouds,-15.079999999999984,0.0,40,4327
2014-02-04 13:00:00,13,Tuesday,February,Clouds,-12.599999999999966,0.0,75,4828
2014-02-04 16:00:00,16,Tuesday,February,Clouds,-13.289999999999964,0.0,90,6404
2014-02-04 21:00:00,21,Tuesday,February,Clouds,-16.269999999999982,0.0,90,3399
2014-02-05 06:00:00,6,Wednesday,February,Clouds,-19.379999999999967,0.0,90,5737
2014-02-05 12:00:00,12,Wednesday,February,Clouds,-16.589999999999975,0.0,90,4678
2014-02-05 14:00:00,14,Wednesday,February,Clouds,-15.859999999999957,0.0,90,5115
2014-02-05 16:00:00,16,Wednesday,February,Clouds,-15.620000000000005,0.0,90,6393
2014-02-06 00:00:00,0,Thursday,February,Clear,-21.149999999999977,0.0,1,479
2014-02-06 04:00:00,4,Thursday,February,Clouds,-23.00999999999999,0.0,75,739
2014-02-06 07:00:00,7,Thursday,February,Clear,-24.149999999999977,0.0,1,5707
2014-02-06 11:00:00,11,Thursday,February,Clear,-18.119999999999976,0.0,1,4601
2014-02-06 16:00:00,16,Thursday,February,Clouds,-15.870000000000005,0.0,40,6498
2014-02-06 19:00:00,19,Thursday,February,Clouds,-17.329999999999984,0.0,90,3087
2014-02-07 06:00:00,6,Friday,February,Clear,-20.379999999999967,0.0,1,5349
2014-02-07 07:00:00,7,Friday,February,Clear,-21.139999999999986,0.0,1,6208
2014-02-08 03:00:00,3,Saturday,February,Clear,-17.279999999999973,0.0,1,343
2014-02-08 05:00:00,5,Saturday,February,Clear,-18.839999999999975,0.0,1,662
2014-02-08 18:00:00,18,Saturday,February,Clouds,-10.579999999999984,0.0,90,4256
2014-02-08 19:00:00,19,Saturday,February,Clouds,-11.299999999999955,0.0,90,3228
2014-02-08 21:00:00,21,Saturday,February,Clouds,-11.729999999999961,0.0,90,2862
2014-02-09 02:00:00,2,Sunday,February,Clouds,-15.810000000000002,0.0,40,552
2014-02-09 05:00:00,5,Sunday,February,Clear,-17.92999999999998,0.0,1,443
2014-02-09 07:00:00,7,Sunday,February,Clouds,-18.899999999999977,0.0,20,900
2014-02-09 17:00:00,17,Sunday,February,Clear,-15.20999999999998,0.0,1,3711
2014-02-10 02:00:00,2,Monday,February,Clear,-22.75999999999999,0.0,1,310
2014-02-10 05:00:00,5,Monday,February,Clear,-24.379999999999967,0.0,1,2542
2014-02-10 06:00:00,6,Monday,February,Clear,-24.889999999999986,0.0,1,5506
2014-02-10 14:00:00,14,Monday,February,Clear,-15.379999999999995,0.0,1,4857
2014-02-10 17:00:00,17,Monday,February,Clear,-15.409999999999968,0.0,1,6008
2014-02-10 18:00:00,18,Monday,February,Clear,-16.569999999999993,0.0,1,4169
2014-02-11 01:00:00,1,Tuesday,February,Clear,-24.269999999999982,0.0,1,282
2014-02-11 03:00:00,3,Tuesday,February,Clear,-25.769999999999982,0.0,1,341
2014-02-11 09:00:00,9,Tuesday,February,Clouds,-21.24999999999997,0.0,20,5235
2014-02-11 21:00:00,21,Tuesday,February,Clouds,-11.560000000000002,0.0,90,2222
2014-02-11 23:00:00,23,Tuesday,February,Clouds,-11.079999999999984,0.0,90,923
2014-02-12 00:00:00,0,Wednesday,February,Clouds,-10.649999999999977,0.0,90,463
2014-02-12 05:00:00,5,Wednesday,February,Clouds,-9.509999999999991,0.0,90,2678
2014-02-12 11:00:00,11,Wednesday,February,Clouds,-6.1200000000000045,0.0,75,4540
2014-02-12 15:00:00,15,Wednesday,February,Rain,-4.3700000000000045,0.25,75,5822
2014-02-12 16:00:00,16,Wednesday,February,Rain,-5.079999999999984,0.51,90,6650
2014-02-13 00:00:00,0,Thursday,February,Clouds,-8.269999999999982,0.0,90,548
2014-02-13 10:00:00,10,Thursday,February,Clouds,-2.8999999999999773,0.0,90,4438
2014-02-13 11:00:00,11,Thursday,February,Clouds,-4.519999999999982,0.0,90,4732
2014-02-13 15:00:00,15,Thursday,February,Clouds,-7.339999999999975,0.0,90,5555
2014-02-13 20:00:00,20,Thursday,February,Clear,-12.349999999999966,0.0,1,2971
2014-02-14 03:00:00,3,Friday,February,Clouds,-16.589999999999975,0.0,20,395
2014-02-14 04:00:00,4,Friday,February,Clouds,-16.989999999999952,0.0,40,720
2014-02-14 08:00:00,8,Friday,February,Clouds,-17.21999999999997,0.0,20,5516
2014-02-14 11:00:00,11,Friday,February,Clear,-12.889999999999986,0.0,1,5185
2014-02-14 19:00:00,19,Friday,February,Clear,-12.560000000000002,0.0,1,3930
2014-02-14 20:00:00,20,Friday,February,Clear,-13.819999999999993,0.0,1,3049
2014-02-14 21:00:00,21,Friday,February,Clear,-14.439999999999998,0.0,1,2796
2014-02-14 22:00:00,22,Friday,February,Clear,-15.049999999999955,0.0,1,3539
2014-02-15 01:00:00,1,Saturday,February,Clear,-17.329999999999984,0.0,1,759
2014-02-15 02:00:00,2,Saturday,February,Clouds,-17.769999999999982,0.0,40,542
2014-02-15 04:00:00,4,Saturday,February,Clouds,-17.669999999999987,0.0,75,349
2014-02-15 10:00:00,10,Saturday,February,Clouds,-11.629999999999995,0.0,90,3892
2014-02-15 18:00:00,18,Saturday,February,Clouds,-7.669999999999959,0.0,90,3612
2014-02-15 19:00:00,19,Saturday,February,Clouds,-7.92999999999995,0.0,90,2983
2014-02-15 22:00:00,22,Saturday,February,Clouds,-7.560000000000002,0.0,90,2412
2014-02-16 03:00:00,3,Sunday,February,Clear,-11.669999999999959,0.0,1,323
2014-02-16 04:00:00,4,Sunday,February,Clear,-12.259999999999991,0.0,1,252
2014-02-16 05:00:00,5,Sunday,February,Clear,-12.859999999999957,0.0,1,445
2014-02-16 13:00:00,13,Sunday,February,Clouds,-8.25,0.0,75,4210
2014-02-16 15:00:00,15,Sunday,February,Clouds,-7.5,0.0,75,4175
2014-02-17 02:00:00,2,Monday,February,Clouds,-5.6200000000000045,0.0,90,245
2014-02-17 03:00:00,3,Monday,February,Clouds,-5.6200000000000045,0.0,90,324
2014-02-17 06:00:00,6,Monday,February,Clouds,-6.25,0.0,90,4527
2014-02-17 10:00:00,10,Monday,February,Clouds,-5.229999999999961,0.0,90,2606
2014-02-17 16:00:00,16,Monday,February,Clouds,-1.6200000000000045,0.0,90,4344
2014-02-17 17:00:00,17,Monday,February,Clouds,-1.849999999999966,0.0,90,4282
2014-02-17 22:00:00,22,Monday,February,Clear,-9.259999999999991,0.0,1,1298
2014-02-17 23:00:00,23,Monday,February,Clear,-8.879999999999995,0.0,1,895
2014-02-18 01:00:00,1,Tuesday,February,Clouds,-5.989999999999952,0.0,40,339
2014-02-18 02:00:00,2,Tuesday,February,Clouds,-5.6200000000000045,0.0,90,269
2014-02-18 08:00:00,8,Tuesday,February,Clouds,-5.829999999999984,0.0,20,5400
2014-02-18 10:00:00,10,Tuesday,February,Clouds,-0.9899999999999523,0.0,40,4220
2014-02-18 14:00:00,14,Tuesday,February,Clouds,4.0,0.0,75,5190
2014-02-18 22:00:00,22,Tuesday,February,Clear,-0.7599999999999909,0.0,1,1608
2014-02-19 05:00:00,5,Wednesday,February,Clear,-6.0,0.0,1,2712
2014-02-19 08:00:00,8,Wednesday,February,Clear,-7.259999999999991,0.0,1,5947
2014-02-19 11:00:00,11,Wednesday,February,Clouds,-1.0,0.0,20,4682
2014-02-19 14:00:00,14,Wednesday,February,Clouds,3.140000000000043,0.0,75,5308
2014-02-19 17:00:00,17,Wednesday,February,Clouds,3.430000000000007,0.0,90,6438
2014-02-19 20:00:00,20,Wednesday,February,Clouds,2.25,0.0,75,2917
2014-02-19 22:00:00,22,Wednesday,February,Clouds,2.1299999999999955,0.0,90,1877
2014-02-19 23:00:00,23,Wednesday,February,Clouds,2.2600000000000477,0.0,90,1118
2014-02-20 06:00:00,6,Thursday,February,Clouds,0.0,0.0,75,5621
2014-02-20 14:00:00,14,Thursday,February,Clouds,0.75,0.0,90,4547
2014-02-20 16:00:00,16,Thursday,February,Clouds,0.7200000000000273,0.0,90,3562
2014-02-20 19:00:00,19,Thursday,February,Clouds,-0.13999999999998636,0.0,90,1437
2014-02-21 05:00:00,5,Friday,February,Clouds,-12.5,0.0,90,1780
2014-02-21 10:00:00,10,Friday,February,Clouds,-13.329999999999984,0.0,90,1741
2014-02-21 21:00:00,21,Friday,February,Clear,-9.71999999999997,0.0,1,1843
2014-02-21 22:00:00,22,Friday,February,Clear,-10.379999999999995,0.0,1,1684
2014-02-21 23:00:00,23,Friday,February,Clear,-11.379999999999995,0.0,1,1165
2014-02-22 01:00:00,1,Saturday,February,Clear,-12.379999999999995,0.0,1,437
2014-02-22 04:00:00,4,Saturday,February,Clear,-14.129999999999995,0.0,1,327
2014-02-22 06:00:00,6,Saturday,February,Clear,-15.259999999999991,0.0,1,1128
2014-02-22 07:00:00,7,Saturday,February,Clear,-15.759999999999991,0.0,1,1718
2014-02-22 15:00:00,15,Saturday,February,Clouds,-9.75,0.0,20,3613
2014-02-22 18:00:00,18,Saturday,February,Clear,-11.289999999999964,0.0,1,3206
2014-02-23 04:00:00,4,Sunday,February,Clear,-16.149999999999977,0.0,1,290
2014-02-23 10:00:00,10,Sunday,February,Clear,-13.25,0.0,1,2875
2014-02-23 12:00:00,12,Sunday,February,Clear,-10.589999999999975,0.0,1,3597
2014-02-23 14:00:00,14,Sunday,February,Clear,-8.839999999999975,0.0,1,3861
2014-02-24 02:00:00,2,Monday,February,Clear,-16.379999999999995,0.0,1,231
2014-02-24 04:00:00,4,Monday,February,Clear,-17.369999999999976,0.0,1,889
2014-02-24 06:00:00,6,Monday,February,Clear,-18.419999999999987,0.0,1,5024
2014-02-24 08:00:00,8,Monday,February,Clouds,-18.45999999999998,0.0,20,4132
2014-02-24 14:00:00,14,Monday,February,Clouds,-11.239999999999952,0.0,75,4662
2014-02-24 15:00:00,15,Monday,February,Clouds,-11.25,0.0,90,5269
2014-02-24 18:00:00,18,Monday,February,Clouds,-12.089999999999975,0.0,90,4135
2014-02-24 23:00:00,23,Monday,February,Clouds,-14.769999999999982,0.0,90,855
2014-02-25 03:00:00,3,Tuesday,February,Clear,-19.309999999999974,0.0,1,369
2014-02-25 04:00:00,4,Tuesday,February,Clear,-20.00999999999999,0.0,1,864
2014-02-25 05:00:00,5,Tuesday,February,Clear,-20.879999999999967,0.0,1,2583
2014-02-25 10:00:00,10,Tuesday,February,Clear,-17.889999999999986,0.0,1,4317
2014-02-25 23:00:00,23,Tuesday,February,Clear,-21.629999999999967,0.0,1,1010
2014-02-26 07:00:00,7,Wednesday,February,Clouds,-22.24999999999997,0.0,75,5453
2014-02-26 10:00:00,10,Wednesday,February,Clouds,-16.529999999999973,0.0,40,4254
2014-02-26 18:00:00,18,Wednesday,February,Clouds,-10.239999999999952,0.0,20,4298
2014-02-26 19:00:00,19,Wednesday,February,Clouds,-12.269999999999982,0.0,20,3121
2014-02-26 20:00:00,20,Wednesday,February,Clouds,-13.159999999999968,0.0,40,2679
2014-02-27 04:00:00,4,Thursday,February,Clear,-23.579999999999984,0.0,1,812
2014-02-27 07:00:00,7,Thursday,February,Clear,-25.99999999999997,0.0,1,5684
2014-02-27 18:00:00,18,Thursday,February,Clouds,-20.139999999999986,0.0,20,4519
2014-02-27 20:00:00,20,Thursday,February,Clear,-22.149999999999977,0.0,1,3036
2014-02-27 21:00:00,21,Thursday,February,Clear,-23.649999999999977,0.0,1,3031
2014-02-28 03:00:00,3,Friday,February,Clouds,-21.71999999999997,0.0,40,360
2014-02-28 04:00:00,4,Friday,February,Clouds,-22.129999999999967,0.0,40,725
2014-02-28 08:00:00,8,Friday,February,Clouds,-18.829999999999984,0.0,90,5509
2014-02-28 09:00:00,9,Friday,February,Clouds,-17.569999999999965,0.0,90,5102
2014-02-28 14:00:00,14,Friday,February,Clouds,-11.120000000000005,0.0,90,5191
2014-02-28 17:00:00,17,Friday,February,Clouds,-9.879999999999995,0.0,90,5557
2014-03-01 19:00:00,19,Saturday,March,Clouds,-19.24999999999997,0.0,75,2971
2014-03-02 05:00:00,5,Sunday,March,Clear,-25.99999999999997,0.0,1,443
2014-03-02 11:00:00,11,Sunday,March,Clear,-20.74999999999997,0.0,1,3394
2014-03-02 12:00:00,12,Sunday,March,Clear,-18.619999999999976,0.0,1,3838
2014-03-02 15:00:00,15,Sunday,March,Clear,-16.75,0.0,1,3868
2014-03-02 16:00:00,16,Sunday,March,Clear,-16.25,0.0,1,4122
2014-03-02 17:00:00,17,Sunday,March,Clear,-16.620000000000005,0.0,1,3607
2014-03-03 11:00:00,11,Monday,March,Clouds,-17.74999999999997,0.0,90,4311
2014-03-03 17:00:00,17,Monday,March,Clouds,-12.859999999999957,0.0,90,5670
2014-03-03 19:00:00,19,Monday,March,Clouds,-13.25,0.0,90,2786
2014-03-04 01:00:00,1,Tuesday,March,Clouds,-13.379999999999995,0.0,90,315
2014-03-04 02:00:00,2,Tuesday,March,Clouds,-13.379999999999995,0.0,90,237
2014-03-04 06:00:00,6,Tuesday,March,Clouds,-13.379999999999995,0.0,90,5417
2014-03-04 09:00:00,9,Tuesday,March,Clouds,-12.0,0.0,90,5100
2014-03-04 20:00:00,20,Tuesday,March,Clouds,-8.25,0.0,90,2718
2014-03-04 21:00:00,21,Tuesday,March,Clouds,-8.569999999999993,0.0,90,2384
2014-03-04 23:00:00,23,Tuesday,March,Clouds,-8.569999999999993,0.0,90,975
2014-03-05 00:00:00,0,Wednesday,March,Clouds,-8.859999999999957,0.0,90,505
2014-03-05 01:00:00,1,Wednesday,March,Clouds,-8.70999999999998,0.0,90,316
2014-03-05 02:00:00,2,Wednesday,March,Clouds,-8.859999999999957,0.0,90,211
2014-03-05 06:00:00,6,Wednesday,March,Clouds,-12.129999999999995,0.0,40,5699
2014-03-05 10:00:00,10,Wednesday,March,Clouds,-8.259999999999991,0.0,20,4417
2014-03-05 12:00:00,12,Wednesday,March,Clouds,-6.0,0.0,20,4768
2014-03-05 16:00:00,16,Wednesday,March,Clear,-4.42999999999995,0.0,1,6350
2014-03-05 20:00:00,20,Wednesday,March,Clear,-8.289999999999964,0.0,1,3271
2014-03-05 21:00:00,21,Wednesday,March,Clear,-8.629999999999995,0.0,1,2341
2014-03-05 23:00:00,23,Wednesday,March,Clouds,-9.759999999999991,0.0,20,1445
2014-03-06 00:00:00,0,Thursday,March,Clouds,-9.859999999999957,0.0,20,583
2014-03-06 03:00:00,3,Thursday,March,Clouds,-10.239999999999952,0.0,40,371
2014-03-06 05:00:00,5,Thursday,March,Clouds,-9.739999999999952,0.0,90,2734
2014-03-06 10:00:00,10,Thursday,March,Clouds,-5.859999999999957,0.0,90,4405
2014-03-06 11:00:00,11,Thursday,March,Clouds,-5.0,0.0,90,4676
2014-03-06 13:00:00,13,Thursday,March,Clouds,-3.4899999999999523,0.0,90,4929
2014-03-07 00:00:00,0,Friday,March,Clear,-3.859999999999957,0.0,1,690
2014-03-07 03:00:00,3,Friday,March,Clouds,-2.6200000000000045,0.0,90,406
2014-03-07 14:00:00,14,Friday,March,Clouds,-1.1299999999999955,0.0,90,5607
2014-03-07 18:00:00,18,Friday,March,Clouds,-2.25,0.0,90,4753
2014-03-07 20:00:00,20,Friday,March,Clouds,-3.1299999999999955,0.0,90,2838
2014-03-08 00:00:00,0,Saturday,March,Clouds,-4.509999999999991,0.0,90,1905
2014-03-08 01:00:00,1,Saturday,March,Clouds,-5.259999999999991,0.0,90,776
2014-03-08 05:00:00,5,Saturday,March,Clouds,-8.729999999999961,0.0,20,775
2014-03-08 11:00:00,11,Saturday,March,Clouds,-5.0,0.0,20,4967
2014-03-08 16:00:00,16,Saturday,March,Clouds,-2.569999999999993,0.0,75,5013
2014-03-08 18:00:00,18,Saturday,March,Clear,-4.42999999999995,0.0,1,4529
2014-03-09 00:00:00,0,Sunday,March,Clear,-8.5,0.0,1,1220
2014-03-09 03:00:00,3,Sunday,March,Clear,-8.25,0.0,1,442
2014-03-09 07:00:00,7,Sunday,March,Clouds,-4.289999999999964,0.0,90,1034
2014-03-09 11:00:00,11,Sunday,March,Clouds,0.8700000000000045,0.0,90,3789
2014-03-09 14:00:00,14,Sunday,March,Clouds,5.6299999999999955,0.0,90,4725
2014-03-09 15:00:00,15,Sunday,March,Clouds,6.1299999999999955,0.0,90,4787
2014-03-09 20:00:00,20,Sunday,March,Clouds,4.1200000000000045,0.0,90,2778
2014-03-09 21:00:00,21,Sunday,March,Clouds,4.1200000000000045,0.0,90,2516
2014-03-10 12:00:00,12,Monday,March,Clouds,8.620000000000005,0.0,75,4606
2014-03-10 18:00:00,18,Monday,March,Clouds,7.990000000000009,0.0,90,4569
2014-03-10 20:00:00,20,Monday,March,Clouds,6.430000000000007,0.0,75,2531
2014-03-10 21:00:00,21,Monday,March,Clouds,6.140000000000043,0.0,90,2072
2014-03-10 22:00:00,22,Monday,March,Clouds,5.430000000000007,0.0,90,3146
2014-03-11 00:00:00,0,Tuesday,March,Clouds,4.5,0.0,90,616
2014-03-11 03:00:00,3,Tuesday,March,Clouds,4.510000000000048,0.0,90,389
2014-03-11 15:00:00,15,Tuesday,March,Clouds,5.5400000000000205,0.0,90,5665
2014-03-11 18:00:00,18,Tuesday,March,Clouds,4.32000000000005,0.0,75,4565
2014-03-12 00:00:00,0,Wednesday,March,Clouds,-1.329999999999984,0.0,20,550
2014-03-12 04:00:00,4,Wednesday,March,Clouds,-5.1299999999999955,0.0,20,809
2014-03-12 08:00:00,8,Wednesday,March,Clouds,-8.379999999999995,0.0,20,5694
2014-03-12 09:00:00,9,Wednesday,March,Clouds,-7.7099999999999795,0.0,20,5306
2014-03-12 11:00:00,11,Wednesday,March,Clouds,-5.939999999999998,0.0,40,4785
2014-03-12 12:00:00,12,Wednesday,March,Clouds,-4.810000000000002,0.0,75,4824
2014-03-12 14:00:00,14,Wednesday,March,Clouds,-3.2099999999999795,0.0,75,5378
2014-03-12 22:00:00,22,Wednesday,March,Clouds,-5.669999999999959,0.0,40,2456
2014-03-13 04:00:00,4,Thursday,March,Clouds,-3.42999999999995,0.0,90,841
2014-03-13 12:00:00,12,Thursday,March,Clear,4.860000000000014,0.0,1,5104
2014-03-13 16:00:00,16,Thursday,March,Clouds,8.629999999999995,0.0,20,6598
2014-03-14 01:00:00,1,Friday,March,Clouds,5.8700000000000045,0.0,20,412
2014-03-14 04:00:00,4,Friday,March,Clouds,4.020000000000039,0.0,75,719
2014-03-14 08:00:00,8,Friday,March,Clouds,2.57000000000005,0.0,75,5727
2014-03-14 09:00:00,9,Friday,March,Clouds,2.6100000000000136,0.0,90,5088
2014-03-14 13:00:00,13,Friday,March,Clouds,4.710000000000036,0.0,90,5586
2014-03-14 14:00:00,14,Friday,March,Clouds,5.189999999999998,0.0,75,5589
2014-03-15 04:00:00,4,Saturday,March,Clouds,-5.9599999999999795,0.0,75,372
2014-03-15 05:00:00,5,Saturday,March,Clouds,-6.769999999999982,0.0,75,656
2014-03-15 06:00:00,6,Saturday,March,Clouds,-6.9599999999999795,0.0,40,1231
2014-03-15 12:00:00,12,Saturday,March,Clouds,-2.609999999999957,0.0,75,4636
2014-03-15 13:00:00,13,Saturday,March,Clouds,-2.079999999999984,0.0,90,4734
2014-03-15 15:00:00,15,Saturday,March,Clouds,-1.3899999999999864,0.0,90,4893
2014-03-16 02:00:00,2,Sunday,March,Clear,-8.379999999999995,0.0,1,683
2014-03-16 05:00:00,5,Sunday,March,Clear,-11.009999999999991,0.0,1,438
2014-03-16 08:00:00,8,Sunday,March,Clear,-11.859999999999957,0.0,1,1738
2014-03-16 10:00:00,10,Sunday,March,Clear,-9.17999999999995,0.0,1,3726
2014-03-16 11:00:00,11,Sunday,March,Clear,-8.199999999999989,0.0,1,3757
2014-03-16 12:00:00,12,Sunday,March,Clear,-7.0499999999999545,0.0,1,4331
2014-03-16 13:00:00,13,Sunday,March,Clear,-5.649999999999977,0.0,1,4429
2014-03-16 15:00:00,15,Sunday,March,Clouds,-4.009999999999991,0.0,40,4186
2014-03-17 06:00:00,6,Monday,March,Clouds,-4.42999999999995,0.0,90,5424
2014-03-17 09:00:00,9,Monday,March,Clouds,-3.7799999999999727,0.0,90,3929
2014-03-17 13:00:00,13,Monday,March,Rain,-0.3599999999999568,0.25,90,4450
2014-03-17 23:00:00,23,Monday,March,Clouds,-0.17999999999994998,0.0,90,1054
2014-03-18 01:00:00,1,Tuesday,March,Clouds,-0.7999999999999545,0.0,75,405
2014-03-18 14:00:00,14,Tuesday,March,Rain,1.7300000000000182,0.25,90,5104
2014-03-18 23:00:00,23,Tuesday,March,Rain,-1.4399999999999977,0.76,90,1474
2014-03-19 01:00:00,1,Wednesday,March,Rain,-2.1899999999999977,0.25,90,350
2014-03-19 04:00:00,4,Wednesday,March,Clouds,-2.659999999999968,0.0,90,829
2014-03-19 07:00:00,7,Wednesday,March,Rain,-3.099999999999966,0.25,90,5174
2014-03-19 10:00:00,10,Wednesday,March,Clouds,-1.4399999999999977,0.0,90,4071
2014-03-19 16:00:00,16,Wednesday,March,Rain,1.8600000000000136,0.48,90,6140
2014-03-19 18:00:00,18,Wednesday,March,Rain,2.1200000000000045,0.29,90,4429
2014-03-19 20:00:00,20,Wednesday,March,Rain,1.150000000000034,0.25,75,2820
2014-03-20 00:00:00,0,Thursday,March,Clouds,-2.4699999999999704,0.0,20,527
2014-03-20 03:00:00,3,Thursday,March,Clear,-4.669999999999959,0.0,1,387
2014-03-20 10:00:00,10,Thursday,March,Rain,-0.7699999999999818,0.25,75,4407
2014-03-20 13:00:00,13,Thursday,March,Rain,4.7000000000000455,0.4,40,5066
2014-03-20 22:00:00,22,Thursday,March,Clear,1.3900000000000432,0.0,1,2164
2014-03-21 01:00:00,1,Friday,March,Clear,-0.37000000000000455,0.0,1,381
2014-03-21 02:00:00,2,Friday,March,Clouds,-0.3199999999999932,0.0,75,300
2014-03-21 03:00:00,3,Friday,March,Clouds,-0.060000000000002274,0.0,75,401
2014-03-21 06:00:00,6,Friday,March,Clouds,0.07000000000005002,0.0,90,5409
2014-03-21 07:00:00,7,Friday,March,Clouds,0.7000000000000455,0.0,90,6177
2014-03-21 09:00:00,9,Friday,March,Clouds,1.420000000000016,0.0,90,4773
2014-03-21 11:00:00,11,Friday,March,Clouds,4.150000000000034,0.0,90,4938
2014-03-21 23:00:00,23,Friday,March,Clouds,-2.92999999999995,0.0,90,1742
2014-03-22 02:00:00,2,Saturday,March,Clouds,-8.819999999999993,0.0,20,534
2014-03-22 10:00:00,10,Saturday,March,Clouds,-11.649999999999977,0.0,20,3797
2014-03-22 15:00:00,15,Saturday,March,Clouds,-6.389999999999986,0.0,20,4948
2014-03-22 21:00:00,21,Saturday,March,Clouds,-8.70999999999998,0.0,20,2861
2014-03-23 04:00:00,4,Sunday,March,Clear,-13.009999999999991,0.0,1,283
2014-03-23 16:00:00,16,Sunday,March,Clouds,-4.479999999999961,0.0,90,4134
2014-03-23 22:00:00,22,Sunday,March,Clouds,-7.349999999999966,0.0,75,1482
2014-03-24 01:00:00,1,Monday,March,Clouds,-8.870000000000005,0.0,90,303
2014-03-24 05:00:00,5,Monday,March,Clouds,-10.299999999999955,0.0,40,2597
2014-03-24 13:00:00,13,Monday,March,Rain,-2.009999999999991,0.31,90,4481
2014-03-24 19:00:00,19,Monday,March,Rain,-3.1399999999999864,0.25,75,3001
2014-03-24 23:00:00,23,Monday,March,Clouds,-5.46999999999997,0.0,40,881
2014-03-25 03:00:00,3,Tuesday,March,Clouds,-9.449999999999989,0.0,20,346
2014-03-25 07:00:00,7,Tuesday,March,Clear,-12.519999999999982,0.0,1,6538
2014-03-25 10:00:00,10,Tuesday,March,Clouds,-10.159999999999968,0.0,20,4278
2014-03-25 15:00:00,15,Tuesday,March,Clouds,-5.439999999999998,0.0,75,5960
2014-03-25 16:00:00,16,Tuesday,March,Clouds,-5.019999999999982,0.0,75,6482
2014-03-25 23:00:00,23,Tuesday,March,Clear,-10.359999999999957,0.0,1,1037
2014-03-26 03:00:00,3,Wednesday,March,Clear,-11.579999999999984,0.0,1,367
2014-03-26 12:00:00,12,Wednesday,March,Clouds,-0.25,0.0,75,5007
2014-03-26 17:00:00,17,Wednesday,March,Clouds,4.189999999999998,0.0,90,6299
2014-03-26 20:00:00,20,Wednesday,March,Clouds,3.170000000000016,0.0,75,3192
2014-03-27 18:00:00,18,Thursday,March,Rain,0.7400000000000091,0.52,90,4491
2014-03-28 00:00:00,0,Friday,March,Clouds,-0.6299999999999955,0.0,90,582
2014-03-28 01:00:00,1,Friday,March,Clouds,-0.6899999999999977,0.0,90,376
2014-03-28 14:00:00,14,Friday,March,Rain,2.3500000000000227,0.36,75,5674
2014-03-28 22:00:00,22,Friday,March,Rain,-1.8700000000000045,0.25,40,2584
2014-03-28 23:00:00,23,Friday,March,Clear,-2.5499999999999545,0.0,1,1661
2014-03-29 02:00:00,2,Saturday,March,Clear,-4.46999999999997,0.0,1,561
2014-03-29 05:00:00,5,Saturday,March,Clear,-6.269999999999982,0.0,1,701
2014-03-29 08:00:00,8,Saturday,March,Clear,-5.399999999999977,0.0,1,3057
2014-03-29 10:00:00,10,Saturday,March,Clear,0.4399999999999977,0.0,1,4112
2014-03-29 16:00:00,16,Saturday,March,Clouds,6.0400000000000205,0.0,20,4815
2014-03-29 21:00:00,21,Saturday,March,Clouds,2.7100000000000364,0.0,40,2877
2014-03-29 22:00:00,22,Saturday,March,Clouds,2.4500000000000455,0.0,40,3008
2014-03-29 23:00:00,23,Saturday,March,Clouds,2.180000000000007,0.0,20,2507
2014-03-30 03:00:00,3,Sunday,March,Clouds,3.1200000000000045,0.0,75,350
2014-03-30 09:00:00,9,Sunday,March,Clouds,5.680000000000007,0.0,20,2727
2014-03-30 14:00:00,14,Sunday,March,Clouds,12.470000000000027,0.0,75,4503
2014-03-30 18:00:00,18,Sunday,March,Clouds,13.629999999999995,0.0,75,3518
2014-03-30 22:00:00,22,Sunday,March,Clouds,8.560000000000002,0.0,75,1849
2014-03-30 23:00:00,23,Sunday,March,Clouds,8.04000000000002,0.0,75,997
2014-03-31 01:00:00,1,Monday,March,Clouds,7.78000000000003,0.0,75,365
2014-03-31 02:00:00,2,Monday,March,Clouds,7.580000000000041,0.0,75,359
2014-03-31 08:00:00,8,Monday,March,Clouds,7.560000000000002,0.0,90,5535
2014-03-31 11:00:00,11,Monday,March,Rain,7.460000000000036,0.36,90,4379
2014-03-31 12:00:00,12,Monday,March,Rain,7.5400000000000205,0.25,90,4731
2014-03-31 13:00:00,13,Monday,March,Clouds,8.300000000000011,0.0,90,4816
2014-03-31 21:00:00,21,Monday,March,Rain,9.82000000000005,0.68,90,2111
2014-04-01 00:00:00,0,Tuesday,April,Clouds,-0.3100000000000023,0.0,90,544
2014-04-01 01:00:00,1,Tuesday,April,Clouds,-0.8299999999999841,0.0,90,341
2014-04-01 11:00:00,11,Tuesday,April,Clouds,-4.1200000000000045,0.0,90,4578
2014-04-02 08:00:00,8,Wednesday,April,Clouds,-5.479999999999961,0.0,20,6023
2014-04-02 17:00:00,17,Wednesday,April,Clouds,4.8799999999999955,0.0,90,6252
2014-04-02 20:00:00,20,Wednesday,April,Clouds,3.5,0.0,90,2758
2014-04-02 23:00:00,23,Wednesday,April,Clouds,3.2100000000000364,0.0,90,1008
2014-04-03 00:00:00,0,Thursday,April,Clouds,3.2600000000000477,0.0,90,592
2014-04-03 03:00:00,3,Thursday,April,Clouds,3.1899999999999977,0.0,90,355
2014-04-03 04:00:00,4,Thursday,April,Clouds,3.080000000000041,0.0,90,786
2014-04-03 11:00:00,11,Thursday,April,Rain,1.07000000000005,0.25,90,4788
2014-04-03 15:00:00,15,Thursday,April,Rain,0.57000000000005,0.52,90,5454
2014-04-03 21:00:00,21,Thursday,April,Rain,-0.9099999999999682,3.05,90,1888
2014-04-03 23:00:00,23,Thursday,April,Rain,-1.5199999999999818,2.03,90,1100
2014-04-04 03:00:00,3,Friday,April,Clouds,-2.409999999999968,0.0,90,355
2014-04-04 12:00:00,12,Friday,April,Rain,0.910000000000025,0.57,90,3907
2014-04-04 20:00:00,20,Friday,April,Rain,3.0400000000000205,0.32,1,2758
2014-04-04 21:00:00,21,Friday,April,Clear,1.740000000000009,0.0,1,2625
2014-04-05 02:00:00,2,Saturday,April,Clear,-1.7999999999999545,0.0,1,567
2014-04-05 12:00:00,12,Saturday,April,Rain,4.460000000000036,0.57,1,4949
2014-04-06 06:00:00,6,Sunday,April,Clouds,5.060000000000002,0.0,40,723
2014-04-06 07:00:00,7,Sunday,April,Clouds,4.890000000000043,0.0,75,1095
2014-04-06 16:00:00,16,Sunday,April,Clouds,15.53000000000003,0.0,20,4242
2014-04-06 17:00:00,17,Sunday,April,Clouds,15.840000000000032,0.0,20,3979
2014-04-06 22:00:00,22,Sunday,April,Clouds,7.78000000000003,0.0,90,1753
2014-04-07 01:00:00,1,Monday,April,Clouds,7.410000000000025,0.0,75,312
2014-04-07 15:00:00,15,Monday,April,Clouds,14.04000000000002,0.0,40,5747
2014-04-07 18:00:00,18,Monday,April,Clouds,13.189999999999998,0.0,20,4312
2014-04-07 23:00:00,23,Monday,April,Clouds,6.680000000000007,0.0,20,957
2014-04-08 00:00:00,0,Tuesday,April,Clear,5.890000000000043,0.0,1,502
2014-04-08 04:00:00,4,Tuesday,April,Clear,2.7000000000000455,0.0,1,823
2014-04-08 07:00:00,7,Tuesday,April,Clouds,1.0300000000000296,0.0,20,6816
2014-04-08 10:00:00,10,Tuesday,April,Clouds,4.770000000000039,0.0,20,4531
2014-04-08 15:00:00,15,Tuesday,April,Clouds,10.670000000000016,0.0,40,5991
2014-04-08 17:00:00,17,Tuesday,April,Clouds,10.620000000000005,0.0,20,6437
2014-04-09 08:00:00,8,Wednesday,April,Clouds,4.590000000000032,0.0,75,6217
2014-04-09 19:00:00,19,Wednesday,April,Clouds,20.439999999999998,0.0,40,3316
2014-04-09 20:00:00,20,Wednesday,April,Clouds,17.879999999999995,0.0,75,2903
2014-04-09 22:00:00,22,Wednesday,April,Clouds,17.629999999999995,0.0,75,1974
2014-04-10 00:00:00,0,Thursday,April,Clouds,16.689999999999998,0.0,90,608
2014-04-10 17:00:00,17,Thursday,April,Clouds,15.07000000000005,0.0,20,6352
2014-04-10 19:00:00,19,Thursday,April,Clouds,13.550000000000011,0.0,75,3487
2014-04-11 03:00:00,3,Friday,April,Clouds,5.53000000000003,0.0,90,430
2014-04-11 10:00:00,10,Friday,April,Clouds,9.07000000000005,0.0,75,4792
2014-04-11 12:00:00,12,Friday,April,Clear,12.680000000000007,0.0,1,5345
2014-04-11 15:00:00,15,Friday,April,Clouds,16.420000000000016,0.0,20,6182
2014-04-11 18:00:00,18,Friday,April,Clouds,16.33000000000004,0.0,90,5297
2014-04-11 23:00:00,23,Friday,April,Clouds,11.080000000000041,0.0,90,1941
2014-04-12 01:00:00,1,Saturday,April,Clouds,11.270000000000039,0.0,90,683
2014-04-12 07:00:00,7,Saturday,April,Rain,7.090000000000032,0.83,90,2394
2014-04-12 12:00:00,12,Saturday,April,Clouds,9.730000000000018,0.0,20,5322
2014-04-12 15:00:00,15,Saturday,April,Clouds,11.879999999999995,0.0,90,4776
2014-04-12 20:00:00,20,Saturday,April,Rain,9.379999999999995,0.25,90,2907
2014-04-13 01:00:00,1,Sunday,April,Clouds,6.720000000000027,0.0,90,770
2014-04-13 03:00:00,3,Sunday,April,Clouds,6.090000000000032,0.0,90,364
2014-04-13 04:00:00,4,Sunday,April,Clouds,5.57000000000005,0.0,90,278
2014-04-13 10:00:00,10,Sunday,April,Clouds,5.360000000000014,0.0,90,3443
2014-04-13 11:00:00,11,Sunday,April,Clouds,5.6200000000000045,0.0,90,3874
2014-04-13 19:00:00,19,Sunday,April,Rain,3.2600000000000477,1.02,90,3009
2014-04-13 20:00:00,20,Sunday,April,Clouds,2.740000000000009,0.0,90,2505
2014-04-13 23:00:00,23,Sunday,April,Clouds,1.7700000000000387,0.0,90,1015
2014-04-14 01:00:00,1,Monday,April,Rain,0.1500000000000341,0.25,90,336
2014-04-14 05:00:00,5,Monday,April,Clouds,-1.7399999999999523,0.0,90,2742
2014-04-14 10:00:00,10,Monday,April,Clouds,-1.17999999999995,0.0,75,4446
2014-04-14 12:00:00,12,Monday,April,Clouds,0.6000000000000227,0.0,75,4777
2014-04-14 21:00:00,21,Monday,April,Clouds,-1.3799999999999955,0.0,20,2264
2014-04-14 23:00:00,23,Monday,April,Clouds,-2.6399999999999864,0.0,20,944
2014-04-15 01:00:00,1,Tuesday,April,Clouds,-3.919999999999959,0.0,75,316
2014-04-15 04:00:00,4,Tuesday,April,Clear,-5.769999999999982,0.0,1,807
2014-04-15 06:00:00,6,Tuesday,April,Clear,-7.25,0.0,1,5938
2014-04-15 08:00:00,8,Tuesday,April,Clear,-6.269999999999982,0.0,1,6271
2014-04-15 14:00:00,14,Tuesday,April,Clouds,0.9000000000000341,0.0,20,5538
2014-04-15 19:00:00,19,Tuesday,April,Clouds,2.1100000000000136,0.0,90,3394
2014-04-15 21:00:00,21,Tuesday,April,Clouds,1.2200000000000273,0.0,90,2502
2014-04-15 22:00:00,22,Tuesday,April,Clouds,0.9399999999999977,0.0,90,2017
2014-04-15 23:00:00,23,Tuesday,April,Clouds,1.0600000000000023,0.0,90,1031
2014-04-16 04:00:00,4,Wednesday,April,Clouds,0.1500000000000341,0.0,90,822
2014-04-16 06:00:00,6,Wednesday,April,Clouds,0.010000000000047748,0.0,90,5887
2014-04-16 09:00:00,9,Wednesday,April,Clouds,0.6100000000000136,0.0,90,5250
2014-04-16 13:00:00,13,Wednesday,April,Rain,1.3900000000000432,0.27,90,4827
2014-04-16 16:00:00,16,Wednesday,April,Rain,1.0200000000000387,0.38,90,6049
2014-04-16 20:00:00,20,Wednesday,April,Rain,0.25,1.86,90,2483
2014-04-17 10:00:00,10,Thursday,April,Clouds,-0.589999999999975,0.0,90,4455
2014-04-17 12:00:00,12,Thursday,April,Rain,1.1100000000000136,0.46,90,4997
2014-04-17 15:00:00,15,Thursday,April,Rain,4.03000000000003,2.21,75,6023
2014-04-17 16:00:00,16,Thursday,April,Rain,4.6200000000000045,1.3,40,6482
2014-04-17 19:00:00,19,Thursday,April,Rain,4.480000000000018,0.51,20,3430
2014-04-17 20:00:00,20,Thursday,April,Clear,3.090000000000032,0.0,1,3067
2014-04-17 22:00:00,22,Thursday,April,Rain,0.020000000000038654,0.25,1,2464
2014-04-18 03:00:00,3,Friday,April,Clear,-3.509999999999991,0.0,1,338
2014-04-18 04:00:00,4,Friday,April,Clear,-3.909999999999968,0.0,1,667
2014-04-18 05:00:00,5,Friday,April,Clear,-4.21999999999997,0.0,1,2159
2014-04-18 12:00:00,12,Friday,April,Rain,7.150000000000034,1.27,40,5748
2014-04-18 14:00:00,14,Friday,April,Rain,9.340000000000032,0.34,75,5807
2014-04-18 15:00:00,15,Friday,April,Clouds,10.060000000000002,0.0,75,5981
2014-04-19 02:00:00,2,Saturday,April,Rain,6.550000000000011,0.25,20,592
2014-04-19 04:00:00,4,Saturday,April,Clouds,6.800000000000011,0.0,75,334
2014-04-19 10:00:00,10,Saturday,April,Clouds,8.300000000000011,0.0,90,3937
2014-04-19 11:00:00,11,Saturday,April,Clouds,9.990000000000009,0.0,90,4154
2014-04-20 05:00:00,5,Sunday,April,Clouds,9.439999999999998,0.0,90,377
2014-04-20 08:00:00,8,Sunday,April,Rain,9.710000000000036,0.25,40,1712
2014-04-20 12:00:00,12,Sunday,April,Clouds,21.0,0.0,40,3843
2014-04-20 15:00:00,15,Sunday,April,Clouds,23.110000000000014,0.0,40,4218
2014-04-21 02:00:00,2,Monday,April,Rain,14.0,0.38,90,255
2014-04-21 11:00:00,11,Monday,April,Clouds,18.090000000000032,0.0,40,4645
2014-04-21 13:00:00,13,Monday,April,Rain,19.77000000000004,0.25,20,5001
2014-04-21 20:00:00,20,Monday,April,Clear,12.939999999999998,0.0,1,2963
2014-04-22 04:00:00,4,Tuesday,April,Clear,4.5400000000000205,0.0,1,815
2014-04-22 09:00:00,9,Tuesday,April,Clouds,6.550000000000011,0.0,20,5369
2014-04-22 12:00:00,12,Tuesday,April,Clouds,10.760000000000048,0.0,20,5008
2014-04-22 15:00:00,15,Tuesday,April,Clear,13.850000000000023,0.0,1,5919
2014-04-22 23:00:00,23,Tuesday,April,Clouds,7.480000000000018,0.0,75,977
2014-04-23 02:00:00,2,Wednesday,April,Clouds,5.800000000000011,0.0,20,248
2014-04-23 05:00:00,5,Wednesday,April,Clouds,6.1200000000000045,0.0,75,2783
2014-04-23 08:00:00,8,Wednesday,April,Clouds,6.610000000000014,0.0,90,6279
2014-04-23 10:00:00,10,Wednesday,April,Clouds,7.600000000000023,0.0,90,4624
2014-04-23 11:00:00,11,Wednesday,April,Clouds,8.210000000000036,0.0,90,4805
2014-04-23 12:00:00,12,Wednesday,April,Clouds,8.390000000000043,0.0,90,5101
2014-04-23 13:00:00,13,Wednesday,April,Rain,7.670000000000016,0.62,90,5148
2014-04-23 19:00:00,19,Wednesday,April,Rain,5.340000000000032,0.44,90,3063
2014-04-24 01:00:00,1,Thursday,April,Clouds,6.189999999999998,0.0,90,297
2014-04-24 02:00:00,2,Thursday,April,Rain,6.420000000000016,0.25,90,269
2014-04-24 04:00:00,4,Thursday,April,Rain,6.050000000000011,1.46,90,810
2014-04-24 09:00:00,9,Thursday,April,Rain,4.720000000000027,1.8,90,5380
2014-04-24 14:00:00,14,Thursday,April,Rain,5.460000000000036,0.65,90,5432
2014-04-24 15:00:00,15,Thursday,April,Rain,5.75,0.47,90,5853
2014-04-24 16:00:00,16,Thursday,April,Rain,6.170000000000016,0.51,90,6643
2014-04-24 19:00:00,19,Thursday,April,Rain,6.939999999999998,0.64,90,3473
2014-04-25 00:00:00,0,Friday,April,Rain,3.170000000000016,0.25,20,1335
2014-04-25 06:00:00,6,Friday,April,Clouds,1.6400000000000432,0.0,20,5515
2014-04-25 09:00:00,9,Friday,April,Rain,7.5400000000000205,0.38,1,5625
2014-04-25 10:00:00,10,Friday,April,Rain,8.300000000000011,0.25,1,4855
2014-04-26 01:00:00,1,Saturday,April,Clear,5.410000000000025,0.0,1,527
2014-04-26 04:00:00,4,Saturday,April,Clear,3.0400000000000205,0.0,1,245
2014-04-26 07:00:00,7,Saturday,April,Clouds,2.170000000000016,0.0,20,1538
2014-04-26 10:00:00,10,Saturday,April,Clouds,6.660000000000025,0.0,75,2967
2014-04-26 13:00:00,13,Saturday,April,Clouds,10.210000000000036,0.0,90,3302
2014-04-26 17:00:00,17,Saturday,April,Clouds,12.689999999999998,0.0,90,2902
2014-04-26 19:00:00,19,Saturday,April,Clouds,12.04000000000002,0.0,90,2403
2014-04-26 22:00:00,22,Saturday,April,Rain,8.410000000000025,1.07,90,2107
2014-04-27 03:00:00,3,Sunday,April,Rain,6.1299999999999955,0.89,90,309
2014-04-27 12:00:00,12,Sunday,April,Rain,3.8500000000000227,5.11,90,3194
2014-04-27 14:00:00,14,Sunday,April,Rain,4.360000000000014,4.53,90,3451
2014-04-27 17:00:00,17,Sunday,April,Rain,6.180000000000007,1.25,40,3439
2014-04-27 23:00:00,23,Sunday,April,Rain,5.310000000000002,1.52,75,849
2014-04-28 02:00:00,2,Monday,April,Rain,6.6299999999999955,0.45,90,206
2014-04-28 03:00:00,3,Monday,April,Rain,6.520000000000039,0.65,90,314
2014-04-28 06:00:00,6,Monday,April,Rain,5.300000000000011,2.18,90,5421
2014-04-28 07:00:00,7,Monday,April,Rain,5.439999999999998,1.0,90,6438
2014-04-28 09:00:00,9,Monday,April,Rain,4.990000000000009,1.32,90,4763
2014-04-28 11:00:00,11,Monday,April,Rain,5.1200000000000045,3.41,90,4331
2014-04-28 12:00:00,12,Monday,April,Rain,5.240000000000009,2.93,90,4355
2014-04-28 15:00:00,15,Monday,April,Rain,6.1200000000000045,0.96,90,5562
2014-04-28 18:00:00,18,Monday,April,Rain,6.350000000000023,0.65,90,4092
2014-04-28 23:00:00,23,Monday,April,Rain,6.560000000000002,0.59,90,3283
2014-04-29 00:00:00,0,Tuesday,April,Rain,5.930000000000007,0.76,90,754
2014-04-29 03:00:00,3,Tuesday,April,Rain,4.240000000000009,1.08,90,337
2014-05-04 06:00:00,6,Sunday,May,Clouds,2.1000000000000227,0.0,20,1071
2014-05-04 08:00:00,8,Sunday,May,Clouds,4.310000000000002,0.0,40,2058
2014-05-05 03:00:00,3,Monday,May,Clouds,10.230000000000018,0.0,90,355
2014-05-05 11:00:00,11,Monday,May,Clear,13.960000000000036,0.0,0,4591
2014-05-05 15:00:00,15,Monday,May,Clear,17.660000000000025,0.0,0,5851
2014-05-05 17:00:00,17,Monday,May,Clear,17.83000000000004,0.0,0,6014
2014-05-06 02:00:00,2,Tuesday,May,Clear,9.730000000000018,0.0,1,250
2014-05-06 13:00:00,13,Tuesday,May,Clear,16.560000000000002,0.0,1,4789
2014-05-06 14:00:00,14,Tuesday,May,Clouds,17.30000000000001,0.0,88,5280
2014-05-06 16:00:00,16,Tuesday,May,Clouds,17.879999999999995,0.0,32,6493
2014-05-06 17:00:00,17,Tuesday,May,Haze,17.83000000000004,0.0,1,6278
2014-05-06 18:00:00,18,Tuesday,May,Haze,17.54000000000002,0.0,88,4644
2014-05-06 23:00:00,23,Tuesday,May,Clouds,13.810000000000002,0.0,40,3457
2014-05-07 05:00:00,5,Wednesday,May,Clouds,11.420000000000016,0.0,88,2870
2014-05-07 09:00:00,9,Wednesday,May,Clear,11.710000000000036,0.0,1,5120
2014-05-07 15:00:00,15,Wednesday,May,Clouds,17.78000000000003,0.0,24,5947
2014-05-07 20:00:00,20,Wednesday,May,Thunderstorm,16.439999999999998,0.0,8,3028
2014-05-08 01:00:00,1,Thursday,May,Rain,11.930000000000007,4.29,75,333
2014-05-08 07:00:00,7,Thursday,May,Rain,11.120000000000005,0.25,75,6108
2014-05-08 11:00:00,11,Thursday,May,Rain,15.470000000000027,0.25,90,4979
2014-05-08 18:00:00,18,Thursday,May,Rain,14.04000000000002,0.76,90,4383
2014-05-08 19:00:00,19,Thursday,May,Rain,13.930000000000007,5.84,75,3117
2014-05-08 20:00:00,20,Thursday,May,Rain,13.740000000000009,3.19,75,2740
2014-05-08 21:00:00,21,Thursday,May,Rain,13.75,0.38,75,2714
2014-05-09 01:00:00,1,Friday,May,Rain,13.800000000000011,2.79,75,441
2014-05-09 03:00:00,3,Friday,May,Mist,13.970000000000027,0.0,90,376
2014-05-09 10:00:00,10,Friday,May,Clouds,8.930000000000007,0.0,90,4824
2014-05-09 12:00:00,12,Friday,May,Clouds,9.53000000000003,0.0,90,5315
2014-05-09 18:00:00,18,Friday,May,Clouds,13.54000000000002,0.0,75,5031
2014-05-09 21:00:00,21,Friday,May,Clouds,11.240000000000009,0.0,40,2956
2014-05-09 22:00:00,22,Friday,May,Clear,9.680000000000007,0.0,1,2512
2014-05-10 00:00:00,0,Saturday,May,Clear,7.220000000000027,0.0,1,2081
2014-05-10 02:00:00,2,Saturday,May,Clear,5.939999999999998,0.0,1,682
2014-05-10 09:00:00,9,Saturday,May,Clouds,11.080000000000041,0.0,64,4199
2014-05-10 11:00:00,11,Saturday,May,Clouds,13.787000000000035,0.0,64,4638
2014-05-10 14:00:00,14,Saturday,May,Clear,20.090000000000032,0.0,1,4815
2014-05-11 00:00:00,0,Sunday,May,Rain,12.580000000000041,0.31,1,1150
2014-05-11 01:00:00,1,Sunday,May,Rain,12.060000000000002,0.42,1,773
2014-05-11 04:00:00,4,Sunday,May,Rain,9.5,0.25,75,265
2014-05-11 09:00:00,9,Sunday,May,Haze,13.840000000000032,0.0,1,2904
2014-05-11 11:00:00,11,Sunday,May,Rain,17.010000000000048,0.25,1,4127
2014-05-11 16:00:00,16,Sunday,May,Rain,19.689999999999998,0.0,92,4438
2014-05-11 17:00:00,17,Sunday,May,Clouds,20.260000000000048,0.0,90,4224
2014-05-11 20:00:00,20,Sunday,May,Rain,14.75,0.0,92,3115
2014-05-12 00:00:00,0,Monday,May,Rain,15.370000000000005,3.41,92,530
2014-05-12 01:00:00,1,Monday,May,Rain,15.410000000000025,4.76,90,267
2014-05-12 08:00:00,8,Monday,May,Rain,13.660000000000025,0.76,56,5747
2014-05-12 11:00:00,11,Monday,May,Rain,14.450000000000045,0.3,90,4556
2014-05-12 13:00:00,13,Monday,May,Rain,12.78000000000003,0.25,32,4902
2014-05-12 15:00:00,15,Monday,May,Clouds,16.238,0.0,44,5760
2014-05-12 23:00:00,23,Monday,May,Rain,9.420000000000016,0.25,90,922
2014-05-13 04:00:00,4,Tuesday,May,Clouds,8.430000000000007,0.0,64,797
2014-05-13 22:00:00,22,Tuesday,May,Clear,8.620000000000005,0.0,1,1957
2014-05-13 23:00:00,23,Tuesday,May,Rain,7.53000000000003,0.25,1,3759
2014-05-14 05:00:00,5,Wednesday,May,Clear,3.5100000000000477,0.0,1,2846
2014-05-14 09:00:00,9,Wednesday,May,Clouds,8.840000000000032,0.0,20,5222
2014-05-14 12:00:00,12,Wednesday,May,Clouds,13.53000000000003,0.0,20,5103
2014-05-14 13:00:00,13,Wednesday,May,Clouds,13.850000000000023,0.0,20,5200
2014-05-14 14:00:00,14,Wednesday,May,Clouds,14.020000000000039,0.0,20,5457
2014-05-14 17:00:00,17,Wednesday,May,Clouds,14.550000000000011,0.0,64,6783
2014-05-14 22:00:00,22,Wednesday,May,Clouds,8.770000000000039,0.0,40,2257
2014-05-15 02:00:00,2,Thursday,May,Rain,5.689999999999998,0.25,40,289
2014-05-15 08:00:00,8,Thursday,May,Clouds,5.490000000000009,0.0,56,6211
2014-05-15 18:00:00,18,Thursday,May,Clouds,9.098000000000013,0.0,76,4746
2014-05-16 04:00:00,4,Friday,May,Clouds,4.490000000000009,0.0,20,785
2014-05-16 12:00:00,12,Friday,May,Clouds,10.050000000000011,0.0,48,5669
2014-05-16 14:00:00,14,Friday,May,Clouds,10.910000000000025,0.0,48,5860
2014-05-16 15:00:00,15,Friday,May,Clouds,11.350000000000023,0.0,90,6154
2014-05-16 20:00:00,20,Friday,May,Clouds,11.020000000000039,0.0,56,3117
2014-05-16 23:00:00,23,Friday,May,Clouds,7.980000000000018,0.0,75,2282
2014-05-17 00:00:00,0,Saturday,May,Clear,6.32000000000005,0.0,1,1304
2014-05-17 03:00:00,3,Saturday,May,Clouds,5.350000000000023,0.0,40,387
2014-05-17 05:00:00,5,Saturday,May,Clear,5.53000000000003,0.0,1,876
2014-05-17 06:00:00,6,Saturday,May,Clear,5.510000000000048,0.0,1,1725
2014-05-17 07:00:00,7,Saturday,May,Clear,5.990000000000009,0.0,0,2499
2014-05-17 11:00:00,11,Saturday,May,Clear,15.29000000000002,0.0,1,4854
2014-05-17 13:00:00,13,Saturday,May,Clouds,17.220000000000027,0.0,40,5001
2014-05-17 15:00:00,15,Saturday,May,Clear,18.27000000000004,0.0,1,5028
2014-05-17 22:00:00,22,Saturday,May,Clouds,13.580000000000041,0.0,90,3061
2014-05-18 00:00:00,0,Sunday,May,Clouds,11.960000000000036,0.0,32,1324
2014-05-18 02:00:00,2,Sunday,May,Clear,11.460000000000036,0.0,1,614
2014-05-18 03:00:00,3,Sunday,May,Clear,11.0,0.0,1,389
2014-05-18 07:00:00,7,Sunday,May,Clear,11.080000000000041,0.0,1,1336
2014-05-18 08:00:00,8,Sunday,May,Clear,12.939999999999998,0.0,1,2217
2014-05-18 10:00:00,10,Sunday,May,Clear,18.200000000000045,0.0,1,4131
2014-05-18 13:00:00,13,Sunday,May,Clouds,21.53000000000003,0.0,40,4879
2014-05-18 15:00:00,15,Sunday,May,Clear,22.04000000000002,0.0,1,4786
2014-05-18 17:00:00,17,Sunday,May,Clouds,22.010000000000048,0.0,75,4193
2014-05-18 19:00:00,19,Sunday,May,Clear,21.470000000000027,0.0,0,3457
2014-05-18 20:00:00,20,Sunday,May,Clear,20.24000000000001,0.0,1,3145
2014-05-18 22:00:00,22,Sunday,May,Clear,17.400000000000034,0.0,1,2002
2014-05-18 23:00:00,23,Sunday,May,Clear,16.57000000000005,0.0,1,1150
2014-05-19 06:00:00,6,Monday,May,Clouds,14.200000000000045,0.0,90,5814
2014-05-19 09:00:00,9,Monday,May,Rain,13.340000000000032,0.0,90,4877
2014-05-19 10:00:00,10,Monday,May,Rain,12.990000000000009,0.25,92,4295
2014-05-19 18:00:00,18,Monday,May,Rain,11.210000000000036,1.04,92,4123
2014-05-19 22:00:00,22,Monday,May,Rain,11.950000000000045,0.9,90,1522
2014-05-20 02:00:00,2,Tuesday,May,Rain,11.53000000000003,0.64,1,255
2014-05-20 03:00:00,3,Tuesday,May,Rain,11.28000000000003,0.25,75,353
2014-05-20 05:00:00,5,Tuesday,May,Rain,10.640000000000043,0.64,0,2917
2014-05-20 17:00:00,17,Tuesday,May,Clear,25.140000000000043,0.0,1,6165
2014-05-20 18:00:00,18,Tuesday,May,Rain,24.180000000000007,0.25,40,4573
2014-05-20 20:00:00,20,Tuesday,May,Clouds,22.629999999999995,0.0,92,3309
2014-05-20 21:00:00,21,Tuesday,May,Haze,20.379999999999995,0.0,1,2822
2014-05-21 05:00:00,5,Wednesday,May,Clear,13.180000000000007,0.0,1,2971
2014-05-21 08:00:00,8,Wednesday,May,Clouds,13.0,0.0,75,6161
2014-05-21 10:00:00,10,Wednesday,May,Clear,14.210000000000036,0.0,0,4584
2014-05-21 15:00:00,15,Wednesday,May,Clouds,17.650000000000034,0.0,75,5791
2014-05-21 17:00:00,17,Wednesday,May,Clear,18.129999999999995,0.0,1,6205
2014-05-21 18:00:00,18,Wednesday,May,Clear,17.77000000000004,0.0,1,4636
2014-05-21 20:00:00,20,Wednesday,May,Clear,16.74000000000001,0.0,0,3034
2014-05-21 23:00:00,23,Wednesday,May,Clear,12.110000000000014,0.0,1,1089
2014-05-22 00:00:00,0,Thursday,May,Clear,11.240000000000009,0.0,1,656
2014-05-22 04:00:00,4,Thursday,May,Clear,8.310000000000002,0.0,1,781
2014-05-22 07:00:00,7,Thursday,May,Clear,9.870000000000005,0.0,0,6547
2014-05-22 09:00:00,9,Thursday,May,Clear,13.0,0.0,1,5290
2014-05-22 11:00:00,11,Thursday,May,Clouds,14.510000000000048,0.0,40,4977
2014-05-22 13:00:00,13,Thursday,May,Clear,17.75,0.0,1,5199
2014-05-22 17:00:00,17,Thursday,May,Clear,21.29000000000002,0.0,1,6241
2014-05-22 19:00:00,19,Thursday,May,Clear,21.0,0.0,1,3525
2014-05-23 03:00:00,3,Friday,May,Clear,10.230000000000018,0.0,0,378
2014-05-23 04:00:00,4,Friday,May,Clear,9.430000000000007,0.0,1,701
2014-05-23 05:00:00,5,Friday,May,Clear,8.610000000000014,0.0,1,2626
2014-05-23 06:00:00,6,Friday,May,Clear,8.430000000000007,0.0,1,5409
2014-05-23 13:00:00,13,Friday,May,Clear,22.629999999999995,0.0,0,5491
2014-05-23 16:00:00,16,Friday,May,Clouds,23.870000000000005,0.0,40,5941
2014-05-23 18:00:00,18,Friday,May,Clouds,24.5,0.0,40,4325
2014-05-24 01:00:00,1,Saturday,May,Clear,16.710000000000036,0.0,8,755
2014-05-24 02:00:00,2,Saturday,May,Clear,16.390000000000043,0.0,8,720
2014-05-24 05:00:00,5,Saturday,May,Clear,15.129999999999995,0.0,8,751
2014-05-24 06:00:00,6,Saturday,May,Clouds,15.420000000000016,0.0,24,1352
2014-05-24 11:00:00,11,Saturday,May,Clouds,23.620000000000005,0.0,48,4116
2014-05-24 14:00:00,14,Saturday,May,Clear,25.360000000000014,0.0,1,4014
2014-05-25 06:00:00,6,Sunday,May,Clouds,13.920000000000016,0.0,20,829
2014-05-25 09:00:00,9,Sunday,May,Clouds,20.670000000000016,0.0,20,2568
2014-05-25 15:00:00,15,Sunday,May,Clouds,25.930000000000007,0.0,90,3717
2014-05-25 17:00:00,17,Sunday,May,Clouds,25.689999999999998,0.0,90,3213
2014-05-25 18:00:00,18,Sunday,May,Clouds,25.27000000000004,0.0,90,2982
2014-05-26 05:00:00,5,Monday,May,Clouds,18.110000000000014,0.0,75,553
2014-05-26 06:00:00,6,Monday,May,Clouds,18.0,0.0,75,899
2014-05-26 12:00:00,12,Monday,May,Clouds,27.480000000000018,0.0,75,3676
2014-05-26 13:00:00,13,Monday,May,Clouds,27.900000000000034,0.0,75,3562
2014-05-26 15:00:00,15,Monday,May,Clouds,27.810000000000002,0.0,75,3654
2014-05-27 04:00:00,4,Tuesday,May,Rain,19.160000000000025,1.85,90,741
2014-05-27 05:00:00,5,Tuesday,May,Rain,18.82000000000005,0.3,90,2715
2014-05-27 07:00:00,7,Tuesday,May,Rain,19.100000000000023,1.9,90,6010
2014-05-27 08:00:00,8,Tuesday,May,Rain,19.370000000000005,0.71,90,5644
2014-05-27 10:00:00,10,Tuesday,May,Clouds,19.870000000000005,0.0,90,4355
2014-05-27 12:00:00,12,Tuesday,May,Rain,20.25,0.25,90,4792
2014-05-27 13:00:00,13,Tuesday,May,Rain,20.400000000000034,0.25,90,5001
2014-05-27 16:00:00,16,Tuesday,May,Rain,19.930000000000007,0.51,90,6527
2014-05-27 17:00:00,17,Tuesday,May,Rain,19.480000000000018,2.41,90,6537
2014-05-27 20:00:00,20,Tuesday,May,Rain,18.99000000000001,0.25,75,2606
2014-05-28 14:00:00,14,Wednesday,May,Clouds,25.610000000000014,0.0,20,5490
2014-05-28 16:00:00,16,Wednesday,May,Clouds,26.75,0.0,20,6511
2014-05-29 08:00:00,8,Thursday,May,Clouds,17.150000000000034,0.0,20,6293
2014-05-29 14:00:00,14,Thursday,May,Clouds,27.58000000000004,0.0,20,5619
2014-05-29 15:00:00,15,Thursday,May,Clouds,28.200000000000045,0.0,20,6113
2014-05-29 16:00:00,16,Thursday,May,Clouds,28.430000000000007,0.0,40,6685
2014-05-29 20:00:00,20,Thursday,May,Clouds,26.82000000000005,0.0,20,3251
2014-05-29 22:00:00,22,Thursday,May,Clouds,21.590000000000032,0.0,20,2234
2014-05-30 00:00:00,0,Friday,May,Clear,19.090000000000032,0.0,1,731
2014-05-30 01:00:00,1,Friday,May,Clear,18.890000000000043,0.0,1,451
2014-05-30 03:00:00,3,Friday,May,Clear,17.55000000000001,0.0,1,440
2014-05-30 07:00:00,7,Friday,May,Clear,18.610000000000014,0.0,1,6653
2014-05-30 08:00:00,8,Friday,May,Clear,21.010000000000048,0.0,1,5947
2014-05-30 10:00:00,10,Friday,May,Clear,25.470000000000027,0.0,1,4993
2014-05-30 12:00:00,12,Friday,May,Clouds,28.5,0.0,20,5444
2014-05-31 05:00:00,5,Saturday,May,Clouds,21.24000000000001,0.0,75,901
2014-05-31 14:00:00,14,Saturday,May,Rain,26.060000000000002,1.37,90,4866
2014-05-31 15:00:00,15,Saturday,May,Rain,22.950000000000045,5.46,75,4900
2014-05-31 16:00:00,16,Saturday,May,Rain,21.74000000000001,2.78,90,4593
2014-05-31 23:00:00,23,Saturday,May,Rain,19.890000000000043,2.75,90,1917
2014-06-01 03:00:00,3,Sunday,June,Rain,19.230000000000018,5.73,75,373
2014-06-01 05:00:00,5,Sunday,June,Rain,19.230000000000018,1.85,68,709
2014-06-01 11:00:00,11,Sunday,June,Rain,20.420000000000016,1.78,44,4041
2014-06-01 14:00:00,14,Sunday,June,Rain,21.120000000000005,0.76,56,4736
2014-06-01 18:00:00,18,Sunday,June,Rain,21.950000000000045,0.34,24,4105
2014-06-01 19:00:00,19,Sunday,June,Rain,21.27000000000004,1.52,24,3315
2014-06-02 01:00:00,1,Monday,June,Rain,18.32000000000005,0.25,48,368
2014-06-02 04:00:00,4,Monday,June,Rain,17.960000000000036,0.25,24,847
2014-06-02 07:00:00,7,Monday,June,Rain,17.79000000000002,0.94,44,5891
2014-06-02 16:00:00,16,Monday,June,Rain,25.060000000000002,18.03,0,6443
2014-06-02 21:00:00,21,Monday,June,Rain,19.120000000000005,0.25,36,2655
2014-06-02 23:00:00,23,Monday,June,Clouds,16.629999999999995,0.0,40,1009
2014-06-03 02:00:00,2,Tuesday,June,Clear,15.390000000000043,0.0,0,304
2014-06-03 04:00:00,4,Tuesday,June,Clear,14.240000000000009,0.0,0,840
2014-06-03 05:00:00,5,Tuesday,June,Clear,13.580000000000041,0.0,1,2987
2014-06-03 08:00:00,8,Tuesday,June,Clear,15.960000000000036,0.0,1,6294
2014-06-03 12:00:00,12,Tuesday,June,Clear,21.890000000000043,0.0,1,5053
2014-06-03 15:00:00,15,Tuesday,June,Clear,23.77000000000004,0.0,1,5967
2014-06-03 18:00:00,18,Tuesday,June,Rain,22.30000000000001,0.25,1,4678
2014-06-03 19:00:00,19,Tuesday,June,Clear,22.379999999999995,0.0,1,3361
2014-06-03 23:00:00,23,Tuesday,June,Clear,17.090000000000032,0.0,1,1241
2014-06-04 04:00:00,4,Wednesday,June,Rain,15.060000000000002,0.0,92,849
2014-06-04 13:00:00,13,Wednesday,June,Clouds,25.189999999999998,0.0,68,5079
2014-06-04 16:00:00,16,Wednesday,June,Clouds,26.75,0.0,40,6604
2014-06-04 18:00:00,18,Wednesday,June,Haze,25.860000000000014,0.0,40,5135
2014-06-04 23:00:00,23,Wednesday,June,Clouds,19.560000000000002,0.0,40,1354
2014-06-05 04:00:00,4,Thursday,June,Clouds,17.939999999999998,0.0,40,856
2014-06-05 21:00:00,21,Thursday,June,Rain,20.310000000000002,1.02,92,2864
2014-06-06 01:00:00,1,Friday,June,Clear,16.420000000000016,0.0,1,479
2014-06-06 02:00:00,2,Friday,June,Mist,15.930000000000007,0.0,1,313
2014-06-06 04:00:00,4,Friday,June,Rain,15.07000000000005,0.25,1,811
2014-06-06 06:00:00,6,Friday,June,Rain,14.450000000000045,0.25,1,5653
2014-06-06 09:00:00,9,Friday,June,Rain,21.090000000000032,0.25,1,5101
2014-06-06 13:00:00,13,Friday,June,Clear,27.650000000000034,0.0,1,5344
2014-06-06 14:00:00,14,Friday,June,Clouds,28.02000000000004,0.0,40,5629
2014-06-06 16:00:00,16,Friday,June,Clouds,28.150000000000034,0.0,40,6382
2014-06-06 18:00:00,18,Friday,June,Thunderstorm,27.07000000000005,0.0,75,4986
2014-06-06 19:00:00,19,Friday,June,Clear,24.980000000000018,0.0,0,4048
2014-06-07 01:00:00,1,Saturday,June,Clouds,18.28000000000003,0.0,75,890
2014-06-07 04:00:00,4,Saturday,June,Rain,16.470000000000027,0.25,90,475
2014-06-07 06:00:00,6,Saturday,June,Rain,13.860000000000014,3.9,92,1673
2014-06-07 09:00:00,9,Saturday,June,Rain,12.5,4.09,90,3925
2014-06-07 12:00:00,12,Saturday,June,Rain,13.080000000000041,1.21,90,5292
2014-06-07 13:00:00,13,Saturday,June,Rain,13.220000000000027,0.79,90,5020
2014-06-07 17:00:00,17,Saturday,June,Rain,14.379999999999995,0.25,44,4771
2014-06-07 18:00:00,18,Saturday,June,Rain,15.100000000000023,0.25,40,4424
2014-06-07 23:00:00,23,Saturday,June,Rain,11.950000000000045,0.51,1,2534
2014-06-08 03:00:00,3,Sunday,June,Rain,9.480000000000018,0.25,1,414
2014-06-08 04:00:00,4,Sunday,June,Fog,9.260000000000048,0.0,75,374
2014-06-08 07:00:00,7,Sunday,June,Rain,10.54000000000002,0.25,1,1434
2014-06-08 12:00:00,12,Sunday,June,Clear,20.510000000000048,0.0,0,5294
2014-06-08 13:00:00,13,Sunday,June,Clear,21.350000000000023,0.0,1,5077
2014-06-08 18:00:00,18,Sunday,June,Rain,20.670000000000016,0.25,1,4456
2014-06-08 20:00:00,20,Sunday,June,Rain,19.660000000000025,0.38,1,3139
2014-06-09 08:00:00,8,Monday,June,Rain,14.770000000000039,0.25,92,5713
2014-06-09 12:00:00,12,Monday,June,Clouds,18.32000000000005,0.0,92,4896
2014-06-09 16:00:00,16,Monday,June,Clouds,21.5,0.0,40,6735
2014-06-09 17:00:00,17,Monday,June,Clouds,21.5,0.0,40,6236
2014-06-09 18:00:00,18,Monday,June,Clouds,21.620000000000005,0.0,40,4560
2014-06-10 00:00:00,0,Tuesday,June,Clear,14.220000000000027,0.0,1,651
2014-06-10 21:00:00,21,Tuesday,June,Clear,21.840000000000032,0.0,8,2705
2014-06-11 02:00:00,2,Wednesday,June,Clouds,15.939999999999998,0.0,20,284
2014-06-11 07:00:00,7,Wednesday,June,Rain,16.850000000000023,0.0,8,6911
2014-06-11 15:00:00,15,Wednesday,June,Clear,26.689999999999998,0.0,0,5882
2014-06-11 19:00:00,19,Wednesday,June,Clear,25.970000000000027,0.0,0,3556
2014-06-12 01:00:00,1,Thursday,June,Rain,18.390000000000043,2.16,76,423
2014-06-13 06:00:00,6,Friday,June,Clear,9.78000000000003,0.0,0,5554
2014-06-13 18:00:00,18,Friday,June,Clear,23.420000000000016,0.0,8,4615
2014-06-13 19:00:00,19,Friday,June,Clear,23.100000000000023,0.0,8,3651
2014-06-14 12:00:00,12,Saturday,June,Rain,15.920000000000016,1.19,68,4518
2014-06-15 07:00:00,7,Sunday,June,Rain,15.0,1.72,92,1053
2014-06-15 08:00:00,8,Sunday,June,Rain,14.580000000000041,1.1,90,1598
2014-06-16 01:00:00,1,Monday,June,Clear,17.730000000000018,0.0,0,444
2014-06-17 23:00:00,23,Tuesday,June,Rain,23.120000000000005,1.0,32,1180
2014-06-18 06:00:00,6,Wednesday,June,Rain,20.5,0.6,0,5524
2014-06-18 08:00:00,8,Wednesday,June,Rain,20.410000000000025,0.76,0,6327
2014-06-18 19:00:00,19,Wednesday,June,Rain,25.460000000000036,0.0,92,3560
2014-06-19 01:00:00,1,Thursday,June,Thunderstorm,22.25,0.0,48,443
2014-06-20 05:00:00,5,Friday,June,Mist,19.450000000000045,0.0,44,2755
2014-06-21 07:00:00,7,Saturday,June,Clouds,18.710000000000036,0.0,12,2412
2014-06-22 20:00:00,20,Sunday,June,Rain,22.640000000000043,0.0,92,2753
2014-06-23 06:00:00,6,Monday,June,Mist,17.80000000000001,0.0,0,5477
2014-06-24 09:00:00,9,Tuesday,June,Clear,23.439999999999998,0.0,0,5394
2014-06-24 19:00:00,19,Tuesday,June,Rain,23.980000000000018,2.12,80,3407
2014-06-24 20:00:00,20,Tuesday,June,Rain,22.600000000000023,0.25,24,3174
2014-06-25 08:00:00,8,Wednesday,June,Mist,13.340000000000032,0.0,0,6309
2014-06-25 22:00:00,22,Wednesday,June,Clear,16.400000000000034,0.0,1,2071
2014-06-28 06:00:00,6,Saturday,June,Clear,22.99000000000001,0.0,8,1474
2014-06-28 08:00:00,8,Saturday,June,Clouds,24.610000000000014,0.0,75,3167
2014-06-29 04:00:00,4,Sunday,June,Clouds,18.420000000000016,0.0,75,356
2014-06-29 20:00:00,20,Sunday,June,Clear,27.480000000000018,0.0,0,3183
2014-06-29 21:00:00,21,Sunday,June,Clear,25.75,0.0,0,2753
2014-06-30 19:00:00,19,Monday,June,Rain,24.83000000000004,0.0,0,3205
2014-06-30 20:00:00,20,Monday,June,Clear,24.210000000000036,0.0,0,2764
2014-07-01 19:00:00,19,Tuesday,July,Rain,16.920000000000016,0.0,48,3389
2014-07-02 01:00:00,1,Wednesday,July,Drizzle,13.680000000000007,0.0,88,435
2014-07-02 02:00:00,2,Wednesday,July,Rain,13.560000000000002,0.0,92,312
2014-07-02 03:00:00,3,Wednesday,July,Rain,13.370000000000005,0.0,92,403
2014-07-02 07:00:00,7,Wednesday,July,Clouds,13.629999999999995,0.0,92,6587
2014-07-02 16:00:00,16,Wednesday,July,Clear,22.879999999999995,0.0,1,6617
2014-07-03 10:00:00,10,Thursday,July,Clear,20.75,0.0,1,4715
2014-07-04 08:00:00,8,Friday,July,Clouds,18.460000000000036,0.0,40,1766
2014-07-04 09:00:00,9,Friday,July,Clouds,21.189999999999998,0.0,75,2451
2014-07-04 14:00:00,14,Friday,July,Clouds,23.230000000000018,0.0,75,3482
2014-07-04 16:00:00,16,Friday,July,Clouds,24.810000000000002,0.0,75,2902
2014-07-04 17:00:00,17,Friday,July,Clear,25.189999999999998,0.0,1,2802
2014-07-04 18:00:00,18,Friday,July,Clear,25.05000000000001,0.0,1,2676
2014-07-04 20:00:00,20,Friday,July,Clear,23.80000000000001,0.0,1,2502
2014-07-05 17:00:00,17,Saturday,July,Clear,28.760000000000048,0.0,1,3247
2014-07-06 05:00:00,5,Sunday,July,Mist,21.680000000000007,0.0,90,483
2014-07-06 17:00:00,17,Sunday,July,Clear,30.430000000000007,0.0,8,3889
2014-07-06 19:00:00,19,Sunday,July,Clear,29.010000000000048,0.0,8,3505
2014-07-06 20:00:00,20,Sunday,July,Clear,27.920000000000016,0.0,0,3073
2014-07-07 03:00:00,3,Monday,July,Clear,19.930000000000007,0.0,1,395
2014-07-07 10:00:00,10,Monday,July,Clear,26.25,0.0,1,4353
2014-07-07 13:00:00,13,Monday,July,Thunderstorm,28.689999999999998,0.0,48,4851
2014-07-07 21:00:00,21,Monday,July,Clouds,20.189999999999998,0.0,75,2261
2014-07-08 01:00:00,1,Tuesday,July,Rain,18.670000000000016,0.0,76,380
2014-07-08 07:00:00,7,Tuesday,July,Rain,17.430000000000007,0.0,0,6460
2014-07-08 15:00:00,15,Tuesday,July,Clouds,23.77000000000004,0.0,56,5964
2014-07-08 18:00:00,18,Tuesday,July,Clouds,23.310000000000002,0.0,12,4817
2014-07-08 19:00:00,19,Tuesday,July,Rain,22.590000000000032,0.0,12,3658
2014-07-08 22:00:00,22,Tuesday,July,Rain,19.189999999999998,0.0,8,2074
2014-07-09 03:00:00,3,Wednesday,July,Rain,15.930000000000007,0.0,92,408
2014-07-09 04:00:00,4,Wednesday,July,Rain,15.360000000000014,0.0,92,881
2014-07-09 06:00:00,6,Wednesday,July,Clouds,13.960000000000036,0.0,24,5831
2014-07-09 08:00:00,8,Wednesday,July,Clouds,16.970000000000027,0.0,44,6420
2014-07-09 11:00:00,11,Wednesday,July,Clear,21.460000000000036,0.0,8,4918
2014-07-09 12:00:00,12,Wednesday,July,Clear,22.74000000000001,0.0,8,5249
2014-07-09 16:00:00,16,Wednesday,July,Clouds,25.510000000000048,0.0,90,6659
2014-07-09 21:00:00,21,Wednesday,July,Clear,22.03000000000003,0.0,0,3055
2014-07-09 22:00:00,22,Wednesday,July,Clear,19.49000000000001,0.0,0,2373
2014-07-10 00:00:00,0,Thursday,July,Clear,17.57000000000005,0.0,0,818
2014-07-10 02:00:00,2,Thursday,July,Clear,16.850000000000023,0.0,1,404
2014-07-10 04:00:00,4,Thursday,July,Mist,15.840000000000032,0.0,0,1067
2014-07-11 00:00:00,0,Friday,July,Rain,24.04000000000002,0.0,76,839
2014-07-11 01:00:00,1,Friday,July,Rain,23.310000000000002,0.0,76,487
2014-07-11 04:00:00,4,Friday,July,Rain,22.53000000000003,0.0,68,796
2014-07-11 09:00:00,9,Friday,July,Rain,19.52000000000004,9.9,92,4792
2014-07-11 12:00:00,12,Friday,July,Rain,22.170000000000016,0.0,92,5780
2014-07-11 13:00:00,13,Friday,July,Rain,23.980000000000018,0.0,92,5374
2014-07-11 16:00:00,16,Friday,July,Rain,25.99000000000001,0.0,92,6558
2014-07-11 19:00:00,19,Friday,July,Rain,26.629999999999995,0.0,88,3551
2014-07-11 20:00:00,20,Friday,July,Clouds,26.27000000000004,0.0,88,3089
2014-07-11 23:00:00,23,Friday,July,Mist,23.0,0.0,88,2141
2014-07-12 00:00:00,0,Saturday,July,Mist,22.689999999999998,0.0,88,1465
2014-07-12 01:00:00,1,Saturday,July,Mist,22.450000000000045,0.0,88,895
2014-07-12 02:00:00,2,Saturday,July,Fog,21.840000000000032,0.0,80,650
2014-07-12 15:00:00,15,Saturday,July,Rain,21.879999999999995,0.6,92,4578
2014-07-12 16:00:00,16,Saturday,July,Rain,22.090000000000032,0.0,92,4419
2014-07-13 16:00:00,16,Sunday,July,Clouds,24.0,0.0,40,4182
2014-07-14 08:00:00,8,Monday,July,Clouds,16.57000000000005,0.0,75,6191
2014-07-14 10:00:00,10,Monday,July,Clouds,16.200000000000045,0.0,44,4546
2014-07-14 17:00:00,17,Monday,July,Rain,17.140000000000043,0.0,90,6260
2014-07-15 06:00:00,6,Tuesday,July,Clouds,12.629999999999995,0.0,75,5724
2014-07-15 07:00:00,7,Tuesday,July,Clouds,13.5,0.0,75,6610
2014-07-15 13:00:00,13,Tuesday,July,Clouds,19.74000000000001,0.0,90,5353
2014-07-15 14:00:00,14,Tuesday,July,Clouds,20.25,0.0,75,5726
2014-07-15 17:00:00,17,Tuesday,July,Clouds,21.5,0.0,75,6361
2014-07-15 21:00:00,21,Tuesday,July,Clear,18.150000000000034,0.0,1,2801
2014-07-15 23:00:00,23,Tuesday,July,Clear,15.510000000000048,0.0,1,1258
2014-07-16 02:00:00,2,Wednesday,July,Clear,13.760000000000048,0.0,1,350
2014-07-16 05:00:00,5,Wednesday,July,Clear,12.050000000000011,0.0,1,3065
2014-07-16 08:00:00,8,Wednesday,July,Clouds,15.200000000000045,0.0,20,5757
2014-07-16 11:00:00,11,Wednesday,July,Clear,21.390000000000043,0.0,1,4982
2014-07-16 19:00:00,19,Wednesday,July,Clouds,23.0,0.0,75,3606
2014-07-17 04:00:00,4,Thursday,July,Clear,13.710000000000036,0.0,1,886
2014-07-17 08:00:00,8,Thursday,July,Clouds,16.189999999999998,0.0,75,6332
2014-07-17 11:00:00,11,Thursday,July,Clear,23.090000000000032,0.0,1,4937
2014-07-17 21:00:00,21,Thursday,July,Clear,21.78000000000003,0.0,1,3054
2014-07-18 02:00:00,2,Friday,July,Clear,17.060000000000002,0.0,1,381
2014-07-18 07:00:00,7,Friday,July,Clouds,16.32000000000005,0.0,40,6315
2014-07-18 08:00:00,8,Friday,July,Clouds,17.620000000000005,0.0,75,5658
2014-07-18 12:00:00,12,Friday,July,Clouds,24.510000000000048,0.0,40,5829
2014-07-18 16:00:00,16,Friday,July,Clouds,24.810000000000002,0.0,75,6338
2014-07-18 21:00:00,21,Friday,July,Clouds,22.629999999999995,0.0,40,2883
2014-07-19 01:00:00,1,Saturday,July,Clear,20.640000000000043,0.0,8,847
2014-07-19 03:00:00,3,Saturday,July,Rain,19.710000000000036,0.25,40,498
2014-07-19 08:00:00,8,Saturday,July,Clouds,19.920000000000016,0.0,75,2958
2014-07-19 11:00:00,11,Saturday,July,Clouds,22.77000000000004,0.0,90,4407
2014-07-19 16:00:00,16,Saturday,July,Rain,25.0,0.51,75,4928
2014-07-20 09:00:00,9,Sunday,July,Clouds,23.210000000000036,0.0,75,2902
2014-07-20 16:00:00,16,Sunday,July,Clouds,29.260000000000048,0.0,40,4471
2014-07-20 18:00:00,18,Sunday,July,Clouds,28.400000000000034,0.0,75,4030
2014-07-20 21:00:00,21,Sunday,July,Clouds,26.670000000000016,0.0,90,2657
2014-07-21 04:00:00,4,Monday,July,Clouds,23.450000000000045,0.0,90,961
2014-07-21 05:00:00,5,Monday,July,Clouds,23.28000000000003,0.0,75,2952
2014-07-21 13:00:00,13,Monday,July,Clouds,29.930000000000007,0.0,12,4859
2014-07-21 15:00:00,15,Monday,July,Clouds,31.07000000000005,0.0,75,5871
2014-07-21 19:00:00,19,Monday,July,Clouds,29.810000000000002,0.0,75,3601
2014-07-21 21:00:00,21,Monday,July,Clear,28.200000000000045,0.0,1,2460
2014-07-21 22:00:00,22,Monday,July,Clear,27.850000000000023,0.0,1,1777
2014-07-22 01:00:00,1,Tuesday,July,Thunderstorm,26.860000000000014,0.0,1,432
2014-07-22 04:00:00,4,Tuesday,July,Clear,26.24000000000001,0.0,1,901
2014-07-22 05:00:00,5,Tuesday,July,Mist,25.480000000000018,0.0,75,3022
2014-07-22 07:00:00,7,Tuesday,July,Clouds,22.860000000000014,0.0,40,6211
2014-07-22 10:00:00,10,Tuesday,July,Clouds,24.180000000000007,0.0,40,4607
2014-07-22 11:00:00,11,Tuesday,July,Clouds,24.640000000000043,0.0,90,4907
2014-07-22 13:00:00,13,Tuesday,July,Clouds,26.350000000000023,0.0,75,5192
2014-07-22 17:00:00,17,Tuesday,July,Clouds,27.930000000000007,0.0,20,6597
2014-07-22 18:00:00,18,Tuesday,July,Clouds,27.640000000000043,0.0,44,5173
2014-07-22 20:00:00,20,Tuesday,July,Clouds,24.810000000000002,0.0,20,3070
2014-07-22 21:00:00,21,Tuesday,July,Clear,23.24000000000001,0.0,0,2806
2014-07-23 00:00:00,0,Wednesday,July,Clear,20.220000000000027,0.0,1,684
2014-07-23 01:00:00,1,Wednesday,July,Clear,19.460000000000036,0.0,1,443
2014-07-23 02:00:00,2,Wednesday,July,Clear,18.53000000000003,0.0,1,341
2014-07-23 04:00:00,4,Wednesday,July,Clear,16.660000000000025,0.0,1,971
2014-07-23 05:00:00,5,Wednesday,July,Clear,15.970000000000027,0.0,1,3068
2014-07-23 12:00:00,12,Wednesday,July,Clouds,25.379999999999995,0.0,75,5442
2014-07-23 14:00:00,14,Wednesday,July,Clouds,26.32000000000005,0.0,40,5610
2014-07-23 16:00:00,16,Wednesday,July,Clouds,26.430000000000007,0.0,20,6609
2014-07-23 20:00:00,20,Wednesday,July,Clouds,23.840000000000032,0.0,20,3135
2014-07-23 21:00:00,21,Wednesday,July,Clear,21.54000000000002,0.0,1,2867
2014-07-25 00:00:00,0,Friday,July,Clear,20.220000000000027,0.0,1,801
2014-07-25 13:00:00,13,Friday,July,Clouds,24.939999999999998,0.0,75,5572
2014-07-25 17:00:00,17,Friday,July,Rain,25.850000000000023,0.0,90,5901
2014-07-25 22:00:00,22,Friday,July,Clouds,23.939999999999998,0.0,90,2756
2014-07-26 00:00:00,0,Saturday,July,Clouds,23.420000000000016,0.0,90,1450
2014-07-26 07:00:00,7,Saturday,July,Mist,20.810000000000002,0.0,75,2070
2014-07-26 08:00:00,8,Saturday,July,Mist,22.150000000000034,0.0,75,2798
2014-07-26 15:00:00,15,Saturday,July,Clouds,28.75,0.0,40,4531
2014-07-27 02:00:00,2,Sunday,July,Clear,20.810000000000002,0.0,1,804
2014-07-30 11:00:00,11,Wednesday,July,Haze,23.010000000000048,0.0,1,5273
2014-07-30 16:00:00,16,Wednesday,July,Clear,26.560000000000002,0.0,1,6537
2014-07-30 20:00:00,20,Wednesday,July,Clear,23.110000000000014,0.0,1,3309
2014-07-31 02:00:00,2,Thursday,July,Clear,16.900000000000034,0.0,1,330
2014-07-31 04:00:00,4,Thursday,July,Clear,15.740000000000009,0.0,1,984
2014-07-31 15:00:00,15,Thursday,July,Clear,27.430000000000007,0.0,1,6161
2014-07-31 22:00:00,22,Thursday,July,Clear,20.230000000000018,0.0,1,2610
2014-08-02 00:00:00,0,Saturday,August,Haze,18.730000000000018,0.0,1,1372
2014-08-03 12:00:00,12,Sunday,August,Clear,27.75,0.0,1,4444
2014-08-03 13:00:00,13,Sunday,August,Clear,28.25,0.0,1,4741
2014-08-03 18:00:00,18,Sunday,August,Thunderstorm,27.920000000000016,0.0,40,4222
2014-08-03 23:00:00,23,Sunday,August,Clear,21.230000000000018,0.0,1,1195
2014-08-04 01:00:00,1,Monday,August,Clouds,20.83000000000004,0.0,75,479
2014-08-04 14:00:00,14,Monday,August,Clouds,26.0,0.0,40,5596
2014-08-04 15:00:00,15,Monday,August,Clear,26.5,0.0,1,5980
2014-08-04 19:00:00,19,Monday,August,Clear,25.620000000000005,0.0,1,3558
2014-08-04 22:00:00,22,Monday,August,Clear,20.77000000000004,0.0,1,1891
2014-08-04 23:00:00,23,Monday,August,Clear,19.620000000000005,0.0,1,1158
2014-08-05 01:00:00,1,Tuesday,August,Fog,17.75,0.0,1,424
2014-08-05 02:00:00,2,Tuesday,August,Fog,17.620000000000005,0.0,40,346
2014-08-05 03:00:00,3,Tuesday,August,Mist,16.77000000000004,0.0,1,432
2014-08-05 07:00:00,7,Tuesday,August,Mist,16.08000000000004,0.0,1,6886
2014-08-05 08:00:00,8,Tuesday,August,Clear,17.310000000000002,0.0,1,6204
2014-08-05 10:00:00,10,Tuesday,August,Clear,21.33000000000004,0.0,1,4808
2014-08-05 11:00:00,11,Tuesday,August,Clouds,23.0,0.0,20,5117
2014-08-05 12:00:00,12,Tuesday,August,Clear,23.920000000000016,0.0,1,5348
2014-08-05 18:00:00,18,Tuesday,August,Clear,25.920000000000016,0.0,1,4940
2014-08-06 04:00:00,4,Wednesday,August,Mist,14.770000000000039,0.0,1,979
2014-08-06 09:00:00,9,Wednesday,August,Clear,21.07000000000005,0.0,1,5311
2014-08-06 15:00:00,15,Wednesday,August,Clouds,28.0,0.0,40,6025
2014-08-06 19:00:00,19,Wednesday,August,Clouds,26.460000000000036,0.0,75,3783
2014-08-07 21:00:00,21,Thursday,August,Clear,22.310000000000002,0.0,1,3274
2015-06-12 18:00:00,18,Friday,June,Clear,24.39300000000003,0.0,0,4380
2015-06-24 08:00:00,8,Wednesday,June,Clear,17.075000000000045,0.0,0,5097
2015-06-24 11:00:00,11,Wednesday,June,Clouds,26.732000000000028,0.0,24,4947
2015-06-24 13:00:00,13,Wednesday,June,Clouds,26.732000000000028,0.0,24,5000
2015-06-24 18:00:00,18,Wednesday,June,Rain,24.760000000000048,0.0,92,4658
2015-06-24 20:00:00,20,Wednesday,June,Rain,24.760000000000048,0.0,92,3028
2015-06-24 23:00:00,23,Wednesday,June,Rain,18.746000000000038,0.0,92,1205
2015-06-25 00:00:00,0,Thursday,June,Rain,18.466000000000008,0.0,88,762
2015-06-25 02:00:00,2,Thursday,June,Rain,18.466000000000008,0.0,88,334
2015-06-25 15:00:00,15,Thursday,June,Clouds,26.75,0.0,40,6122
2015-06-25 20:00:00,20,Thursday,June,Clear,24.310000000000002,0.0,1,3207
2015-06-25 21:00:00,21,Thursday,June,Clear,22.100000000000023,0.0,1,3189
2015-06-25 22:00:00,22,Thursday,June,Clear,20.210000000000036,0.0,1,2469
2015-06-26 04:00:00,4,Friday,June,Clear,16.680000000000007,0.0,1,866
2015-06-26 06:00:00,6,Friday,June,Clear,16.400000000000034,0.0,1,5588
2015-06-26 10:00:00,10,Friday,June,Clear,22.150000000000034,0.0,1,4428
2015-06-26 14:00:00,14,Friday,June,Clear,26.180000000000007,0.0,1,5118
2015-06-26 17:00:00,17,Friday,June,Rain,25.120000000000005,0.55,75,5319
2015-06-26 22:00:00,22,Friday,June,Rain,18.210000000000036,0.0,1,3038
2015-06-27 01:00:00,1,Saturday,June,Clear,15.850000000000023,0.0,1,829
2015-06-27 03:00:00,3,Saturday,June,Rain,14.930000000000007,0.6,1,452
2015-06-27 05:00:00,5,Saturday,June,Mist,14.010000000000048,0.0,1,847
2015-06-27 06:00:00,6,Saturday,June,Mist,13.770000000000039,0.0,1,1371
2015-06-27 09:00:00,9,Saturday,June,Clear,20.960000000000036,0.0,1,3481
2015-06-27 10:00:00,10,Saturday,June,Clear,22.660000000000025,0.0,1,3907
2015-06-27 18:00:00,18,Saturday,June,Clear,26.439999999999998,0.0,1,3700
2015-06-27 20:00:00,20,Saturday,June,Clear,24.28000000000003,0.0,1,3421
2015-06-27 22:00:00,22,Saturday,June,Clear,21.910000000000025,0.0,1,3348
2015-06-27 23:00:00,23,Saturday,June,Rain,20.870000000000005,2.86,75,2441
2015-06-28 01:00:00,1,Sunday,June,Rain,18.370000000000005,1.49,90,816
2015-06-28 05:00:00,5,Sunday,June,Rain,17.210000000000036,0.88,90,489
2015-06-28 13:00:00,13,Sunday,June,Clouds,24.680000000000007,0.0,40,4226
2015-06-28 14:00:00,14,Sunday,June,Clouds,25.79000000000002,0.0,75,4571
2015-06-28 20:00:00,20,Sunday,June,Clouds,21.0,0.0,75,2973
2015-06-28 22:00:00,22,Sunday,June,Clouds,18.879999999999995,0.0,40,2020
2015-06-29 00:00:00,0,Monday,June,Mist,17.980000000000018,0.0,40,678
2015-06-29 04:00:00,4,Monday,June,Fog,16.99000000000001,0.0,1,894
2015-06-29 05:00:00,5,Monday,June,Fog,16.57000000000005,0.0,1,2811
2015-06-29 10:00:00,10,Monday,June,Clear,23.75,0.0,1,4439
2015-06-29 11:00:00,11,Monday,June,Clear,25.400000000000034,0.0,1,4555
2015-06-29 14:00:00,14,Monday,June,Clear,27.350000000000023,0.0,1,5709
2015-06-30 00:00:00,0,Tuesday,June,Mist,17.04000000000002,0.0,40,673
2015-06-30 02:00:00,2,Tuesday,June,Mist,16.650000000000034,0.0,40,327
2015-06-30 03:00:00,3,Tuesday,June,Mist,16.560000000000002,0.0,1,414
2015-06-30 06:00:00,6,Tuesday,June,Mist,16.120000000000005,0.0,1,5859
2015-06-30 15:00:00,15,Tuesday,June,Clear,23.730000000000018,0.0,1,5457
2015-07-01 03:00:00,3,Wednesday,July,Rain,15.590000000000032,0.3,1,356
2015-07-01 09:00:00,9,Wednesday,July,Clouds,15.430000000000007,0.0,40,4409
2015-07-01 13:00:00,13,Wednesday,July,Clear,19.02000000000004,0.0,1,4462
2015-07-01 17:00:00,17,Wednesday,July,Clear,22.410000000000025,0.0,1,5969
2015-07-01 18:00:00,18,Wednesday,July,Clear,22.02000000000004,0.0,1,4604
2015-07-01 21:00:00,21,Wednesday,July,Clear,18.04000000000002,0.0,1,2788
2015-07-01 22:00:00,22,Wednesday,July,Clear,16.52000000000004,0.0,1,2356
2015-07-02 01:00:00,1,Thursday,July,Clear,13.32000000000005,0.0,1,566
2015-07-02 05:00:00,5,Thursday,July,Mist,11.879999999999995,0.0,1,2696
2015-07-02 08:00:00,8,Thursday,July,Clear,16.060000000000002,0.0,1,4987
2015-07-02 13:00:00,13,Thursday,July,Clouds,23.33000000000004,0.0,40,5201
2015-07-02 14:00:00,14,Thursday,July,Clouds,23.920000000000016,0.0,40,5601
2015-07-02 17:00:00,17,Thursday,July,Clear,24.390000000000043,0.0,1,4975
2015-07-03 00:00:00,0,Friday,July,Clear,16.05000000000001,0.0,1,959
2015-07-03 01:00:00,1,Friday,July,Clear,14.890000000000043,0.0,1,615
2015-07-03 06:00:00,6,Friday,July,Mist,12.75,0.0,1,1939
2015-07-03 07:00:00,7,Friday,July,Clear,14.270000000000039,0.0,1,2368
2015-07-03 08:00:00,8,Friday,July,Clear,15.400000000000034,0.0,1,2523
2015-07-03 11:00:00,11,Friday,July,Clear,22.710000000000036,0.0,1,4034
2015-07-03 15:00:00,15,Friday,July,Clear,25.77000000000004,0.0,1,4339
2015-07-04 00:00:00,0,Saturday,July,Fog,18.610000000000014,0.0,1,1512
2015-07-04 05:00:00,5,Saturday,July,Haze,16.58000000000004,0.0,1,736
2015-07-04 09:00:00,9,Saturday,July,Haze,21.0,0.0,1,2322
2015-07-04 13:00:00,13,Saturday,July,Haze,27.129999999999995,0.0,40,3267
2015-07-04 17:00:00,17,Saturday,July,Haze,28.54000000000002,0.0,40,2809
2015-07-04 20:00:00,20,Saturday,July,Haze,25.49000000000001,0.0,1,2598
2015-07-04 21:00:00,21,Saturday,July,Haze,24.970000000000027,0.0,1,2471
2015-07-04 23:00:00,23,Saturday,July,Haze,21.890000000000043,0.0,1,3493
2015-07-05 00:00:00,0,Sunday,July,Haze,21.03000000000003,0.0,1,1710
2015-07-05 11:00:00,11,Sunday,July,Clear,24.33000000000004,0.0,1,3295
2015-07-05 14:00:00,14,Sunday,July,Clear,28.379999999999995,0.0,1,4009
2015-07-05 17:00:00,17,Sunday,July,Clouds,29.53000000000003,0.0,75,3688
2015-07-05 22:00:00,22,Sunday,July,Clear,25.700000000000045,0.0,1,2278
2015-07-06 02:00:00,2,Monday,July,Rain,22.03000000000003,7.97,90,319
2015-07-06 07:00:00,7,Monday,July,Rain,20.700000000000045,3.13,90,5199
2015-07-06 09:00:00,9,Monday,July,Rain,20.970000000000027,0.25,75,4173
2015-07-06 12:00:00,12,Monday,July,Rain,19.57000000000005,1.02,90,4385
2015-07-06 13:00:00,13,Monday,July,Rain,17.79000000000002,0.38,75,4307
2015-07-06 15:00:00,15,Monday,July,Rain,20.07000000000005,4.57,90,5205
2015-07-06 18:00:00,18,Monday,July,Smoke,21.390000000000043,0.0,75,4264
2015-07-06 21:00:00,21,Monday,July,Clouds,17.689999999999998,0.0,40,2552
2015-07-07 00:00:00,0,Tuesday,July,Clear,14.25,0.0,1,623
2015-07-07 01:00:00,1,Tuesday,July,Clear,13.379999999999995,0.0,1,392
2015-07-07 02:00:00,2,Tuesday,July,Clear,12.57000000000005,0.0,1,283
2015-07-07 03:00:00,3,Tuesday,July,Rain,11.850000000000023,0.6,1,331
2015-07-07 06:00:00,6,Tuesday,July,Clear,10.680000000000007,0.0,1,5528
2015-07-07 09:00:00,9,Tuesday,July,Clear,15.400000000000034,0.0,1,4360
2015-07-07 10:00:00,10,Tuesday,July,Clear,16.840000000000032,0.0,1,4188
2015-07-07 12:00:00,12,Tuesday,July,Clear,18.430000000000007,0.0,1,4370
2015-07-07 14:00:00,14,Tuesday,July,Clouds,20.200000000000045,0.0,75,4998
2015-07-07 17:00:00,17,Tuesday,July,Clouds,21.32000000000005,0.0,40,6232
2015-07-07 20:00:00,20,Tuesday,July,Clear,19.850000000000023,0.0,1,3007
2015-07-08 03:00:00,3,Wednesday,July,Clear,12.330000000000041,0.0,1,352
2015-07-08 04:00:00,4,Wednesday,July,Clear,11.870000000000005,0.0,1,874
2015-07-08 13:00:00,13,Wednesday,July,Clouds,21.360000000000014,0.0,75,4887
2015-07-08 14:00:00,14,Wednesday,July,Clouds,21.600000000000023,0.0,40,5160
2015-07-08 18:00:00,18,Wednesday,July,Clear,21.970000000000027,0.0,1,4523
2015-07-08 19:00:00,19,Wednesday,July,Clear,21.29000000000002,0.0,1,3336
2015-07-08 20:00:00,20,Wednesday,July,Clear,20.58000000000004,0.0,1,3090
2015-07-09 01:00:00,1,Thursday,July,Clear,14.629999999999995,0.0,1,404
2015-07-09 09:00:00,9,Thursday,July,Clear,18.810000000000002,0.0,1,4710
2015-07-09 12:00:00,12,Thursday,July,Clear,24.460000000000036,0.0,1,4955
2015-07-09 15:00:00,15,Thursday,July,Clouds,25.920000000000016,0.0,40,5735
2015-07-10 09:00:00,9,Friday,July,Clear,21.27000000000004,0.0,1,4598
2015-07-10 21:00:00,21,Friday,July,Clear,24.379999999999995,0.0,1,3204
2015-07-10 23:00:00,23,Friday,July,Clouds,22.730000000000018,0.0,40,1818
2015-07-11 00:00:00,0,Saturday,July,Clouds,22.430000000000007,0.0,40,1280
2015-07-11 01:00:00,1,Saturday,July,Clear,21.450000000000045,0.0,1,916
2015-07-11 03:00:00,3,Saturday,July,Rain,20.05000000000001,0.3,1,436
2015-07-11 04:00:00,4,Saturday,July,Clear,19.410000000000025,0.0,1,451
2015-07-11 09:00:00,9,Saturday,July,Clouds,22.590000000000032,0.0,90,3154
2015-07-11 14:00:00,14,Saturday,July,Clouds,26.129999999999995,0.0,90,4826
2015-07-11 17:00:00,17,Saturday,July,Clouds,25.83000000000004,0.0,90,4012
2015-07-11 19:00:00,19,Saturday,July,Rain,25.5,0.0,40,3438
2015-07-12 02:00:00,2,Sunday,July,Clear,21.560000000000002,0.0,1,763
2015-07-12 12:00:00,12,Sunday,July,Clouds,27.120000000000005,0.0,90,4366
2015-07-12 15:00:00,15,Sunday,July,Clouds,29.710000000000036,0.0,40,4304
2015-07-12 16:00:00,16,Sunday,July,Clouds,30.230000000000018,0.0,75,4056
2015-07-12 21:00:00,21,Sunday,July,Thunderstorm,27.80000000000001,0.0,90,2379
2015-07-12 22:00:00,22,Sunday,July,Thunderstorm,27.57000000000005,0.0,75,1784
2015-07-13 01:00:00,1,Monday,July,Rain,19.07000000000005,7.29,75,374
2015-07-13 03:00:00,3,Monday,July,Rain,18.600000000000023,0.3,1,346
2015-07-13 14:00:00,14,Monday,July,Clouds,28.480000000000018,0.0,40,5008
2015-07-13 16:00:00,16,Monday,July,Clear,29.220000000000027,0.0,1,6073
2015-07-13 21:00:00,21,Monday,July,Rain,24.33000000000004,0.0,1,2424
2015-07-14 01:00:00,1,Tuesday,July,Clear,20.060000000000002,0.0,1,481
2015-07-14 03:00:00,3,Tuesday,July,Clear,19.560000000000002,0.0,1,348
2015-07-14 07:00:00,7,Tuesday,July,Clear,20.32000000000005,0.0,1,5646
2015-07-14 08:00:00,8,Tuesday,July,Haze,22.180000000000007,0.0,1,5324
2015-07-14 09:00:00,9,Tuesday,July,Clear,22.54000000000002,0.0,1,4498
2015-07-14 12:00:00,12,Tuesday,July,Clouds,26.430000000000007,0.0,40,4493
2015-07-14 13:00:00,13,Tuesday,July,Clouds,27.03000000000003,0.0,40,4757
2015-07-14 14:00:00,14,Tuesday,July,Clouds,27.439999999999998,0.0,40,4654
2015-07-14 19:00:00,19,Tuesday,July,Clear,26.0,0.0,1,3267
2015-07-15 10:00:00,10,Wednesday,July,Clear,21.689999999999998,0.0,1,4061
2015-07-15 13:00:00,13,Wednesday,July,Clear,26.58000000000004,0.0,1,4675
2015-07-15 15:00:00,15,Wednesday,July,Rain,26.860000000000014,3.05,40,5268
2015-07-16 03:00:00,3,Thursday,July,Rain,20.30000000000001,0.3,75,414
2015-07-16 08:00:00,8,Thursday,July,Clouds,20.560000000000002,0.0,90,5417
2015-07-16 11:00:00,11,Thursday,July,Clouds,21.79000000000002,0.0,75,4663
2015-07-17 02:00:00,2,Friday,July,Mist,19.07000000000005,0.0,90,340
2015-07-17 05:00:00,5,Friday,July,Mist,18.03000000000003,0.0,1,2735
2015-07-17 08:00:00,8,Friday,July,Mist,20.100000000000023,0.0,90,5245
2015-07-18 00:00:00,0,Saturday,July,Thunderstorm,24.760000000000048,0.0,75,1437
2015-07-18 03:00:00,3,Saturday,July,Rain,19.910000000000025,1.14,20,435
2015-07-18 09:00:00,9,Saturday,July,Clouds,22.02000000000004,0.0,40,3455
2015-07-18 10:00:00,10,Saturday,July,Clear,25.33000000000004,0.0,1,3882
2015-07-18 11:00:00,11,Saturday,July,Clouds,25.920000000000016,0.0,40,4017
2015-07-18 15:00:00,15,Saturday,July,Clear,29.430000000000007,0.0,1,4445
2015-07-18 16:00:00,16,Saturday,July,Clear,29.200000000000045,0.0,1,4268
2015-07-18 19:00:00,19,Saturday,July,Clear,27.129999999999995,0.0,1,3385
2015-07-18 20:00:00,20,Saturday,July,Clear,25.58000000000004,0.0,1,3102
2015-07-19 00:00:00,0,Sunday,July,Clear,20.49000000000001,0.0,1,1511
2015-07-19 03:00:00,3,Sunday,July,Clear,17.32000000000005,0.0,1,451
2015-07-19 07:00:00,7,Sunday,July,Clear,17.230000000000018,0.0,1,1206
2015-07-19 08:00:00,8,Sunday,July,Clear,19.27000000000004,0.0,1,1801
2015-07-19 11:00:00,11,Sunday,July,Clear,24.590000000000032,0.0,1,3899
2015-07-19 13:00:00,13,Sunday,July,Clear,26.57000000000005,0.0,1,4929
2015-07-19 21:00:00,21,Sunday,July,Clear,23.670000000000016,0.0,1,3137
2015-07-20 01:00:00,1,Monday,July,Clear,22.02000000000004,0.0,1,462
2015-07-20 02:00:00,2,Monday,July,Clear,21.970000000000027,0.0,1,316
2015-07-20 03:00:00,3,Monday,July,Clouds,22.010000000000048,0.0,40,371
2015-07-20 08:00:00,8,Monday,July,Clouds,21.439999999999998,0.0,40,5149
2015-07-20 10:00:00,10,Monday,July,Clear,22.430000000000007,0.0,1,4081
2015-07-20 17:00:00,17,Monday,July,Clear,24.78000000000003,0.0,1,5794
2015-07-20 20:00:00,20,Monday,July,Clouds,21.950000000000045,0.0,40,2721
2015-07-20 22:00:00,22,Monday,July,Clear,18.610000000000014,0.0,1,2200
2015-07-20 23:00:00,23,Monday,July,Clear,17.689999999999998,0.0,1,1108
2015-07-21 03:00:00,3,Tuesday,July,Clear,15.230000000000018,0.0,1,367
2015-07-21 07:00:00,7,Tuesday,July,Clear,16.32000000000005,0.0,1,5130
2015-07-21 09:00:00,9,Tuesday,July,Clear,19.189999999999998,0.0,1,5024
2015-07-21 13:00:00,13,Tuesday,July,Clouds,25.29000000000002,0.0,40,4796
2015-07-22 00:00:00,0,Wednesday,July,Clear,18.32000000000005,0.0,1,619
2015-07-22 01:00:00,1,Wednesday,July,Clear,17.860000000000014,0.0,1,428
2015-07-22 04:00:00,4,Wednesday,July,Clear,17.060000000000002,0.0,1,911
2015-07-22 14:00:00,14,Wednesday,July,Clouds,26.939999999999998,0.0,40,5367
2015-07-22 16:00:00,16,Wednesday,July,Clouds,27.010000000000048,0.0,75,6279
2015-07-23 00:00:00,0,Thursday,July,Clear,19.99000000000001,0.0,1,727
2015-07-23 01:00:00,1,Thursday,July,Clear,19.27000000000004,0.0,1,444
2015-07-23 12:00:00,12,Thursday,July,Clear,26.560000000000002,0.0,1,4898
2015-07-23 16:00:00,16,Thursday,July,Clear,28.120000000000005,0.0,1,6256
2015-07-23 20:00:00,20,Thursday,July,Clear,25.80000000000001,0.0,1,3186
2015-07-23 21:00:00,21,Thursday,July,Clear,24.150000000000034,0.0,1,3487
2015-07-24 05:00:00,5,Friday,July,Rain,20.82000000000005,2.29,40,2672
2015-07-24 08:00:00,8,Friday,July,Rain,20.100000000000023,0.25,75,5063
2015-07-24 13:00:00,13,Friday,July,Clear,28.160000000000025,0.0,1,5143
2015-07-24 20:00:00,20,Friday,July,Clear,27.760000000000048,0.0,1,3379
2015-07-25 02:00:00,2,Saturday,July,Clear,20.75,0.0,1,616
2015-07-25 04:00:00,4,Saturday,July,Mist,19.200000000000045,0.0,1,258
2015-07-25 14:00:00,14,Saturday,July,Clouds,28.970000000000027,0.0,76,3095
2015-07-25 16:00:00,16,Saturday,July,Clear,28.910000000000025,0.0,1,3179
2015-07-25 20:00:00,20,Saturday,July,Clouds,26.52000000000004,0.0,40,2300
2015-07-26 11:00:00,11,Sunday,July,Clouds,25.30000000000001,0.0,40,3268
2015-07-26 12:00:00,12,Sunday,July,Clouds,26.560000000000002,0.0,75,3582
2015-07-26 14:00:00,14,Sunday,July,Clouds,29.430000000000007,0.0,40,3607
2015-07-26 17:00:00,17,Sunday,July,Clear,29.890000000000043,0.0,1,3892
2015-07-26 18:00:00,18,Sunday,July,Clear,29.230000000000018,0.0,1,3642
2015-07-26 19:00:00,19,Sunday,July,Clear,28.470000000000027,0.0,1,3070
2015-07-26 20:00:00,20,Sunday,July,Clear,27.230000000000018,0.0,1,2887
2015-07-26 22:00:00,22,Sunday,July,Clear,24.360000000000014,0.0,1,2151
2015-07-26 23:00:00,23,Sunday,July,Clear,23.410000000000025,0.0,1,1324
2015-07-27 01:00:00,1,Monday,July,Clear,21.939999999999998,0.0,1,423
2015-07-27 05:00:00,5,Monday,July,Clear,21.260000000000048,0.0,1,2846
2015-07-27 13:00:00,13,Monday,July,Clouds,28.260000000000048,0.0,75,4699
2015-07-27 14:00:00,14,Monday,July,Clouds,28.350000000000023,0.0,40,4943
2015-07-27 23:00:00,23,Monday,July,Clear,24.650000000000034,0.0,1,1075
2015-07-28 03:00:00,3,Tuesday,July,Clear,23.350000000000023,0.0,1,357
2015-07-28 12:00:00,12,Tuesday,July,Clear,24.78000000000003,0.0,1,4878
2015-07-28 14:00:00,14,Tuesday,July,Clouds,27.430000000000007,0.0,90,5398
2015-07-28 16:00:00,16,Tuesday,July,Clouds,27.840000000000032,0.0,90,6622
2015-07-28 20:00:00,20,Tuesday,July,Clouds,25.78000000000003,0.0,40,2841
2015-07-29 02:00:00,2,Wednesday,July,Clear,19.189999999999998,0.0,1,305
2015-07-29 03:00:00,3,Wednesday,July,Clear,19.07000000000005,0.0,1,381
2015-07-29 04:00:00,4,Wednesday,July,Clear,18.220000000000027,0.0,1,899
2015-07-29 19:00:00,19,Wednesday,July,Clear,26.08000000000004,0.0,1,3467
2015-07-29 23:00:00,23,Wednesday,July,Clear,20.910000000000025,0.0,1,1181
2015-07-30 06:00:00,6,Thursday,July,Clear,16.910000000000025,0.0,1,5656
2015-07-30 07:00:00,7,Thursday,July,Clear,18.090000000000032,0.0,1,5535
2015-07-30 11:00:00,11,Thursday,July,Clear,25.670000000000016,0.0,1,4900
2015-07-30 12:00:00,12,Thursday,July,Clear,26.53000000000003,0.0,1,5077
2015-07-30 18:00:00,18,Thursday,July,Clear,27.980000000000018,0.0,1,4932
2015-07-30 19:00:00,19,Thursday,July,Clear,27.100000000000023,0.0,1,3660
2015-07-30 21:00:00,21,Thursday,July,Clear,23.150000000000034,0.0,1,3096
2015-07-30 23:00:00,23,Thursday,July,Clear,21.610000000000014,0.0,1,1469
2015-07-31 01:00:00,1,Friday,July,Clear,19.950000000000045,0.0,1,526
2015-07-31 03:00:00,3,Friday,July,Clear,19.160000000000025,0.0,1,410
2015-07-31 06:00:00,6,Friday,July,Clear,17.460000000000036,0.0,1,5505
2015-07-31 11:00:00,11,Friday,July,Clear,24.640000000000043,0.0,1,5128
2015-07-31 12:00:00,12,Friday,July,Clear,25.480000000000018,0.0,1,5710
2015-07-31 13:00:00,13,Friday,July,Clear,26.29000000000002,0.0,1,5272
2015-07-31 15:00:00,15,Friday,July,Clear,27.0,0.0,1,5740
2015-07-31 18:00:00,18,Friday,July,Clear,26.58000000000004,0.0,1,4730
2015-08-01 00:00:00,0,Saturday,August,Clouds,19.04000000000002,0.0,40,1338
2015-08-01 07:00:00,7,Saturday,August,Clear,16.930000000000007,0.0,1,1753
2015-08-01 10:00:00,10,Saturday,August,Clear,24.060000000000002,0.0,1,3618
2015-08-01 11:00:00,11,Saturday,August,Clear,25.04000000000002,0.0,1,3680
2015-08-01 12:00:00,12,Saturday,August,Clear,27.05000000000001,0.0,1,3926
2015-08-01 17:00:00,17,Saturday,August,Clouds,28.590000000000032,0.0,36,3512
2015-08-01 19:00:00,19,Saturday,August,Clear,27.82000000000005,0.0,1,2619
2015-08-01 21:00:00,21,Saturday,August,Clear,25.180000000000007,0.0,1,2646
2015-08-02 01:00:00,1,Sunday,August,Rain,22.980000000000018,0.0,1,806
2015-08-02 02:00:00,2,Sunday,August,Clear,22.400000000000034,0.0,1,640
2015-08-02 03:00:00,3,Sunday,August,Clear,22.05000000000001,0.0,1,382
2015-08-02 05:00:00,5,Sunday,August,Clear,21.25,0.0,1,480
2015-08-02 11:00:00,11,Sunday,August,Clear,25.80000000000001,0.0,1,3959
2015-08-02 12:00:00,12,Sunday,August,Clouds,26.54000000000002,0.0,90,3853
2015-08-03 00:00:00,0,Monday,August,Clear,17.560000000000002,0.0,1,634
2015-08-03 02:00:00,2,Monday,August,Clear,15.760000000000048,0.0,1,315
2015-08-03 03:00:00,3,Monday,August,Clear,14.379999999999995,0.0,1,354
2015-08-03 04:00:00,4,Monday,August,Clear,14.060000000000002,0.0,1,870
2015-08-03 07:00:00,7,Monday,August,Clear,15.060000000000002,0.0,1,5431
2015-08-03 14:00:00,14,Monday,August,Clear,24.939999999999998,0.0,1,5235
2015-08-03 15:00:00,15,Monday,August,Clouds,25.129999999999995,0.0,40,5664
2015-08-03 20:00:00,20,Monday,August,Clear,22.430000000000007,0.0,1,2958
2015-08-03 23:00:00,23,Monday,August,Clouds,17.730000000000018,0.0,20,1092
2015-08-04 02:00:00,2,Tuesday,August,Rain,14.879999999999995,1.2,1,293
2015-08-04 05:00:00,5,Tuesday,August,Mist,12.689999999999998,0.0,1,3068
2015-08-04 08:00:00,8,Tuesday,August,Clear,15.04000000000002,0.0,1,5243
2015-08-04 12:00:00,12,Tuesday,August,Clear,23.610000000000014,0.0,1,4906
2015-08-04 16:00:00,16,Tuesday,August,Clouds,26.420000000000016,0.0,40,6269
2015-08-04 18:00:00,18,Tuesday,August,Clear,25.83000000000004,0.0,1,4291
2015-08-04 20:00:00,20,Tuesday,August,Clear,23.0,0.0,1,2966
2015-08-04 22:00:00,22,Tuesday,August,Clear,18.680000000000007,0.0,1,2107
2015-08-05 01:00:00,1,Wednesday,August,Clear,15.25,0.0,1,440
2015-08-05 02:00:00,2,Wednesday,August,Clear,15.120000000000005,0.0,1,308
2015-08-05 03:00:00,3,Wednesday,August,Clear,14.900000000000034,0.0,1,384
2015-08-05 07:00:00,7,Wednesday,August,Clear,14.930000000000007,0.0,1,5473
2015-08-05 08:00:00,8,Wednesday,August,Clear,17.120000000000005,0.0,1,5417
2015-08-05 11:00:00,11,Wednesday,August,Clear,23.430000000000007,0.0,1,4771
2015-08-05 17:00:00,17,Wednesday,August,Clear,26.680000000000007,0.0,1,6122
2015-08-05 22:00:00,22,Wednesday,August,Rain,19.840000000000032,0.9,1,2505
2015-08-06 01:00:00,1,Thursday,August,Clear,17.710000000000036,0.0,1,461
2015-08-06 02:00:00,2,Thursday,August,Clear,17.05000000000001,0.0,1,357
2015-08-06 11:00:00,11,Thursday,August,Rain,20.600000000000023,12.7,90,4724
2015-08-06 17:00:00,17,Thursday,August,Rain,21.920000000000016,0.51,90,5958
2015-08-06 18:00:00,18,Thursday,August,Clouds,22.129999999999995,0.0,40,4417
2015-08-06 20:00:00,20,Thursday,August,Rain,21.850000000000023,6.1,90,2974
2015-08-06 22:00:00,22,Thursday,August,Rain,21.200000000000045,1.03,75,2296
2015-08-07 00:00:00,0,Friday,August,Rain,20.860000000000014,2.54,40,721
2015-08-07 08:00:00,8,Friday,August,Clouds,20.640000000000043,0.0,90,5124
2015-08-07 09:00:00,9,Friday,August,Clouds,21.200000000000045,0.0,40,4672
2015-08-07 10:00:00,10,Friday,August,Mist,22.310000000000002,0.0,90,4393
2015-08-07 18:00:00,18,Friday,August,Clear,26.57000000000005,0.0,1,4297
2015-08-07 20:00:00,20,Friday,August,Clear,23.560000000000002,0.0,1,3422
2015-08-07 22:00:00,22,Friday,August,Clear,20.700000000000045,0.0,1,3414
2015-08-07 23:00:00,23,Friday,August,Clear,19.930000000000007,0.0,1,2255
2015-08-08 00:00:00,0,Saturday,August,Mist,19.57000000000005,0.0,1,1414
2015-08-08 04:00:00,4,Saturday,August,Mist,18.350000000000023,0.0,75,463
2015-08-09 03:00:00,3,Sunday,August,Rain,20.960000000000036,0.0,1,407
2015-08-09 08:00:00,8,Sunday,August,Mist,20.860000000000014,0.0,75,1713
2015-08-09 10:00:00,10,Sunday,August,Clouds,23.670000000000016,0.0,75,3359
2015-08-09 15:00:00,15,Sunday,August,Rain,21.08000000000004,2.61,75,4175
2015-08-09 21:00:00,21,Sunday,August,Clear,21.480000000000018,0.0,1,2631
2015-08-10 01:00:00,1,Monday,August,Fog,19.210000000000036,0.0,1,363
2015-08-10 09:00:00,9,Monday,August,Clear,20.610000000000014,0.0,1,4652
2015-08-10 11:00:00,11,Monday,August,Clouds,24.04000000000002,0.0,40,4444
2015-08-10 13:00:00,13,Monday,August,Clouds,25.450000000000045,0.0,40,4756
2015-08-10 18:00:00,18,Monday,August,Clear,25.78000000000003,0.0,1,3600
2015-08-10 19:00:00,19,Monday,August,Clear,25.120000000000005,0.0,1,2962
2015-08-10 22:00:00,22,Monday,August,Clear,19.460000000000036,0.0,1,2031
2015-08-11 02:00:00,2,Tuesday,August,Clear,17.140000000000043,0.0,1,283
2015-08-11 05:00:00,5,Tuesday,August,Mist,15.550000000000011,0.0,1,2981
2015-08-11 07:00:00,7,Tuesday,August,Clear,16.220000000000027,0.0,1,5708
2015-08-11 09:00:00,9,Tuesday,August,Clear,20.82000000000005,0.0,1,4763
2015-08-11 15:00:00,15,Tuesday,August,Clear,26.510000000000048,0.0,1,5584
2015-08-12 02:00:00,2,Wednesday,August,Mist,16.30000000000001,0.0,1,323
2015-08-12 05:00:00,5,Wednesday,August,Mist,15.080000000000041,0.0,1,2979
2015-08-12 06:00:00,6,Wednesday,August,Mist,14.760000000000048,0.0,1,5869
2015-08-12 07:00:00,7,Wednesday,August,Clear,15.950000000000045,0.0,1,5656
2015-08-12 15:00:00,15,Wednesday,August,Clear,28.430000000000007,0.0,1,5639
2015-08-12 17:00:00,17,Wednesday,August,Clear,28.700000000000045,0.0,1,6386
2015-08-12 18:00:00,18,Wednesday,August,Clear,28.260000000000048,0.0,1,4786
2015-08-13 06:00:00,6,Thursday,August,Rain,20.840000000000032,0.28,1,5761
2015-08-13 08:00:00,8,Thursday,August,Clear,22.460000000000036,0.0,1,5414
2015-08-13 10:00:00,10,Thursday,August,Clear,24.680000000000007,0.0,1,4911
2015-08-13 12:00:00,12,Thursday,August,Clear,26.620000000000005,0.0,1,5221
2015-08-13 18:00:00,18,Thursday,August,Clear,26.5,0.0,1,4518
2015-08-13 20:00:00,20,Thursday,August,Clear,25.189999999999998,0.0,1,3080
2015-08-14 10:00:00,10,Friday,August,Clear,26.52000000000004,0.0,1,4846
2015-08-14 14:00:00,14,Friday,August,Clear,32.110000000000014,0.0,1,5501
2015-08-14 15:00:00,15,Friday,August,Clear,32.47000000000003,0.0,0,5660
2015-08-14 20:00:00,20,Friday,August,Clear,28.58000000000004,0.0,1,3062
2015-08-14 21:00:00,21,Friday,August,Clear,26.379999999999995,0.0,1,2929
2015-08-15 01:00:00,1,Saturday,August,Mist,22.960000000000036,0.0,1,1045
2015-08-15 02:00:00,2,Saturday,August,Rain,22.82000000000005,0.6,1,653
2015-08-15 06:00:00,6,Saturday,August,Mist,20.600000000000023,0.0,1,1467
2015-08-15 08:00:00,8,Saturday,August,Clear,22.400000000000034,0.0,5,2767
2015-08-15 11:00:00,11,Saturday,August,Clear,28.680000000000007,0.0,1,4053
2015-08-15 13:00:00,13,Saturday,August,Clear,30.5,0.0,1,4357
2015-08-15 14:00:00,14,Saturday,August,Clear,31.0,0.0,1,4600
2015-08-15 18:00:00,18,Saturday,August,Clear,29.950000000000045,0.0,1,4260
2015-08-15 19:00:00,19,Saturday,August,Clear,28.55000000000001,0.0,1,3291
2015-08-15 23:00:00,23,Saturday,August,Clear,23.600000000000023,0.0,1,2288
2015-08-16 00:00:00,0,Sunday,August,Clear,23.210000000000036,0.0,1,1489
2015-08-16 02:00:00,2,Sunday,August,Clear,22.060000000000002,0.0,1,624
2015-08-16 05:00:00,5,Sunday,August,Thunderstorm,22.370000000000005,0.0,1,483
2015-08-16 08:00:00,8,Sunday,August,Clear,22.689999999999998,0.0,1,1742
2015-08-16 11:00:00,11,Sunday,August,Clouds,25.160000000000025,0.0,40,4071
2015-08-16 18:00:00,18,Sunday,August,Rain,23.210000000000036,0.55,75,3793
2015-08-16 23:00:00,23,Sunday,August,Rain,20.450000000000045,0.25,75,1080
2015-08-17 12:00:00,12,Monday,August,Clear,20.920000000000016,0.0,1,4906
2015-08-17 13:00:00,13,Monday,August,Clear,21.79000000000002,0.0,1,4899
2015-08-17 19:00:00,19,Monday,August,Rain,18.060000000000002,0.65,75,3113
2015-08-17 20:00:00,20,Monday,August,Rain,17.610000000000014,0.0,40,2652
2015-08-18 06:00:00,6,Tuesday,August,Clouds,15.960000000000036,0.0,90,5899
2015-08-18 17:00:00,17,Tuesday,August,Rain,18.360000000000014,2.67,90,5839
2015-08-18 23:00:00,23,Tuesday,August,Rain,16.960000000000036,0.51,90,1093
2015-08-19 01:00:00,1,Wednesday,August,Rain,16.930000000000007,0.25,90,400
2015-08-19 03:00:00,3,Wednesday,August,Rain,16.370000000000005,0.0,90,392
2015-08-19 08:00:00,8,Wednesday,August,Drizzle,13.990000000000009,0.0,90,5884
2015-08-19 13:00:00,13,Wednesday,August,Mist,16.200000000000045,0.0,90,5014
2015-08-20 00:00:00,0,Thursday,August,Clouds,13.370000000000005,0.0,90,658
2015-08-20 02:00:00,2,Thursday,August,Clouds,13.200000000000045,0.0,90,281
2015-08-20 06:00:00,6,Thursday,August,Clouds,11.700000000000045,0.0,75,5585
2015-08-20 08:00:00,8,Thursday,August,Clear,11.990000000000009,0.0,1,5820
2015-08-20 11:00:00,11,Thursday,August,Clear,17.939999999999998,0.0,1,5146
2015-08-20 12:00:00,12,Thursday,August,Clear,19.360000000000014,0.0,1,5347
2015-08-20 16:00:00,16,Thursday,August,Clouds,22.470000000000027,0.0,40,6519
2015-08-20 22:00:00,22,Thursday,August,Clear,14.410000000000025,0.0,1,2298
2015-08-20 23:00:00,23,Thursday,August,Clear,13.660000000000025,0.0,1,1407
2015-08-21 05:00:00,5,Friday,August,Clear,15.270000000000039,0.0,1,2752
2015-08-21 06:00:00,6,Friday,August,Clouds,15.140000000000043,0.0,40,5433
2015-08-21 11:00:00,11,Friday,August,Clear,22.470000000000027,0.0,1,4918
2015-08-21 13:00:00,13,Friday,August,Clear,23.49000000000001,0.0,1,5255
2015-08-21 14:00:00,14,Friday,August,Clear,24.5,0.0,1,5322
2015-08-21 15:00:00,15,Friday,August,Clear,25.350000000000023,0.0,1,5721
2015-08-21 20:00:00,20,Friday,August,Clear,22.390000000000043,0.0,1,3260
2015-08-21 22:00:00,22,Friday,August,Clear,21.03000000000003,0.0,1,2875
2015-08-21 23:00:00,23,Friday,August,Clear,20.49000000000001,0.0,1,1868
2015-08-22 00:00:00,0,Saturday,August,Clear,20.360000000000014,0.0,1,1255
2015-08-22 02:00:00,2,Saturday,August,Clear,19.760000000000048,0.0,1,705
2015-08-22 05:00:00,5,Saturday,August,Clouds,19.54000000000002,0.0,40,863
2015-08-22 09:00:00,9,Saturday,August,Clouds,20.430000000000007,0.0,40,3572
2015-08-22 15:00:00,15,Saturday,August,Clouds,26.730000000000018,0.0,90,4489
2015-08-22 17:00:00,17,Saturday,August,Thunderstorm,25.140000000000043,0.0,90,4572
2015-08-22 21:00:00,21,Saturday,August,Rain,20.670000000000016,5.92,90,2336
2015-08-23 05:00:00,5,Sunday,August,Clouds,13.420000000000016,0.0,75,500
2015-08-23 06:00:00,6,Sunday,August,Rain,13.510000000000048,0.25,90,802
2015-08-23 18:00:00,18,Sunday,August,Clouds,18.82000000000005,0.0,75,3910
2015-08-23 21:00:00,21,Sunday,August,Clouds,16.680000000000007,0.0,64,2353
2015-08-24 06:00:00,6,Monday,August,Clouds,12.129999999999995,0.0,75,5778
2015-08-24 09:00:00,9,Monday,August,Clouds,13.240000000000009,0.0,40,4671
2015-08-24 10:00:00,10,Monday,August,Clouds,13.82000000000005,0.0,75,4313
2015-08-24 11:00:00,11,Monday,August,Clear,15.020000000000039,0.0,1,4653
2015-08-24 12:00:00,12,Monday,August,Clouds,16.52000000000004,0.0,40,4953
2015-08-24 16:00:00,16,Monday,August,Clouds,18.230000000000018,0.0,90,6356
2015-08-24 20:00:00,20,Monday,August,Clouds,16.950000000000045,0.0,90,2801
2015-08-24 23:00:00,23,Monday,August,Clouds,15.439999999999998,0.0,90,1037
2015-08-25 02:00:00,2,Tuesday,August,Clouds,14.610000000000014,0.0,90,293
2015-08-25 04:00:00,4,Tuesday,August,Clouds,12.480000000000018,0.0,90,878
2015-08-25 07:00:00,7,Tuesday,August,Clear,11.220000000000027,0.0,1,6090
2015-08-25 12:00:00,12,Tuesday,August,Clear,19.410000000000025,0.0,1,5389
2015-08-25 14:00:00,14,Tuesday,August,Clear,21.58000000000004,0.0,1,5476
2015-08-25 19:00:00,19,Tuesday,August,Clear,20.77000000000004,0.0,1,3413
2015-08-25 21:00:00,21,Tuesday,August,Clear,15.410000000000025,0.0,1,2685
2015-08-26 09:00:00,9,Wednesday,August,Clear,15.350000000000023,0.0,1,5059
2015-08-26 10:00:00,10,Wednesday,August,Clear,17.879999999999995,0.0,1,4781
2015-08-26 16:00:00,16,Wednesday,August,Clear,23.200000000000045,0.0,1,6563
2015-08-26 21:00:00,21,Wednesday,August,Clouds,15.910000000000025,0.0,40,2812
2015-08-26 22:00:00,22,Wednesday,August,Clear,15.03000000000003,0.0,1,1770
2015-08-27 04:00:00,4,Thursday,August,Clouds,14.510000000000048,0.0,75,881
2015-08-27 10:00:00,10,Thursday,August,Clouds,19.420000000000016,0.0,90,4948
2015-08-27 17:00:00,17,Thursday,August,Clouds,23.379999999999995,0.0,40,6175
2015-08-27 19:00:00,19,Thursday,August,Clear,21.27000000000004,0.0,1,3619
2015-08-28 00:00:00,0,Friday,August,Clear,17.670000000000016,0.0,1,680
2015-08-28 01:00:00,1,Friday,August,Clear,17.590000000000032,0.0,1,427
2015-08-28 03:00:00,3,Friday,August,Clear,17.310000000000002,0.0,1,400
2015-08-28 07:00:00,7,Friday,August,Rain,16.689999999999998,0.3,1,6412
2015-08-28 11:00:00,11,Friday,August,Rain,20.960000000000036,0.0,1,5537
2015-08-28 13:00:00,13,Friday,August,Rain,23.060000000000002,0.0,1,5676
2015-08-28 15:00:00,15,Friday,August,Clouds,24.470000000000027,0.0,75,5914
2015-08-29 08:00:00,8,Saturday,August,Mist,13.600000000000023,0.0,90,3564
2015-08-29 15:00:00,15,Saturday,August,Clear,22.30000000000001,0.0,1,4809
2015-08-30 02:00:00,2,Sunday,August,Mist,16.560000000000002,0.0,1,693
2015-08-30 09:00:00,9,Sunday,August,Clouds,17.24000000000001,0.0,90,3627
2015-08-31 00:00:00,0,Monday,August,Clear,19.200000000000045,0.0,1,662
2015-08-31 01:00:00,1,Monday,August,Clear,18.930000000000007,0.0,1,341
2015-08-31 03:00:00,3,Monday,August,Mist,18.400000000000034,0.0,1,359
2015-08-31 05:00:00,5,Monday,August,Mist,18.170000000000016,0.0,1,2872
2015-08-31 07:00:00,7,Monday,August,Rain,18.650000000000034,0.25,75,6461
2015-08-31 16:00:00,16,Monday,August,Clear,28.75,0.0,1,6488
2015-08-31 20:00:00,20,Monday,August,Clear,24.78000000000003,0.0,1,2945
2015-08-31 22:00:00,22,Monday,August,Clear,22.960000000000036,0.0,1,1625
2015-09-01 16:00:00,16,Tuesday,September,Haze,28.640000000000043,0.0,1,6685
2015-09-02 03:00:00,3,Wednesday,September,Rain,23.180000000000007,2.38,90,396
2015-09-02 06:00:00,6,Wednesday,September,Rain,20.390000000000043,0.42,90,5637
2015-09-02 07:00:00,7,Wednesday,September,Mist,20.24000000000001,0.0,40,6477
2015-09-02 08:00:00,8,Wednesday,September,Mist,20.660000000000025,0.0,1,5821
2015-09-02 15:00:00,15,Wednesday,September,Drizzle,23.129999999999995,0.0,90,5934
2015-09-02 16:00:00,16,Wednesday,September,Drizzle,24.57000000000005,0.0,1,6526
2015-09-03 00:00:00,0,Thursday,September,Mist,20.510000000000048,0.0,40,602
2015-09-03 01:00:00,1,Thursday,September,Mist,20.350000000000023,0.0,1,404
2015-09-03 13:00:00,13,Thursday,September,Clouds,27.480000000000018,0.0,75,5513
2015-09-03 16:00:00,16,Thursday,September,Clear,28.629999999999995,0.0,1,6154
2015-09-03 18:00:00,18,Thursday,September,Clear,27.960000000000036,0.0,5,5491
2015-09-03 19:00:00,19,Thursday,September,Clear,26.970000000000027,0.0,1,4016
2015-09-03 20:00:00,20,Thursday,September,Clear,25.160000000000025,0.0,1,3252
2015-09-04 00:00:00,0,Friday,September,Mist,22.939999999999998,0.0,1,811
2015-09-04 05:00:00,5,Friday,September,Clear,21.460000000000036,0.0,1,2670
2015-09-04 09:00:00,9,Friday,September,Mist,22.54000000000002,0.0,40,5234
2015-09-04 11:00:00,11,Friday,September,Haze,26.80000000000001,0.0,1,5453
2015-09-04 14:00:00,14,Friday,September,Clear,30.32000000000005,0.0,1,5760
2015-09-04 15:00:00,15,Friday,September,Clouds,30.610000000000014,0.0,40,5750
2015-09-04 17:00:00,17,Friday,September,Clouds,30.860000000000014,0.0,40,5097
2015-09-05 05:00:00,5,Saturday,September,Thunderstorm,23.640000000000043,0.0,75,773
2015-09-05 08:00:00,8,Saturday,September,Rain,23.110000000000014,0.63,75,3026
2015-09-05 09:00:00,9,Saturday,September,Rain,22.99000000000001,0.96,1,3734
2015-09-05 14:00:00,14,Saturday,September,Clear,30.08000000000004,0.0,1,4390
2015-09-05 18:00:00,18,Saturday,September,Clouds,30.150000000000034,0.0,75,3665
2015-09-05 21:00:00,21,Saturday,September,Clear,27.410000000000025,0.0,1,2849
2015-09-06 00:00:00,0,Sunday,September,Clear,26.610000000000014,0.0,1,1198
2015-09-06 08:00:00,8,Sunday,September,Rain,23.420000000000016,0.3,90,1936
2015-09-06 12:00:00,12,Sunday,September,Rain,26.24000000000001,0.3,40,4281
2015-09-06 16:00:00,16,Sunday,September,Rain,27.379999999999995,0.3,40,3978
2015-09-06 22:00:00,22,Sunday,September,Clouds,23.120000000000005,0.0,90,2027
2015-09-07 00:00:00,0,Monday,September,Clouds,21.870000000000005,0.0,90,973
2015-09-07 04:00:00,4,Monday,September,Rain,19.99000000000001,0.3,40,291
2015-09-07 05:00:00,5,Monday,September,Clouds,19.700000000000045,0.0,75,576
2015-09-07 06:00:00,6,Monday,September,Clouds,19.730000000000018,0.0,40,1057
2015-09-07 11:00:00,11,Monday,September,Clear,22.760000000000048,0.0,1,3782
2015-09-07 17:00:00,17,Monday,September,Clear,26.33000000000004,0.0,1,3798
2015-09-07 19:00:00,19,Monday,September,Clear,22.760000000000048,0.0,1,3511
2015-09-07 20:00:00,20,Monday,September,Rain,22.57000000000005,0.0,1,2924
2015-09-08 05:00:00,5,Tuesday,September,Rain,18.680000000000007,2.7,90,2776
2015-09-08 09:00:00,9,Tuesday,September,Clear,19.04000000000002,0.0,1,5590
2015-09-08 13:00:00,13,Tuesday,September,Rain,23.77000000000004,0.25,1,4967
2015-09-08 14:00:00,14,Tuesday,September,Clear,25.03000000000003,0.0,1,5232
2015-09-08 15:00:00,15,Tuesday,September,Clear,24.77000000000004,0.0,1,5788
2015-09-08 16:00:00,16,Tuesday,September,Clear,24.700000000000045,0.0,1,6740
2015-09-09 00:00:00,0,Wednesday,September,Clear,12.879999999999995,0.0,1,535
2015-09-09 13:00:00,13,Wednesday,September,Rain,17.390000000000043,0.0,90,4945
2015-09-09 22:00:00,22,Wednesday,September,Rain,16.49000000000001,3.28,75,1495
2015-09-10 00:00:00,0,Thursday,September,Rain,16.010000000000048,0.55,90,498
2015-09-10 01:00:00,1,Thursday,September,Fog,15.0,0.0,90,340
2015-09-10 04:00:00,4,Thursday,September,Rain,15.050000000000011,0.52,75,904
2015-09-10 07:00:00,7,Thursday,September,Mist,14.870000000000005,0.0,75,6518
2015-09-10 09:00:00,9,Thursday,September,Rain,15.430000000000007,0.38,20,5642
2015-09-10 21:00:00,21,Thursday,September,Clouds,14.080000000000041,0.0,75,2684
2015-09-11 02:00:00,2,Friday,September,Clear,10.230000000000018,0.0,1,310
2015-09-11 09:00:00,9,Friday,September,Clear,10.830000000000041,0.0,1,5031
2015-09-11 13:00:00,13,Friday,September,Clouds,16.08000000000004,0.0,75,5188
2015-09-11 14:00:00,14,Friday,September,Clouds,16.350000000000023,0.0,75,5556
2015-09-11 15:00:00,15,Friday,September,Clouds,16.560000000000002,0.0,40,5949
2015-09-11 18:00:00,18,Friday,September,Clouds,16.480000000000018,0.0,90,4497
2015-09-11 21:00:00,21,Friday,September,Clear,10.900000000000034,0.0,1,1932
2015-09-12 14:00:00,14,Saturday,September,Clear,19.060000000000002,0.0,1,2696
2015-09-12 16:00:00,16,Saturday,September,Clear,19.560000000000002,0.0,1,2639
2015-09-12 17:00:00,17,Saturday,September,Clouds,19.410000000000025,0.0,40,2437
2015-09-13 03:00:00,3,Sunday,September,Rain,10.160000000000025,0.3,1,342
2015-09-13 08:00:00,8,Sunday,September,Clear,10.310000000000002,0.0,1,1720
2015-09-13 11:00:00,11,Sunday,September,Clear,19.03000000000003,0.0,1,3449
2015-09-13 23:00:00,23,Sunday,September,Clear,17.28000000000003,0.0,1,2029
2015-09-14 00:00:00,0,Monday,September,Clear,17.090000000000032,0.0,1,534
2015-09-14 05:00:00,5,Monday,September,Clear,14.960000000000036,0.0,1,2910
2015-09-14 09:00:00,9,Monday,September,Clear,17.99000000000001,0.0,5,4982
2015-09-14 11:00:00,11,Monday,September,Clear,21.150000000000034,0.0,1,4441
2015-09-14 22:00:00,22,Monday,September,Clear,22.129999999999995,0.0,1,1440
2015-09-15 01:00:00,1,Tuesday,September,Rain,21.99000000000001,0.0,1,327
2015-09-15 02:00:00,2,Tuesday,September,Clear,21.810000000000002,0.0,1,257
2015-09-15 17:00:00,17,Tuesday,September,Clouds,29.110000000000014,0.0,40,6263
2015-09-16 03:00:00,3,Wednesday,September,Rain,20.640000000000043,2.62,40,367
2015-09-16 06:00:00,6,Wednesday,September,Clear,18.920000000000016,0.0,1,5905
2015-09-17 01:00:00,1,Thursday,September,Rain,23.860000000000014,0.76,40,368
2015-09-17 03:00:00,3,Thursday,September,Rain,23.510000000000048,0.3,40,363
2015-09-17 07:00:00,7,Thursday,September,Rain,22.220000000000027,5.69,90,5705
2015-09-17 09:00:00,9,Thursday,September,Rain,22.08000000000004,2.06,90,5359
2015-09-17 20:00:00,20,Thursday,September,Clear,19.900000000000034,0.0,1,3118
2015-09-18 02:00:00,2,Friday,September,Clear,14.32000000000005,0.0,1,347
2015-09-18 05:00:00,5,Friday,September,Clear,11.950000000000045,0.0,1,2807
2015-09-18 10:00:00,10,Friday,September,Clear,13.260000000000048,0.0,1,4601
2015-09-18 18:00:00,18,Friday,September,Rain,14.730000000000018,0.76,90,4809
2015-09-18 20:00:00,20,Friday,September,Rain,13.960000000000036,0.51,90,3395
2015-09-18 22:00:00,22,Friday,September,Rain,13.050000000000011,0.89,90,2490
2015-09-19 21:00:00,21,Saturday,September,Clear,13.610000000000014,0.0,1,3111
2015-09-20 03:00:00,3,Sunday,September,Clear,10.54000000000002,0.0,1,413
2015-09-20 04:00:00,4,Sunday,September,Clear,9.620000000000005,0.0,1,367
2015-09-20 09:00:00,9,Sunday,September,Clear,13.480000000000018,0.0,1,3364
2015-09-20 11:00:00,11,Sunday,September,Clear,18.27000000000004,0.0,1,4219
2015-09-20 13:00:00,13,Sunday,September,Clear,20.620000000000005,0.0,1,4124
2015-09-20 16:00:00,16,Sunday,September,Rain,21.30000000000001,0.0,1,4183
2015-09-20 20:00:00,20,Sunday,September,Rain,15.870000000000005,0.0,1,2588
2015-09-21 00:00:00,0,Monday,September,Clear,15.270000000000039,0.0,1,515
2015-09-21 08:00:00,8,Monday,September,Clear,14.78000000000003,0.0,1,5917
2015-09-21 13:00:00,13,Monday,September,Clear,25.390000000000043,0.0,1,4779
2015-09-21 16:00:00,16,Monday,September,Clouds,26.640000000000043,0.0,40,6772
2015-09-21 20:00:00,20,Monday,September,Clear,21.810000000000002,0.0,1,2915
2015-09-21 22:00:00,22,Monday,September,Clear,20.25,0.0,1,2244
2015-09-22 01:00:00,1,Tuesday,September,Clouds,18.600000000000023,0.0,75,309
2015-09-22 02:00:00,2,Tuesday,September,Clouds,18.340000000000032,0.0,75,255
2015-09-22 04:00:00,4,Tuesday,September,Clouds,18.340000000000032,0.0,75,864
2015-09-22 06:00:00,6,Tuesday,September,Clouds,18.230000000000018,0.0,90,5797
2015-09-22 22:00:00,22,Tuesday,September,Clear,17.420000000000016,0.0,1,1609
2015-09-23 02:00:00,2,Wednesday,September,Mist,16.230000000000018,0.0,1,257
2015-09-23 09:00:00,9,Wednesday,September,Haze,18.620000000000005,0.0,75,5272
2015-09-24 03:00:00,3,Thursday,September,Rain,18.310000000000002,0.85,90,386
2015-09-24 06:00:00,6,Thursday,September,Rain,17.99000000000001,1.78,90,5377
2015-09-24 08:00:00,8,Thursday,September,Rain,17.600000000000023,0.51,90,5940
2015-09-24 09:00:00,9,Thursday,September,Rain,17.680000000000007,0.0,90,5217
2015-09-24 11:00:00,11,Thursday,September,Mist,18.27000000000004,0.0,40,4788
2015-09-24 14:00:00,14,Thursday,September,Rain,19.360000000000014,0.0,90,5317
2015-09-24 19:00:00,19,Thursday,September,Rain,18.590000000000032,0.0,90,3627
2015-09-25 00:00:00,0,Friday,September,Mist,17.710000000000036,0.0,90,655
2015-09-25 06:00:00,6,Friday,September,Mist,16.75,0.0,90,5722
2015-09-25 08:00:00,8,Friday,September,Mist,16.32000000000005,0.0,90,5805
2015-09-25 14:00:00,14,Friday,September,Clouds,24.340000000000032,0.0,90,5403
2015-09-25 16:00:00,16,Friday,September,Clear,25.060000000000002,0.0,1,6448
2015-09-26 00:00:00,0,Saturday,September,Mist,14.610000000000014,0.0,1,1371
2015-09-26 02:00:00,2,Saturday,September,Mist,13.439999999999998,0.0,1,656
2015-09-26 16:00:00,16,Saturday,September,Clear,25.510000000000048,0.0,1,4281
2015-09-26 17:00:00,17,Saturday,September,Clear,25.220000000000027,0.0,1,4384
2015-09-26 19:00:00,19,Saturday,September,Clear,21.54000000000002,0.0,1,3567
2015-09-26 20:00:00,20,Saturday,September,Clear,19.27000000000004,0.0,1,3187
2015-09-27 03:00:00,3,Sunday,September,Clear,16.49000000000001,0.0,1,428
2015-09-27 08:00:00,8,Sunday,September,Clear,15.890000000000043,0.0,1,2347
2015-09-27 09:00:00,9,Sunday,September,Clear,17.620000000000005,0.0,1,3394
2015-09-27 22:00:00,22,Sunday,September,Clear,21.07000000000005,0.0,1,1690
2015-09-27 23:00:00,23,Sunday,September,Clear,20.970000000000027,0.0,1,999
2015-09-28 18:00:00,18,Monday,September,Clear,19.910000000000025,0.0,1,4171
2015-09-28 19:00:00,19,Monday,September,Clouds,18.210000000000036,0.0,75,3323
2015-09-28 20:00:00,20,Monday,September,Clouds,17.54000000000002,0.0,90,2581
2015-09-28 21:00:00,21,Monday,September,Clouds,16.379999999999995,0.0,75,2151
2015-09-29 08:00:00,8,Tuesday,September,Clear,8.050000000000011,0.0,1,5844
2015-09-29 18:00:00,18,Tuesday,September,Clear,14.890000000000043,0.0,1,4708
2015-09-29 20:00:00,20,Tuesday,September,Clear,9.110000000000014,0.0,1,2740
2015-09-30 07:00:00,7,Wednesday,September,Clear,3.420000000000016,0.0,1,6155
2015-09-30 08:00:00,8,Wednesday,September,Clear,5.170000000000016,0.0,1,5782
2015-09-30 18:00:00,18,Wednesday,September,Clear,15.57000000000005,0.0,1,4704
2015-09-30 20:00:00,20,Wednesday,September,Clear,10.260000000000048,0.0,1,2997
2015-09-30 21:00:00,21,Wednesday,September,Clear,8.640000000000043,0.0,1,2608
2015-10-01 05:00:00,5,Thursday,October,Clear,5.1200000000000045,0.0,1,2922
2015-10-01 11:00:00,11,Thursday,October,Clear,13.600000000000023,0.0,1,4925
2015-10-01 15:00:00,15,Thursday,October,Clear,17.03000000000003,0.0,1,5878
2015-10-01 16:00:00,16,Thursday,October,Clear,17.07000000000005,0.0,1,6220
2015-10-01 19:00:00,19,Thursday,October,Clear,12.810000000000002,0.0,1,3745
2015-10-01 23:00:00,23,Thursday,October,Clear,8.860000000000014,0.0,1,1348
2015-10-02 01:00:00,1,Friday,October,Clear,7.32000000000005,0.0,1,431
2015-10-02 02:00:00,2,Friday,October,Clear,6.720000000000027,0.0,1,381
2015-10-02 07:00:00,7,Friday,October,Clear,3.2200000000000273,0.0,1,6365
2015-10-02 11:00:00,11,Friday,October,Clear,11.879999999999995,0.0,1,5088
2015-10-02 13:00:00,13,Friday,October,Clear,14.480000000000018,0.0,1,5864
2015-10-02 15:00:00,15,Friday,October,Clear,16.29000000000002,0.0,1,6183
2015-10-02 21:00:00,21,Friday,October,Clear,10.53000000000003,0.0,5,2946
2015-10-03 01:00:00,1,Saturday,October,Clear,7.860000000000014,0.0,0,795
2015-10-03 11:00:00,11,Saturday,October,Clear,10.480000000000018,0.0,1,5542
2015-10-03 17:00:00,17,Saturday,October,Clear,14.870000000000005,0.0,1,4707
2015-10-03 18:00:00,18,Saturday,October,Clear,13.270000000000039,0.0,1,4518
2015-10-04 01:00:00,1,Sunday,October,Clear,7.28000000000003,0.0,1,719
2015-10-04 04:00:00,4,Sunday,October,Clouds,5.9500000000000455,0.0,75,338
2015-10-04 12:00:00,12,Sunday,October,Clouds,11.400000000000034,0.0,75,5472
2015-10-04 13:00:00,13,Sunday,October,Clouds,12.930000000000007,0.0,75,6013
2015-10-04 16:00:00,16,Sunday,October,Haze,14.080000000000041,0.0,1,4257
2015-10-05 07:00:00,7,Monday,October,Clouds,8.010000000000048,0.0,90,6470
2015-10-05 10:00:00,10,Monday,October,Clouds,10.189999999999998,0.0,90,4457
2015-10-05 12:00:00,12,Monday,October,Clouds,12.689999999999998,0.0,90,4815
2015-10-05 15:00:00,15,Monday,October,Clouds,15.600000000000023,0.0,90,5825
2015-10-05 17:00:00,17,Monday,October,Clouds,16.129999999999995,0.0,90,5880
2015-10-06 00:00:00,0,Tuesday,October,Clouds,11.810000000000002,0.0,90,572
2015-10-06 05:00:00,5,Tuesday,October,Clouds,12.07000000000005,0.0,90,2900
2015-10-06 07:00:00,7,Tuesday,October,Clouds,12.210000000000036,0.0,90,6336
2015-10-06 11:00:00,11,Tuesday,October,Clouds,16.129999999999995,0.0,90,4599
2015-10-06 12:00:00,12,Tuesday,October,Clouds,17.939999999999998,0.0,75,4817
2015-10-06 16:00:00,16,Tuesday,October,Clouds,20.620000000000005,0.0,90,6557
2015-10-06 20:00:00,20,Tuesday,October,Clear,15.610000000000014,0.0,1,2772
2015-10-06 23:00:00,23,Tuesday,October,Clear,11.180000000000007,0.0,1,944
2015-10-07 02:00:00,2,Wednesday,October,Clear,7.730000000000018,0.0,1,252
2015-10-07 12:00:00,12,Wednesday,October,Clear,13.810000000000002,0.0,1,4911
2015-10-07 13:00:00,13,Wednesday,October,Clear,15.120000000000005,0.0,1,4781
2015-10-07 16:00:00,16,Wednesday,October,Clear,16.960000000000036,0.0,1,6304
2015-10-07 17:00:00,17,Wednesday,October,Clear,16.600000000000023,0.0,1,5972
2015-10-07 22:00:00,22,Wednesday,October,Haze,12.760000000000048,0.0,75,1596
2015-10-08 03:00:00,3,Thursday,October,Rain,13.100000000000023,3.05,90,353
2015-10-08 11:00:00,11,Thursday,October,Clouds,16.879999999999995,0.0,75,4650
2015-10-08 14:00:00,14,Thursday,October,Clouds,14.57000000000005,0.0,90,5335
2015-10-08 15:00:00,15,Thursday,October,Rain,13.240000000000009,0.0,90,5953
2015-10-08 21:00:00,21,Thursday,October,Clouds,11.200000000000045,0.0,90,2717
2015-10-09 16:00:00,16,Friday,October,Clouds,12.950000000000045,0.0,90,6200
2015-10-10 01:00:00,1,Saturday,October,Clear,6.670000000000016,0.0,1,532
2015-10-10 05:00:00,5,Saturday,October,Clear,6.2900000000000205,0.0,1,430
2015-10-10 11:00:00,11,Saturday,October,Clear,16.200000000000045,0.0,1,2817
2015-10-10 17:00:00,17,Saturday,October,Haze,22.52000000000004,0.0,1,2875
2015-10-10 18:00:00,18,Saturday,October,Clear,21.510000000000048,0.0,1,2826
2015-10-10 19:00:00,19,Saturday,October,Clear,19.850000000000023,0.0,1,2579
2015-10-10 20:00:00,20,Saturday,October,Clouds,19.560000000000002,0.0,40,2126
2015-10-10 21:00:00,21,Saturday,October,Clear,19.210000000000036,0.0,1,2675
2015-10-11 04:00:00,4,Sunday,October,Clear,14.970000000000027,0.0,1,215
2015-10-11 05:00:00,5,Sunday,October,Clear,14.32000000000005,0.0,1,327
2015-10-11 11:00:00,11,Sunday,October,Clear,21.140000000000043,0.0,1,2475
2015-10-11 16:00:00,16,Sunday,October,Clear,28.58000000000004,0.0,1,2855
2015-10-11 20:00:00,20,Sunday,October,Clear,22.700000000000045,0.0,1,2446
2015-10-12 02:00:00,2,Monday,October,Clear,17.620000000000005,0.0,1,210
2015-10-12 03:00:00,3,Monday,October,Clear,16.189999999999998,0.0,1,282
2015-10-12 11:00:00,11,Monday,October,Haze,13.470000000000027,0.0,90,4286
2015-10-12 14:00:00,14,Monday,October,Rain,10.480000000000018,0.25,90,4941
2015-10-12 15:00:00,15,Monday,October,Rain,10.510000000000048,0.0,90,5384
2015-10-12 18:00:00,18,Monday,October,Rain,8.650000000000034,0.0,90,4195
2015-10-12 20:00:00,20,Monday,October,Clouds,8.840000000000032,0.0,90,2408
2015-10-12 21:00:00,21,Monday,October,Clouds,8.75,0.0,90,2125
2015-10-13 01:00:00,1,Tuesday,October,Drizzle,7.990000000000009,0.0,75,295
2015-10-13 06:00:00,6,Tuesday,October,Clouds,6.6299999999999955,0.0,90,5983
2015-10-13 12:00:00,12,Tuesday,October,Clear,10.470000000000027,0.0,1,4864
2015-10-13 14:00:00,14,Tuesday,October,Clear,13.240000000000009,0.0,1,5301
2015-10-13 18:00:00,18,Tuesday,October,Clear,13.310000000000002,0.0,1,4711
2015-10-13 19:00:00,19,Tuesday,October,Clear,10.710000000000036,0.0,1,3313
2015-10-13 22:00:00,22,Tuesday,October,Clear,5.930000000000007,0.0,1,1665
2015-10-13 23:00:00,23,Tuesday,October,Clear,5.5,0.0,1,1409
2015-10-14 00:00:00,0,Wednesday,October,Clear,5.0400000000000205,0.0,1,548
2015-10-14 10:00:00,10,Wednesday,October,Clear,11.840000000000032,0.0,1,4541
2015-10-14 15:00:00,15,Wednesday,October,Clear,19.930000000000007,0.0,1,5720
2015-10-15 07:00:00,7,Thursday,October,Clear,7.32000000000005,0.0,1,6382
2015-10-15 17:00:00,17,Thursday,October,Clouds,13.470000000000027,0.0,75,5834
2015-10-15 19:00:00,19,Thursday,October,Clouds,11.110000000000014,0.0,40,3469
2015-10-16 03:00:00,3,Friday,October,Clear,2.7700000000000387,0.0,1,375
2015-10-16 08:00:00,8,Friday,October,Clear,0.8300000000000409,0.0,1,5024
2015-10-16 09:00:00,9,Friday,October,Clouds,1.25,0.0,40,4789
2015-10-17 22:00:00,22,Saturday,October,Clear,1.420000000000016,0.0,1,2556
2015-10-18 01:00:00,1,Sunday,October,Clear,0.34000000000003183,0.0,1,883
2015-10-18 06:00:00,6,Sunday,October,Mist,-0.19999999999998863,0.0,1,832
2015-10-18 21:00:00,21,Sunday,October,Clear,12.470000000000027,0.0,1,2256
2015-10-18 23:00:00,23,Sunday,October,Clear,11.78000000000003,0.0,1,968
2015-10-19 07:00:00,7,Monday,October,Clear,12.930000000000007,0.0,1,6383
2015-10-19 23:00:00,23,Monday,October,Clear,12.28000000000003,0.0,1,904
2015-10-20 15:00:00,15,Tuesday,October,Clear,18.920000000000016,0.0,1,5891
2015-10-20 17:00:00,17,Tuesday,October,Clear,19.07000000000005,0.0,1,6192
2015-10-21 00:00:00,0,Wednesday,October,Rain,12.890000000000043,0.0,1,487
2015-10-21 05:00:00,5,Wednesday,October,Clear,11.420000000000016,0.0,1,2840
2015-10-21 06:00:00,6,Wednesday,October,Clear,10.830000000000041,0.0,1,5882
2015-10-21 07:00:00,7,Wednesday,October,Clouds,10.920000000000016,0.0,40,5492
2015-10-21 09:00:00,9,Wednesday,October,Rain,12.210000000000036,0.25,1,5586
2015-10-21 12:00:00,12,Wednesday,October,Clouds,15.79000000000002,0.0,40,4969
2015-10-21 15:00:00,15,Wednesday,October,Clouds,16.680000000000007,0.0,40,5659
2015-10-21 17:00:00,17,Wednesday,October,Clear,14.360000000000014,0.0,1,6349
2015-10-21 18:00:00,18,Wednesday,October,Clear,12.490000000000009,0.0,1,4724
2015-10-21 19:00:00,19,Wednesday,October,Clear,10.5,0.0,1,3420
2015-10-22 18:00:00,18,Thursday,October,Clear,13.890000000000043,0.0,1,4815
2015-10-22 20:00:00,20,Thursday,October,Clear,9.270000000000039,0.0,1,3094
2015-10-23 01:00:00,1,Friday,October,Rain,10.370000000000005,0.51,75,405
2015-10-23 05:00:00,5,Friday,October,Rain,10.830000000000041,0.0,90,2589
2015-10-23 09:00:00,9,Friday,October,Drizzle,9.210000000000036,0.0,90,4961
2015-10-23 10:00:00,10,Friday,October,Rain,9.460000000000036,0.0,90,4667
2015-10-27 10:00:00,10,Tuesday,October,Clear,9.430000000000007,0.0,1,4549
2015-10-27 15:00:00,15,Tuesday,October,Clouds,12.660000000000025,0.0,90,5746
2015-10-28 01:00:00,1,Wednesday,October,Rain,8.28000000000003,0.0,90,339
2015-10-28 08:00:00,8,Wednesday,October,Rain,7.78000000000003,0.0,90,5329
2015-10-28 13:00:00,13,Wednesday,October,Rain,3.430000000000007,0.0,90,4958
2015-10-28 17:00:00,17,Wednesday,October,Rain,2.430000000000007,0.0,90,5848
2015-10-28 21:00:00,21,Wednesday,October,Snow,1.400000000000034,0.0,90,2398
2015-10-29 02:00:00,2,Thursday,October,Rain,2.400000000000034,0.0,90,229
2015-10-29 08:00:00,8,Thursday,October,Rain,5.78000000000003,0.0,90,5760
2015-10-29 23:00:00,23,Thursday,October,Clouds,6.720000000000027,0.0,90,1242
2015-10-30 19:00:00,19,Friday,October,Clouds,9.740000000000009,0.0,40,4015
2015-10-31 19:00:00,19,Saturday,October,Clouds,9.07000000000005,0.0,40,3012
2015-11-01 01:00:00,1,Sunday,November,Clear,8.29000000000002,0.0,1,779
2015-11-01 05:00:00,5,Sunday,November,Clouds,7.1299999999999955,0.0,75,447
2015-11-01 19:00:00,19,Sunday,November,Clear,10.620000000000005,0.0,1,3017
2015-11-01 21:00:00,21,Sunday,November,Clouds,10.0,0.0,75,1733
2015-11-01 23:00:00,23,Sunday,November,Clear,9.080000000000041,0.0,1,878
2015-11-02 01:00:00,1,Monday,November,Clouds,7.220000000000027,0.0,40,288
2015-11-02 06:00:00,6,Monday,November,Clear,6.860000000000014,0.0,1,6177
2015-11-02 10:00:00,10,Monday,November,Clouds,12.210000000000036,0.0,75,4477
2015-11-02 23:00:00,23,Monday,November,Clear,7.710000000000036,0.0,1,972
2015-11-03 02:00:00,2,Tuesday,November,Mist,6.640000000000043,0.0,90,229
2015-11-03 04:00:00,4,Tuesday,November,Mist,6.580000000000041,0.0,1,891
2015-11-04 08:00:00,8,Wednesday,November,Mist,13.080000000000041,0.0,75,6098
2015-11-04 16:00:00,16,Wednesday,November,Haze,15.330000000000041,0.0,90,6670
2015-11-04 18:00:00,18,Wednesday,November,Clouds,15.430000000000007,0.0,90,4523
2015-11-04 20:00:00,20,Wednesday,November,Haze,15.470000000000027,0.0,90,2783
2015-11-05 01:00:00,1,Thursday,November,Clouds,16.29000000000002,0.0,40,358
2015-11-05 05:00:00,5,Thursday,November,Haze,15.730000000000018,0.0,1,2940
2015-11-05 09:00:00,9,Thursday,November,Clouds,15.53000000000003,0.0,90,5304
2015-11-06 09:00:00,9,Friday,November,Clouds,5.430000000000007,0.0,90,5087
2015-11-06 21:00:00,21,Friday,November,Clouds,3.8700000000000045,0.0,75,2884
2015-11-07 10:00:00,10,Saturday,November,Clear,3.330000000000041,0.0,5,4024
2015-11-07 12:00:00,12,Saturday,November,Clear,7.0,0.0,1,4680
2015-11-07 20:00:00,20,Saturday,November,Clear,4.270000000000039,0.0,1,2794
2015-11-07 22:00:00,22,Saturday,November,Clear,3.730000000000018,0.0,1,3601
2015-11-08 02:00:00,2,Sunday,November,Clear,4.1299999999999955,0.0,1,589
2015-11-08 08:00:00,8,Sunday,November,Clear,5.0,0.0,5,2181
2015-11-08 21:00:00,21,Sunday,November,Clear,9.730000000000018,0.0,5,1931
2015-11-09 12:00:00,12,Monday,November,Clear,14.210000000000036,0.0,1,4587
2015-11-10 00:00:00,0,Tuesday,November,Clear,6.8700000000000045,0.0,1,471
2015-11-10 05:00:00,5,Tuesday,November,Clear,4.53000000000003,0.0,1,2956
2015-11-10 20:00:00,20,Tuesday,November,Clouds,11.150000000000034,0.0,90,2740
2015-11-12 04:00:00,4,Thursday,November,Rain,6.860000000000014,0.0,90,872
2015-11-12 10:00:00,10,Thursday,November,Clouds,4.0,0.0,90,4688
2015-11-12 12:00:00,12,Thursday,November,Clouds,4.360000000000014,0.0,75,5445
2015-11-12 14:00:00,14,Thursday,November,Clouds,4.939999999999998,0.0,90,5500
2015-11-13 02:00:00,2,Friday,November,Clouds,2.670000000000016,0.0,75,257
2015-11-13 12:00:00,12,Friday,November,Clouds,4.710000000000036,0.0,40,4960
2015-11-13 14:00:00,14,Friday,November,Clear,6.400000000000034,0.0,1,5226
2015-11-13 16:00:00,16,Friday,November,Clear,6.5400000000000205,0.0,1,6235
2015-11-13 18:00:00,18,Friday,November,Clear,3.140000000000043,0.0,5,4291
2015-11-14 10:00:00,10,Saturday,November,Clear,4.28000000000003,0.0,1,4406
2015-11-14 12:00:00,12,Saturday,November,Clear,8.29000000000002,0.0,1,5069
2015-11-14 16:00:00,16,Saturday,November,Clear,12.720000000000027,0.0,1,5322
2015-11-14 20:00:00,20,Saturday,November,Clear,7.28000000000003,0.0,5,2937
2015-11-15 07:00:00,7,Sunday,November,Mist,3.8600000000000136,0.0,1,1218
2015-11-15 08:00:00,8,Sunday,November,Clear,6.07000000000005,0.0,5,2033
2015-11-15 14:00:00,14,Sunday,November,Clear,15.270000000000039,0.0,5,4642
2015-11-16 09:00:00,9,Monday,November,Rain,10.210000000000036,0.0,90,4636
2015-11-17 04:00:00,4,Tuesday,November,Drizzle,9.54000000000002,0.0,90,859
2015-11-17 20:00:00,20,Tuesday,November,Mist,12.0,0.0,90,2578
2015-11-18 02:00:00,2,Wednesday,November,Rain,12.710000000000036,0.0,90,292
2015-11-18 08:00:00,8,Wednesday,November,Clouds,13.28000000000003,0.0,75,5944
2015-11-19 00:00:00,0,Thursday,November,Rain,3.340000000000032,0.0,90,538
2015-11-19 08:00:00,8,Thursday,November,Snow,-0.5,0.0,75,5789
2015-11-19 22:00:00,22,Thursday,November,Clear,0.2300000000000182,0.0,1,2023
2015-11-20 05:00:00,5,Friday,November,Clear,-3.4599999999999795,0.0,1,2660
2015-11-20 12:00:00,12,Friday,November,Clouds,-1.8599999999999568,0.0,75,5563
2015-11-20 21:00:00,21,Friday,November,Clear,-2.329999999999984,0.0,1,2846
2015-11-21 04:00:00,4,Saturday,November,Clear,-7.399999999999977,0.0,1,385
2015-11-21 08:00:00,8,Saturday,November,Clear,-8.919999999999959,0.0,1,3231
2015-11-21 13:00:00,13,Saturday,November,Clear,-3.2099999999999795,0.0,1,4609
2015-11-21 14:00:00,14,Saturday,November,Clear,-2.7299999999999613,0.0,1,4477
2015-11-21 20:00:00,20,Saturday,November,Clouds,-5.859999999999957,0.0,90,2766
2015-11-22 10:00:00,10,Sunday,November,Clouds,-5.289999999999964,0.0,40,3541
2015-11-22 23:00:00,23,Sunday,November,Clouds,-2.579999999999984,0.0,75,897
2015-11-23 10:00:00,10,Monday,November,Clear,2.0,0.0,1,4476
2015-11-23 21:00:00,21,Monday,November,Clear,-0.5999999999999659,0.0,5,2058
2015-11-24 05:00:00,5,Tuesday,November,Clouds,-1.2899999999999636,0.0,90,2711
2015-11-24 07:00:00,7,Tuesday,November,Clouds,-0.6200000000000045,0.0,40,6709
2015-11-26 10:00:00,10,Thursday,November,Snow,0.08000000000004093,0.0,90,2142
2015-11-26 12:00:00,12,Thursday,November,Snow,-0.5999999999999659,0.0,90,3232
2015-11-26 16:00:00,16,Thursday,November,Snow,-1.079999999999984,0.0,90,2939
2015-11-26 20:00:00,20,Thursday,November,Clouds,-2.42999999999995,0.0,75,2718
2015-11-27 07:00:00,7,Friday,November,Clouds,-6.569999999999993,0.0,75,2336
2015-11-27 12:00:00,12,Friday,November,Clear,-4.46999999999997,0.0,1,4310
2015-11-27 23:00:00,23,Friday,November,Clear,-10.129999999999995,0.0,1,1583
2015-11-28 01:00:00,1,Saturday,November,Clear,-10.329999999999984,0.0,1,530
2015-11-28 04:00:00,4,Saturday,November,Clear,-10.529999999999973,0.0,1,303
2015-11-29 02:00:00,2,Sunday,November,Clear,-9.069999999999993,0.0,1,558
2015-11-29 08:00:00,8,Sunday,November,Clouds,-4.649999999999977,0.0,90,1637
2015-11-29 12:00:00,12,Sunday,November,Clouds,-0.7999999999999545,0.0,90,4021
2015-11-29 14:00:00,14,Sunday,November,Clouds,1.2800000000000296,0.0,90,4454
2015-11-29 16:00:00,16,Sunday,November,Clouds,1.2900000000000205,0.0,90,5228
2015-11-29 20:00:00,20,Sunday,November,Clouds,0.21000000000003638,0.0,90,2736
2015-11-30 02:00:00,2,Monday,November,Clouds,-0.06999999999999318,0.0,90,260
2015-11-30 10:00:00,10,Monday,November,Snow,-0.5,0.0,90,3930
2015-11-30 12:00:00,12,Monday,November,Mist,0.4000000000000341,0.0,90,4067
2015-11-30 18:00:00,18,Monday,November,Snow,1.150000000000034,0.0,90,2823
2015-12-01 10:00:00,10,Tuesday,December,Mist,0.9300000000000068,0.0,90,4043
2015-12-01 16:00:00,16,Tuesday,December,Snow,-0.13999999999998636,0.0,90,6376
2015-12-01 20:00:00,20,Tuesday,December,Snow,-0.92999999999995,0.0,90,2534
2015-12-02 00:00:00,0,Wednesday,December,Mist,-1.7999999999999545,0.0,90,536
2015-12-02 02:00:00,2,Wednesday,December,Mist,-1.92999999999995,0.0,90,285
2015-12-03 01:00:00,1,Thursday,December,Mist,-0.7299999999999613,0.0,90,392
2015-12-03 11:00:00,11,Thursday,December,Mist,-3.92999999999995,0.0,1,4729
2015-12-04 02:00:00,2,Friday,December,Clear,-4.7099999999999795,0.0,1,302
2015-12-04 21:00:00,21,Friday,December,Clear,2.670000000000016,0.0,5,3244
2015-12-05 06:00:00,6,Saturday,December,Clear,3.8600000000000136,0.0,1,1294
2015-12-05 14:00:00,14,Saturday,December,Clear,6.470000000000027,0.0,1,5235
2015-12-05 20:00:00,20,Saturday,December,Clouds,4.5,0.0,90,2731
2015-12-06 09:00:00,9,Sunday,December,Mist,2.8100000000000023,0.0,90,3163
2015-12-07 00:00:00,0,Monday,December,Mist,-0.13999999999998636,0.0,90,456
2015-12-07 05:00:00,5,Monday,December,Mist,-0.42999999999995,0.0,90,2775
2015-12-07 07:00:00,7,Monday,December,Mist,-0.45999999999997954,0.0,90,6464
2015-12-07 14:00:00,14,Monday,December,Clouds,7.0,0.0,75,5073
2015-12-08 04:00:00,4,Tuesday,December,Mist,-0.42999999999995,0.0,1,890
2015-12-08 12:00:00,12,Tuesday,December,Drizzle,4.07000000000005,0.0,1,4866
2015-12-11 16:00:00,16,Friday,December,Clouds,3.140000000000043,0.0,90,6555
2015-12-11 22:00:00,22,Friday,December,Clear,2.640000000000043,0.0,1,2937
2015-12-12 05:00:00,5,Saturday,December,Clouds,1.8700000000000045,0.0,40,718
2015-12-12 09:00:00,9,Saturday,December,Mist,2.57000000000005,0.0,90,3704
2015-12-12 20:00:00,20,Saturday,December,Mist,3.640000000000043,0.0,90,2920
2015-12-12 23:00:00,23,Saturday,December,Drizzle,3.7200000000000273,0.0,90,2083
2015-12-13 13:00:00,13,Sunday,December,Drizzle,3.930000000000007,0.0,90,4440
2015-12-13 14:00:00,14,Sunday,December,Clouds,4.07000000000005,0.0,90,4193
2015-12-14 01:00:00,1,Monday,December,Rain,3.7900000000000205,0.0,90,311
2015-12-14 05:00:00,5,Monday,December,Rain,3.150000000000034,0.0,90,2679
2015-12-14 11:00:00,11,Monday,December,Rain,1.2000000000000455,0.0,90,4086
2015-12-14 23:00:00,23,Monday,December,Clouds,0.3300000000000409,0.0,90,946
2015-12-15 02:00:00,2,Tuesday,December,Clouds,-0.19999999999998863,0.0,90,281
2015-12-15 06:00:00,6,Tuesday,December,Mist,-0.42999999999995,0.0,90,6054
2015-12-15 14:00:00,14,Tuesday,December,Drizzle,0.5,0.0,90,5406
2015-12-16 04:00:00,4,Wednesday,December,Snow,0.7100000000000364,0.0,90,904
2015-12-16 06:00:00,6,Wednesday,December,Rain,1.4300000000000068,0.0,90,5665
2015-12-16 12:00:00,12,Wednesday,December,Rain,2.0,0.0,90,4807
2015-12-16 18:00:00,18,Wednesday,December,Snow,0.22000000000002728,0.0,90,4479
2015-12-17 06:00:00,6,Thursday,December,Clouds,-3.269999999999982,0.0,90,5843
2015-12-17 09:00:00,9,Thursday,December,Snow,-2.3999999999999773,0.0,90,5029
2015-12-17 19:00:00,19,Thursday,December,Snow,-5.069999999999993,0.0,90,3441
2015-12-17 21:00:00,21,Thursday,December,Snow,-6.259999999999991,0.0,90,3786
2015-12-18 08:00:00,8,Friday,December,Clouds,-8.129999999999995,0.0,90,5477
2015-12-18 12:00:00,12,Friday,December,Snow,-6.5499999999999545,0.0,90,5451
2015-12-18 19:00:00,19,Friday,December,Clear,-10.549999999999955,0.0,1,3610
2015-12-19 09:00:00,9,Saturday,December,Clouds,-11.0,0.0,40,3593
2015-12-19 10:00:00,10,Saturday,December,Clear,-9.92999999999995,0.0,1,4139
2015-12-19 15:00:00,15,Saturday,December,Clouds,-5.289999999999964,0.0,90,4557
2015-12-19 21:00:00,21,Saturday,December,Clouds,-4.229999999999961,0.0,75,3018
2015-12-20 04:00:00,4,Sunday,December,Clear,-1.5600000000000023,0.0,1,309
2015-12-20 07:00:00,7,Sunday,December,Clear,-0.9599999999999795,0.0,1,1265
2015-12-20 23:00:00,23,Sunday,December,Mist,-0.339999999999975,0.0,90,992
2015-12-21 01:00:00,1,Monday,December,Mist,-0.6599999999999682,0.0,90,345
2015-12-21 14:00:00,14,Monday,December,Clouds,0.25,0.0,90,5394
2015-12-21 18:00:00,18,Monday,December,Clouds,-0.5099999999999909,0.0,90,4178
2015-12-24 12:00:00,12,Thursday,December,Clouds,-4.229999999999961,0.0,90,4487
2015-12-24 20:00:00,20,Thursday,December,Clouds,-4.659999999999968,0.0,90,2256
2015-12-24 21:00:00,21,Thursday,December,Clouds,-4.669999999999959,0.0,90,2741
2015-12-24 23:00:00,23,Thursday,December,Clouds,-4.5,0.0,90,1606
2015-12-25 00:00:00,0,Friday,December,Snow,-4.060000000000002,0.0,90,894
2015-12-25 06:00:00,6,Friday,December,Clouds,-2.9799999999999613,0.0,75,481
2015-12-25 10:00:00,10,Friday,December,Clouds,-1.349999999999966,0.0,90,1952
2015-12-25 13:00:00,13,Friday,December,Clouds,-1.3899999999999864,0.0,90,2906
2015-12-25 21:00:00,21,Friday,December,Clouds,-2.1200000000000045,0.0,90,2440
2015-12-26 02:00:00,2,Saturday,December,Snow,-2.2399999999999523,0.0,90,302
2015-12-26 06:00:00,6,Saturday,December,Snow,-2.4599999999999795,0.0,90,843
2015-12-26 07:00:00,7,Saturday,December,Snow,-2.4599999999999795,0.0,90,1057
2015-12-26 10:00:00,10,Saturday,December,Snow,-1.419999999999959,0.0,90,2351
2015-12-27 00:00:00,0,Sunday,December,Clouds,-3.109999999999957,0.0,90,1020
2015-12-27 02:00:00,2,Sunday,December,Clouds,-4.599999999999966,0.0,90,581
2015-12-27 04:00:00,4,Sunday,December,Clouds,-5.92999999999995,0.0,90,285
2015-12-27 10:00:00,10,Sunday,December,Clear,-9.229999999999961,0.0,1,2795
2015-12-27 12:00:00,12,Sunday,December,Clear,-7.789999999999964,0.0,1,3589
2015-12-27 13:00:00,13,Sunday,December,Clear,-7.159999999999968,0.0,1,4206
2015-12-27 14:00:00,14,Sunday,December,Clear,-6.819999999999993,0.0,1,4464
2015-12-27 18:00:00,18,Sunday,December,Clouds,-9.919999999999959,0.0,75,4144
2015-12-28 01:00:00,1,Monday,December,Clear,-12.769999999999982,0.0,1,382
2015-12-29 00:00:00,0,Tuesday,December,Snow,-6.199999999999989,0.0,90,505
2015-12-29 01:00:00,1,Tuesday,December,Snow,-6.419999999999959,0.0,90,363
2015-12-29 03:00:00,3,Tuesday,December,Snow,-6.089999999999975,0.0,90,427
2015-12-29 06:00:00,6,Tuesday,December,Snow,-4.239999999999952,0.0,90,3568
2015-12-29 09:00:00,9,Tuesday,December,Snow,-3.599999999999966,0.0,90,3027
2015-12-29 10:00:00,10,Tuesday,December,Snow,-3.569999999999993,0.0,90,2989
2015-12-29 22:00:00,22,Tuesday,December,Clouds,-6.139999999999986,0.0,90,1880
2015-12-30 06:00:00,6,Wednesday,December,Mist,-5.989999999999952,0.0,90,4625
2015-12-30 10:00:00,10,Wednesday,December,Mist,-5.349999999999966,0.0,90,4192
2015-12-30 12:00:00,12,Wednesday,December,Clouds,-4.759999999999991,0.0,90,5054
2015-12-30 13:00:00,13,Wednesday,December,Haze,-4.339999999999975,0.0,1,5104
2015-12-30 21:00:00,21,Wednesday,December,Snow,-7.75,0.0,75,2412
2015-12-31 07:00:00,7,Thursday,December,Snow,-12.649999999999977,0.0,75,4199
2015-12-31 12:00:00,12,Thursday,December,Haze,-9.099999999999966,0.0,90,5054
2015-12-31 15:00:00,15,Thursday,December,Haze,-8.319999999999993,0.0,90,5747
2016-01-01 18:00:00,18,Friday,January,Clear,-3.75,0.0,1,2899
2016-01-01 21:00:00,21,Friday,January,Clear,-6.6299999999999955,0.0,1,1845
2016-01-01 23:00:00,23,Friday,January,Clear,-7.639999999999986,0.0,1,1280
2016-01-02 07:00:00,7,Saturday,January,Clear,-9.759999999999991,0.0,1,1440
2016-01-02 15:00:00,15,Saturday,January,Clear,-0.5799999999999841,0.0,1,4513
2016-01-02 17:00:00,17,Saturday,January,Clear,-1.5299999999999727,0.0,1,4498
2016-01-02 23:00:00,23,Saturday,January,Clouds,-3.589999999999975,0.0,90,1830
2016-01-03 16:00:00,16,Sunday,January,Clouds,-2.0299999999999727,0.0,90,4052
2016-01-04 02:00:00,2,Monday,January,Clear,-9.639999999999986,0.0,1,270
2016-01-04 09:00:00,9,Monday,January,Fog,-11.919999999999959,0.0,75,4637
2016-01-04 11:00:00,11,Monday,January,Clear,-7.269999999999982,0.0,1,4235
2016-01-04 17:00:00,17,Monday,January,Clouds,-6.009999999999991,0.0,90,6053
2016-01-05 01:00:00,1,Tuesday,January,Clouds,-6.489999999999952,0.0,90,351
2016-01-05 12:00:00,12,Tuesday,January,Clear,-1.8700000000000045,0.0,1,4671
2016-01-05 18:00:00,18,Tuesday,January,Clear,-2.9699999999999704,0.0,1,4306
2016-01-05 22:00:00,22,Tuesday,January,Clouds,-3.5600000000000023,0.0,90,1432
2016-01-06 09:00:00,9,Wednesday,January,Clear,-3.3100000000000023,0.0,1,5104
2016-01-06 13:00:00,13,Wednesday,January,Rain,0.05000000000001137,0.25,90,4889
2016-01-07 01:00:00,1,Thursday,January,Mist,-0.6599999999999682,0.0,75,323
2016-01-07 03:00:00,3,Thursday,January,Mist,-0.6599999999999682,0.0,90,524
2016-01-07 05:00:00,5,Thursday,January,Mist,-0.6099999999999568,0.0,90,2842
2016-01-07 13:00:00,13,Thursday,January,Mist,0.5900000000000318,0.0,90,4738
2016-01-07 19:00:00,19,Thursday,January,Mist,0.5300000000000296,0.0,90,3099
2016-01-07 23:00:00,23,Thursday,January,Snow,0.37000000000000455,0.0,90,1241
2016-01-08 17:00:00,17,Friday,January,Snow,-0.589999999999975,0.0,90,5982
2016-01-08 19:00:00,19,Friday,January,Snow,-1.8199999999999932,0.0,90,3233
2016-01-08 21:00:00,21,Friday,January,Snow,-3.0,0.0,90,2506
2016-01-09 01:00:00,1,Saturday,January,Snow,-8.42999999999995,0.0,90,690
2016-01-09 04:00:00,4,Saturday,January,Snow,-12.060000000000002,0.0,90,273
2016-01-10 00:00:00,0,Sunday,January,Clear,-21.19999999999999,0.0,1,1107
2016-01-10 19:00:00,19,Sunday,January,Clear,-21.319999999999965,0.0,1,2501
2016-01-11 00:00:00,0,Monday,January,Clear,-25.069999999999965,0.0,1,483
2016-01-11 10:00:00,10,Monday,January,Haze,-22.159999999999968,0.0,40,3921
2016-01-11 11:00:00,11,Monday,January,Snow,-17.93999999999997,0.0,40,4135
2016-01-12 03:00:00,3,Tuesday,January,Snow,-18.19999999999999,0.0,1,331
2016-01-12 05:00:00,5,Tuesday,January,Clear,-19.859999999999985,0.0,1,2577
2016-01-12 15:00:00,15,Tuesday,January,Clear,-16.289999999999964,0.0,1,5638
2016-01-12 21:00:00,21,Tuesday,January,Clear,-19.70999999999998,0.0,1,3424
2016-01-13 20:00:00,20,Wednesday,January,Haze,-9.529999999999973,0.0,1,2702
2016-01-13 22:00:00,22,Wednesday,January,Haze,-9.92999999999995,0.0,75,1587
2016-01-13 23:00:00,23,Wednesday,January,Haze,-10.069999999999993,0.0,1,1049
2016-01-14 01:00:00,1,Thursday,January,Mist,-8.92999999999995,0.0,40,351
2016-01-14 12:00:00,12,Thursday,January,Haze,-5.069999999999993,0.0,90,4754
2016-01-14 14:00:00,14,Thursday,January,Mist,-3.6399999999999864,0.0,90,5462
2016-01-15 10:00:00,10,Friday,January,Snow,-6.519999999999982,0.0,90,4447
2016-01-15 23:00:00,23,Friday,January,Clouds,-11.139999999999986,0.0,90,1700
2016-01-16 12:00:00,12,Saturday,January,Snow,-17.639999999999986,0.0,90,4601
2016-01-16 18:00:00,18,Saturday,January,Clear,-19.68999999999997,0.0,1,3917
2016-01-17 00:00:00,0,Sunday,January,Clear,-22.99999999999997,0.0,1,1065
2016-01-17 07:00:00,7,Sunday,January,Clear,-25.99999999999997,0.0,1,1430
2016-01-17 09:00:00,9,Sunday,January,Clear,-24.46999999999997,0.0,5,2524
2016-01-17 11:00:00,11,Sunday,January,Clear,-21.99999999999997,0.0,1,3172
2016-01-17 20:00:00,20,Sunday,January,Clear,-21.609999999999985,0.0,1,2084
2016-01-17 22:00:00,22,Sunday,January,Clear,-22.279999999999973,0.0,1,1284
2016-01-17 23:00:00,23,Sunday,January,Clear,-23.21999999999997,0.0,1,977
2016-01-18 07:00:00,7,Monday,January,Clouds,-24.46999999999997,0.0,90,4193
2016-01-18 12:00:00,12,Monday,January,Clouds,-18.609999999999985,0.0,90,4133
2016-01-18 22:00:00,22,Monday,January,Clear,-21.92999999999998,0.0,1,1416
2016-01-20 02:00:00,2,Wednesday,January,Snow,-12.649999999999977,0.0,90,254
2016-01-20 09:00:00,9,Wednesday,January,Snow,-10.5,0.0,90,5122
2016-01-20 17:00:00,17,Wednesday,January,Haze,-6.389999999999986,0.0,90,6494
2016-01-20 21:00:00,21,Wednesday,January,Mist,-6.0,0.0,90,2338
2016-01-21 01:00:00,1,Thursday,January,Haze,-5.92999999999995,0.0,90,335
2016-01-21 03:00:00,3,Thursday,January,Mist,-5.759999999999991,0.0,90,319
2016-01-21 12:00:00,12,Thursday,January,Haze,-5.359999999999957,0.0,90,4906
2016-01-22 10:00:00,10,Friday,January,Snow,-7.389999999999986,0.0,90,4469
2016-01-22 20:00:00,20,Friday,January,Clouds,-8.779999999999973,0.0,40,2890
2016-01-23 11:00:00,11,Saturday,January,Snow,-7.1299999999999955,0.0,90,4385
2016-01-23 12:00:00,12,Saturday,January,Clouds,-6.42999999999995,0.0,90,4806
2016-01-24 00:00:00,0,Sunday,January,Mist,-4.739999999999952,0.0,90,1313
2016-01-24 05:00:00,5,Sunday,January,Mist,-3.42999999999995,0.0,90,520
2016-01-24 19:00:00,19,Sunday,January,Haze,-1.1399999999999864,0.0,90,2702
2016-01-24 21:00:00,21,Sunday,January,Mist,-1.3599999999999568,0.0,90,2463
2016-01-25 00:00:00,0,Monday,January,Snow,-1.8700000000000045,0.0,90,461
2016-01-25 18:00:00,18,Monday,January,Snow,-1.3599999999999568,0.0,90,4332
2016-01-25 22:00:00,22,Monday,January,Snow,-1.669999999999959,0.0,90,2826
2016-01-25 23:00:00,23,Monday,January,Snow,-2.42999999999995,0.0,90,1598
2016-01-27 04:00:00,4,Wednesday,January,Mist,-11.299999999999955,0.0,1,844
2016-01-27 07:00:00,7,Wednesday,January,Mist,-8.92999999999995,0.0,40,6507
2016-01-27 18:00:00,18,Wednesday,January,Clouds,4.07000000000005,0.0,90,4689
2016-01-28 12:00:00,12,Thursday,January,Clouds,-1.1399999999999864,0.0,90,5033
2016-01-28 22:00:00,22,Thursday,January,Clear,-9.259999999999991,0.0,1,2098
2016-01-29 06:00:00,6,Friday,January,Clouds,-5.7999999999999545,0.0,90,5473
2016-01-29 15:00:00,15,Friday,January,Clouds,-0.06999999999999318,0.0,90,6042
2016-01-29 19:00:00,19,Friday,January,Clouds,-0.06999999999999318,0.0,90,3653
2016-01-29 22:00:00,22,Friday,January,Mist,0.5300000000000296,0.0,90,2518
2016-01-29 23:00:00,23,Friday,January,Clouds,0.660000000000025,0.0,75,1622
2016-01-31 05:00:00,5,Sunday,January,Mist,-0.06999999999999318,0.0,1,516
2016-01-31 06:00:00,6,Sunday,January,Fog,-0.13999999999998636,0.0,1,858
2016-01-31 11:00:00,11,Sunday,January,Clouds,2.5,0.0,75,3684
2016-01-31 13:00:00,13,Sunday,January,Clear,3.0600000000000023,0.0,1,4794
2016-01-31 15:00:00,15,Sunday,January,Clouds,3.660000000000025,0.0,40,4929
2016-02-01 01:00:00,1,Monday,February,Mist,-2.6399999999999864,0.0,1,312
2016-02-01 12:00:00,12,Monday,February,Mist,-0.45999999999997954,0.0,90,4739
2016-02-01 15:00:00,15,Monday,February,Mist,-0.6599999999999682,0.0,75,5642
2016-02-01 18:00:00,18,Monday,February,Haze,-1.0699999999999932,0.0,90,4412
2016-02-01 22:00:00,22,Monday,February,Mist,-2.359999999999957,0.0,90,1569
2016-02-02 05:00:00,5,Tuesday,February,Clouds,-2.5,0.0,90,2827
2016-02-02 06:00:00,6,Tuesday,February,Clouds,-2.9399999999999977,0.0,90,5687
2016-02-02 09:00:00,9,Tuesday,February,Clouds,-1.92999999999995,0.0,40,5097
2016-02-02 14:00:00,14,Tuesday,February,Snow,-1.42999999999995,0.0,90,3798
2016-02-02 17:00:00,17,Tuesday,February,Snow,-1.5,0.0,90,2118
2016-02-03 01:00:00,1,Wednesday,February,Snow,-5.2099999999999795,0.0,90,217
2016-02-03 04:00:00,4,Wednesday,February,Snow,-6.46999999999997,0.0,90,899
2016-02-03 09:00:00,9,Wednesday,February,Snow,-7.92999999999995,0.0,40,3853
2016-02-03 10:00:00,10,Wednesday,February,Snow,-7.639999999999986,0.0,1,3679
2016-02-03 14:00:00,14,Wednesday,February,Haze,-5.539999999999964,0.0,40,4675
2016-02-03 18:00:00,18,Wednesday,February,Clear,-7.269999999999982,0.0,1,4316
2016-02-04 04:00:00,4,Thursday,February,Snow,-12.21999999999997,0.0,90,905
2016-02-04 10:00:00,10,Thursday,February,Snow,-7.359999999999957,0.0,90,4392
2016-02-04 21:00:00,21,Thursday,February,Mist,-10.20999999999998,0.0,1,2777
2016-02-04 23:00:00,23,Thursday,February,Clear,-12.349999999999966,0.0,1,1166
2016-02-05 17:00:00,17,Friday,February,Snow,-3.069999999999993,0.0,90,6303
2016-02-06 01:00:00,1,Saturday,February,Haze,-3.1499999999999773,0.0,90,770
2016-02-06 09:00:00,9,Saturday,February,Mist,-2.859999999999957,0.0,40,2830
2016-02-06 11:00:00,11,Saturday,February,Clear,-1.2199999999999704,0.0,1,3801
2016-02-06 14:00:00,14,Saturday,February,Clouds,1.4600000000000364,0.0,40,4397
2016-02-06 15:00:00,15,Saturday,February,Clouds,1.660000000000025,0.0,90,5533
2016-02-07 01:00:00,1,Sunday,February,Rain,0.7300000000000182,0.0,90,770
2016-02-07 09:00:00,9,Sunday,February,Clear,3.1100000000000136,0.0,1,2830
2016-02-07 20:00:00,20,Sunday,February,Snow,-4.92999999999995,0.0,90,1744
2016-02-08 00:00:00,0,Monday,February,Snow,-8.669999999999959,0.0,90,444
2016-02-08 03:00:00,3,Monday,February,Snow,-9.529999999999973,0.0,90,315
2016-02-08 04:00:00,4,Monday,February,Snow,-9.870000000000005,0.0,90,831
2016-02-08 05:00:00,5,Monday,February,Snow,-10.729999999999961,0.0,90,2665
2016-02-08 08:00:00,8,Monday,February,Snow,-11.279999999999973,0.0,90,5471
2016-02-08 15:00:00,15,Monday,February,Snow,-8.599999999999966,0.0,90,5406
2016-02-08 22:00:00,22,Monday,February,Snow,-10.939999999999998,0.0,90,1638
2016-02-09 00:00:00,0,Tuesday,February,Snow,-11.399999999999977,0.0,90,713
2016-02-09 04:00:00,4,Tuesday,February,Clear,-13.46999999999997,0.0,1,1072
2016-02-09 06:00:00,6,Tuesday,February,Clear,-14.139999999999986,0.0,1,5691
2016-02-09 08:00:00,8,Tuesday,February,Clear,-14.939999999999998,0.0,1,5947
2016-02-09 09:00:00,9,Tuesday,February,Clear,-13.5,0.0,1,5151
2016-02-09 18:00:00,18,Tuesday,February,Clear,-10.859999999999957,0.0,1,4523
2016-02-09 23:00:00,23,Tuesday,February,Clear,-13.349999999999966,0.0,1,1129
2016-02-10 11:00:00,11,Wednesday,February,Clouds,-14.399999999999977,0.0,90,4489
2016-02-10 21:00:00,21,Wednesday,February,Clouds,-12.329999999999984,0.0,90,2374
2016-02-11 03:00:00,3,Thursday,February,Clear,-17.869999999999976,0.0,1,329
2016-02-11 08:00:00,8,Thursday,February,Clear,-19.789999999999964,0.0,1,5965
2016-02-11 09:00:00,9,Thursday,February,Snow,-15.399999999999977,0.0,75,5017
2016-02-11 18:00:00,18,Thursday,February,Snow,-8.739999999999952,0.0,90,4817
2016-02-12 13:00:00,13,Friday,February,Clear,-12.859999999999957,0.0,1,5382
2016-02-12 22:00:00,22,Friday,February,Clear,-17.359999999999985,0.0,1,2520
2016-02-13 02:00:00,2,Saturday,February,Clear,-19.99999999999997,0.0,1,821
2016-02-13 05:00:00,5,Saturday,February,Clear,-21.93999999999997,0.0,1,912
2016-02-13 07:00:00,7,Saturday,February,Clear,-23.269999999999982,0.0,1,1606
2016-02-13 08:00:00,8,Saturday,February,Clear,-21.769999999999982,0.0,1,2704
2016-02-13 09:00:00,9,Saturday,February,Clear,-20.19999999999999,0.0,1,3628
2016-02-13 11:00:00,11,Saturday,February,Clear,-17.919999999999987,0.0,1,4842
2016-02-13 18:00:00,18,Saturday,February,Clouds,-14.0,0.0,40,3223
2016-02-14 01:00:00,1,Sunday,February,Clouds,-12.649999999999977,0.0,90,966
2016-02-14 04:00:00,4,Sunday,February,Clouds,-12.129999999999995,0.0,90,401
2016-02-14 05:00:00,5,Sunday,February,Clouds,-11.620000000000005,0.0,90,516
2016-02-14 07:00:00,7,Sunday,February,Snow,-11.539999999999964,0.0,90,1198
2016-02-14 08:00:00,8,Sunday,February,Snow,-11.139999999999986,0.0,90,2063
2016-02-14 18:00:00,18,Sunday,February,Snow,-7.5,0.0,90,3223
2016-02-14 20:00:00,20,Sunday,February,Snow,-7.789999999999964,0.0,90,2301
2016-02-15 02:00:00,2,Monday,February,Mist,-7.7999999999999545,0.0,90,427
2016-02-15 18:00:00,18,Monday,February,Haze,-0.5699999999999932,0.0,90,4092
2016-02-15 21:00:00,21,Monday,February,Mist,-0.6399999999999864,0.0,90,2147
2016-02-15 23:00:00,23,Monday,February,Mist,-0.7999999999999545,0.0,90,964
2016-02-16 06:00:00,6,Tuesday,February,Snow,-0.5999999999999659,0.0,90,5526
2016-02-16 09:00:00,9,Tuesday,February,Mist,-0.7799999999999727,0.0,90,5127
2016-02-16 14:00:00,14,Tuesday,February,Clouds,0.4000000000000341,0.0,40,5168
2016-02-16 15:00:00,15,Tuesday,February,Clouds,0.12999999999999545,0.0,90,5755
2016-02-16 19:00:00,19,Tuesday,February,Clear,-2.6399999999999864,0.0,1,3139
2016-02-17 10:00:00,10,Wednesday,February,Clear,-7.92999999999995,0.0,1,4598
2016-02-17 15:00:00,15,Wednesday,February,Clouds,-2.0,0.0,90,5826
2016-02-17 19:00:00,19,Wednesday,February,Clouds,-2.2199999999999704,0.0,90,3316
2016-02-17 22:00:00,22,Wednesday,February,Clouds,-2.7899999999999636,0.0,40,1862
2016-02-18 00:00:00,0,Thursday,February,Clear,-3.569999999999993,0.0,1,598
2016-02-18 02:00:00,2,Thursday,February,Clouds,-3.0,0.0,75,266
2016-02-18 05:00:00,5,Thursday,February,Clouds,-2.2199999999999704,0.0,90,2683
2016-02-18 20:00:00,20,Thursday,February,Clouds,3.930000000000007,0.0,75,3043
2016-02-19 03:00:00,3,Friday,February,Haze,3.2900000000000205,0.0,1,344
2016-02-19 05:00:00,5,Friday,February,Mist,3.0,0.0,1,2539
2016-02-19 11:00:00,11,Friday,February,Rain,4.28000000000003,0.0,90,4878
2016-02-19 21:00:00,21,Friday,February,Clear,5.720000000000027,0.0,1,3102
2016-02-20 00:00:00,0,Saturday,February,Clouds,5.5,0.0,40,1108
2016-02-20 03:00:00,3,Saturday,February,Clear,4.740000000000009,0.0,1,421
2016-02-20 05:00:00,5,Saturday,February,Clear,2.8700000000000045,0.0,1,641
2016-02-20 07:00:00,7,Saturday,February,Clouds,1.400000000000034,0.0,90,2085
2016-02-20 09:00:00,9,Saturday,February,Clouds,2.7900000000000205,0.0,40,3777
2016-02-20 11:00:00,11,Saturday,February,Clouds,3.140000000000043,0.0,90,4637
2016-02-20 13:00:00,13,Saturday,February,Clouds,3.8600000000000136,0.0,90,5458
2016-02-20 23:00:00,23,Saturday,February,Clear,-0.6599999999999682,0.0,1,1987
2016-02-21 02:00:00,2,Sunday,February,Clear,-3.0,0.0,1,620
2016-02-21 18:00:00,18,Sunday,February,Clouds,0.4700000000000273,0.0,90,3693
2016-02-22 02:00:00,2,Monday,February,Clouds,-1.42999999999995,0.0,90,264
2016-02-22 05:00:00,5,Monday,February,Clouds,-2.349999999999966,0.0,90,2677
2016-02-22 06:00:00,6,Monday,February,Clouds,-2.4899999999999523,0.0,75,5816
2016-02-22 07:00:00,7,Monday,February,Clear,-2.9899999999999523,0.0,1,6744
2016-02-22 14:00:00,14,Monday,February,Clouds,1.1400000000000432,0.0,90,5223
2016-02-22 15:00:00,15,Monday,February,Clouds,1.3500000000000227,0.0,40,5560
2016-02-22 17:00:00,17,Monday,February,Clouds,1.0,0.0,90,6160
2016-02-22 21:00:00,21,Monday,February,Clouds,0.07000000000005002,0.0,90,2070
2016-02-23 01:00:00,1,Tuesday,February,Clouds,0.36000000000001364,0.0,90,315
2016-02-23 04:00:00,4,Tuesday,February,Clouds,0.57000000000005,0.0,90,897
2016-02-23 06:00:00,6,Tuesday,February,Snow,0.7100000000000364,0.0,90,5652
2016-02-23 08:00:00,8,Tuesday,February,Snow,0.8600000000000136,0.0,90,5556
2016-02-23 10:00:00,10,Tuesday,February,Mist,1.5,0.0,75,4321
2016-02-23 19:00:00,19,Tuesday,February,Rain,2.330000000000041,0.0,75,3115
2016-02-23 21:00:00,21,Tuesday,February,Rain,1.8700000000000045,0.0,90,3442
2016-02-24 02:00:00,2,Wednesday,February,Clouds,1.2000000000000455,0.0,75,341
2016-02-24 07:00:00,7,Wednesday,February,Mist,-0.2699999999999818,0.0,90,6437
2016-02-24 10:00:00,10,Wednesday,February,Clouds,0.6400000000000432,0.0,90,4626
2016-02-24 18:00:00,18,Wednesday,February,Clouds,1.670000000000016,0.0,90,4692
2016-02-24 23:00:00,23,Wednesday,February,Clear,-0.38999999999998636,0.0,1,1052
2016-02-25 09:00:00,9,Thursday,February,Clouds,-2.7299999999999613,0.0,75,5404
2016-02-25 16:00:00,16,Thursday,February,Clouds,0.0,0.0,90,7118
2016-02-25 18:00:00,18,Thursday,February,Clouds,-0.9399999999999977,0.0,90,5230
2016-02-25 23:00:00,23,Thursday,February,Clouds,-2.069999999999993,0.0,90,1204
2016-02-26 00:00:00,0,Friday,February,Clouds,-2.4599999999999795,0.0,90,721
2016-02-26 01:00:00,1,Friday,February,Clouds,-2.8700000000000045,0.0,90,423
2016-02-26 03:00:00,3,Friday,February,Clouds,-3.069999999999993,0.0,90,373
2016-02-26 07:00:00,7,Friday,February,Clouds,-4.4599999999999795,0.0,75,6641
2016-02-26 11:00:00,11,Friday,February,Clouds,-0.5399999999999636,0.0,75,5425
2016-02-26 16:00:00,16,Friday,February,Clear,5.210000000000036,0.0,5,6601
2016-02-26 20:00:00,20,Friday,February,Clear,2.670000000000016,0.0,1,3775
2016-02-26 22:00:00,22,Friday,February,Clear,2.0,0.0,1,3075
2016-02-26 23:00:00,23,Friday,February,Clear,2.140000000000043,0.0,1,1891
2016-02-27 03:00:00,3,Saturday,February,Clear,1.2600000000000477,0.0,1,377
2016-02-27 09:00:00,9,Saturday,February,Clear,3.57000000000005,0.0,1,3935
2016-02-28 04:00:00,4,Sunday,February,Mist,2.5,0.0,1,394
2016-02-28 18:00:00,18,Sunday,February,Clouds,1.5300000000000296,0.0,90,3942
2016-02-29 02:00:00,2,Monday,February,Clouds,-1.5399999999999636,0.0,75,270
2016-02-29 06:00:00,6,Monday,February,Clouds,2.57000000000005,0.0,75,5628
2016-02-29 08:00:00,8,Monday,February,Clouds,-2.9899999999999523,0.0,90,5772
2016-03-01 00:00:00,0,Tuesday,March,Clear,-7.229999999999961,0.0,1,1632
2016-03-01 10:00:00,10,Tuesday,March,Clouds,-9.359999999999957,0.0,90,4554
2016-03-01 17:00:00,17,Tuesday,March,Clear,-3.5,0.0,1,6190
2016-03-01 21:00:00,21,Tuesday,March,Clear,-7.5,0.0,5,3628
2016-03-01 23:00:00,23,Tuesday,March,Clear,-8.70999999999998,0.0,1,1080
2016-03-02 00:00:00,0,Wednesday,March,Clear,-8.939999999999998,0.0,1,676
2016-03-02 09:00:00,9,Wednesday,March,Clouds,-8.139999999999986,0.0,75,5341
2016-03-02 21:00:00,21,Wednesday,March,Clouds,-2.2199999999999704,0.0,90,2581
2016-03-03 01:00:00,1,Thursday,March,Clouds,-2.7299999999999613,0.0,90,364
2016-03-03 07:00:00,7,Thursday,March,Clouds,-3.069999999999993,0.0,90,6836
2016-03-03 23:00:00,23,Thursday,March,Clouds,-0.5699999999999932,0.0,90,2256
2016-03-04 05:00:00,5,Friday,March,Clouds,-1.669999999999959,0.0,90,2546
2016-03-04 07:00:00,7,Friday,March,Clear,-1.5699999999999932,0.0,1,6677
2016-03-04 13:00:00,13,Friday,March,Snow,-0.5,0.0,90,5361
2016-03-04 15:00:00,15,Friday,March,Snow,-0.19999999999998863,0.0,90,5960
2016-03-04 19:00:00,19,Friday,March,Rain,0.8100000000000023,0.3,90,3606
2016-03-05 01:00:00,1,Saturday,March,Snow,1.330000000000041,0.0,90,710
2016-03-05 03:00:00,3,Saturday,March,Mist,0.3300000000000409,0.0,90,400
2016-03-05 05:00:00,5,Saturday,March,Clouds,-0.12999999999999545,0.0,90,671
2016-03-05 09:00:00,9,Saturday,March,Clouds,-0.19999999999998863,0.0,90,3981
2016-03-05 13:00:00,13,Saturday,March,Clouds,0.57000000000005,0.0,90,4994
2016-03-06 00:00:00,0,Sunday,March,Clear,-1.2199999999999704,0.0,1,1250
2016-03-06 03:00:00,3,Sunday,March,Clear,-0.7999999999999545,0.0,1,349
2016-03-06 12:00:00,12,Sunday,March,Clear,11.330000000000041,0.0,1,4443
2016-03-06 18:00:00,18,Sunday,March,Clouds,11.930000000000007,0.0,40,3641
2016-03-06 20:00:00,20,Sunday,March,Clouds,8.0,0.0,40,2457
2016-03-07 06:00:00,6,Monday,March,Fog,4.939999999999998,0.0,40,5870
2016-03-07 07:00:00,7,Monday,March,Fog,5.1299999999999955,0.0,1,6860
2016-03-07 09:00:00,9,Monday,March,Clear,8.650000000000034,0.0,1,4675
2016-03-07 15:00:00,15,Monday,March,Clouds,16.930000000000007,0.0,90,5579
2016-03-07 17:00:00,17,Monday,March,Clouds,16.140000000000043,0.0,90,6053
2016-03-08 00:00:00,0,Tuesday,March,Clear,13.0,0.0,1,529
2016-03-08 22:00:00,22,Tuesday,March,Clouds,6.220000000000027,0.0,90,1566
2016-03-09 00:00:00,0,Wednesday,March,Mist,4.600000000000023,0.0,90,559
2016-03-09 04:00:00,4,Wednesday,March,Mist,2.7800000000000296,0.0,90,881
2016-03-09 10:00:00,10,Wednesday,March,Drizzle,2.8600000000000136,0.0,90,4598
2016-03-09 14:00:00,14,Wednesday,March,Mist,4.640000000000043,0.0,90,5347
2016-03-09 22:00:00,22,Wednesday,March,Rain,2.8500000000000227,0.0,90,1671
2016-03-10 12:00:00,12,Thursday,March,Haze,2.5,0.0,90,5247
2016-03-10 13:00:00,13,Thursday,March,Clear,4.07000000000005,0.0,1,5188
2016-03-10 18:00:00,18,Thursday,March,Clear,7.730000000000018,0.0,1,4794
2016-03-10 20:00:00,20,Thursday,March,Clear,2.5,0.0,5,2875
2016-03-11 00:00:00,0,Friday,March,Mist,-1.3999999999999773,0.0,1,710
2016-03-11 12:00:00,12,Friday,March,Clear,12.640000000000043,0.0,1,5731
2016-03-11 20:00:00,20,Friday,March,Clear,14.0,0.0,5,3086
2016-03-12 07:00:00,7,Saturday,March,Clear,6.810000000000002,0.0,1,2444
2016-03-12 10:00:00,10,Saturday,March,Clear,15.150000000000034,0.0,1,4679
2016-03-12 14:00:00,14,Saturday,March,Clear,19.470000000000027,0.0,1,5193
2016-03-12 18:00:00,18,Saturday,March,Clouds,18.0,0.0,75,4836
2016-03-12 23:00:00,23,Saturday,March,Clear,10.310000000000002,0.0,1,2421
2016-03-13 01:00:00,1,Sunday,March,Clear,9.140000000000043,0.0,1,999
2016-03-13 07:00:00,7,Sunday,March,Rain,8.400000000000034,0.0,40,1091
2016-03-13 11:00:00,11,Sunday,March,Clouds,11.220000000000027,0.0,90,3608
2016-03-13 17:00:00,17,Sunday,March,Clouds,11.670000000000016,0.0,90,4218
2016-03-14 04:00:00,4,Monday,March,Drizzle,9.350000000000023,0.0,90,942
2016-03-14 12:00:00,12,Monday,March,Mist,10.5,0.0,90,4659
2016-03-14 17:00:00,17,Monday,March,Haze,13.720000000000027,0.0,90,6372
2016-03-15 06:00:00,6,Tuesday,March,Mist,11.710000000000036,0.0,90,5375
2016-03-15 10:00:00,10,Tuesday,March,Mist,11.430000000000007,0.0,90,4516
2016-03-15 11:00:00,11,Tuesday,March,Mist,11.330000000000041,0.0,90,4584
2016-03-15 12:00:00,12,Tuesday,March,Rain,11.590000000000032,0.0,90,5085
2016-03-15 13:00:00,13,Tuesday,March,Drizzle,11.53000000000003,0.0,90,5185
2016-03-15 18:00:00,18,Tuesday,March,Rain,10.360000000000014,0.0,90,4460
2016-03-16 10:00:00,10,Wednesday,March,Clouds,5.28000000000003,0.0,90,4536
2016-03-16 18:00:00,18,Wednesday,March,Clouds,6.650000000000034,0.0,90,4827
2016-03-16 20:00:00,20,Wednesday,March,Clouds,6.140000000000043,0.0,90,3156
2016-03-16 22:00:00,22,Wednesday,March,Clear,5.350000000000023,0.0,1,1748
2016-03-16 23:00:00,23,Wednesday,March,Rain,5.210000000000036,0.0,90,1144
2016-03-17 08:00:00,8,Thursday,March,Clear,1.7100000000000364,0.0,1,6104
2016-03-17 09:00:00,9,Thursday,March,Clouds,3.07000000000005,0.0,90,5283
2016-03-17 11:00:00,11,Thursday,March,Clouds,4.210000000000036,0.0,90,4942
2016-03-17 12:00:00,12,Thursday,March,Snow,4.230000000000018,0.0,90,5142
2016-03-17 22:00:00,22,Thursday,March,Snow,1.400000000000034,0.0,90,2574
2016-03-18 00:00:00,0,Friday,March,Snow,0.4000000000000341,0.0,90,632
2016-03-18 02:00:00,2,Friday,March,Rain,0.2400000000000091,0.0,90,290
2016-03-18 06:00:00,6,Friday,March,Clouds,-0.19999999999998863,0.0,90,5192
2016-03-18 13:00:00,13,Friday,March,Snow,1.3400000000000318,0.0,90,5490
2016-03-18 22:00:00,22,Friday,March,Snow,-0.3499999999999659,0.0,90,3203
2016-03-19 03:00:00,3,Saturday,March,Snow,-2.4699999999999704,0.0,90,385
2016-03-19 08:00:00,8,Saturday,March,Snow,-2.359999999999957,0.0,90,3125
2016-03-19 10:00:00,10,Saturday,March,Snow,-1.1999999999999886,0.0,90,4302
2016-03-19 11:00:00,11,Saturday,March,Snow,-0.5999999999999659,0.0,90,4717
2016-03-19 14:00:00,14,Saturday,March,Clouds,2.8700000000000045,0.0,90,4793
2016-03-20 02:00:00,2,Sunday,March,Clouds,-1.7399999999999523,0.0,90,975
2016-03-20 10:00:00,10,Sunday,March,Clear,1.4300000000000068,0.0,1,3608
2016-03-20 14:00:00,14,Sunday,March,Clouds,4.800000000000011,0.0,75,4760
2016-03-20 21:00:00,21,Sunday,March,Clear,1.2600000000000477,0.0,1,2040
2016-03-21 01:00:00,1,Monday,March,Clear,-1.1999999999999886,0.0,1,353
2016-03-21 02:00:00,2,Monday,March,Clear,-1.7999999999999545,0.0,1,304
2016-03-21 03:00:00,3,Monday,March,Clear,-2.1999999999999886,0.0,1,318
2016-03-21 15:00:00,15,Monday,March,Clear,9.28000000000003,0.0,1,5832
2016-03-22 06:00:00,6,Tuesday,March,Clear,3.7800000000000296,0.0,1,5649
2016-03-22 13:00:00,13,Tuesday,March,Clear,10.79000000000002,0.0,1,5165
2016-03-23 05:00:00,5,Wednesday,March,Clouds,0.8000000000000114,0.0,75,2844
2016-03-23 07:00:00,7,Wednesday,March,Clouds,0.5800000000000409,0.0,90,6945
2016-03-23 23:00:00,23,Wednesday,March,Clear,-0.14999999999997726,0.0,1,915
2016-03-24 02:00:00,2,Thursday,March,Clouds,-0.7999999999999545,0.0,40,262
2016-03-24 07:00:00,7,Thursday,March,Clear,-1.7299999999999613,0.0,1,6381
2016-03-24 15:00:00,15,Thursday,March,Clear,6.610000000000014,0.0,5,5943
2016-03-24 17:00:00,17,Thursday,March,Clear,7.460000000000036,0.0,1,6382
2016-03-25 02:00:00,2,Friday,March,Clear,-1.8599999999999568,0.0,1,391
2016-03-25 07:00:00,7,Friday,March,Haze,-2.339999999999975,0.0,1,5509
2016-03-26 02:00:00,2,Saturday,March,Drizzle,5.430000000000007,0.0,90,727
2016-03-26 04:00:00,4,Saturday,March,Mist,5.0,0.0,90,484
2016-03-26 10:00:00,10,Saturday,March,Rain,5.360000000000014,0.0,90,3961
2016-03-26 19:00:00,19,Saturday,March,Rain,6.080000000000041,0.0,90,3348
2016-03-27 05:00:00,5,Sunday,March,Rain,3.3600000000000136,0.0,90,372
2016-03-27 08:00:00,8,Sunday,March,Rain,2.07000000000005,0.0,90,1670
2016-03-27 22:00:00,22,Sunday,March,Clear,0.34000000000003183,0.0,1,1808
2016-03-28 00:00:00,0,Monday,March,Mist,-0.8700000000000045,0.0,1,533
2016-03-28 09:00:00,9,Monday,March,Clear,1.0,0.0,1,4949
2016-03-28 10:00:00,10,Monday,March,Clouds,6.1299999999999955,0.0,75,4533
2016-03-28 13:00:00,13,Monday,March,Clear,11.350000000000023,0.0,1,5033
2016-03-28 15:00:00,15,Monday,March,Clear,12.710000000000036,0.0,1,5817
2016-03-28 19:00:00,19,Monday,March,Clear,13.710000000000036,0.0,5,3343
2016-03-29 09:00:00,9,Tuesday,March,Clear,9.29000000000002,0.0,1,5397
2016-03-29 20:00:00,20,Tuesday,March,Thunderstorm,13.770000000000039,0.0,90,3051
2016-03-29 22:00:00,22,Tuesday,March,Thunderstorm,12.710000000000036,0.0,40,2839
2016-03-30 00:00:00,0,Wednesday,March,Rain,9.470000000000027,0.0,90,586
2016-03-30 04:00:00,4,Wednesday,March,Rain,7.210000000000036,0.0,90,879
2016-03-30 11:00:00,11,Wednesday,March,Drizzle,6.5,0.0,90,4629
2016-03-30 13:00:00,13,Wednesday,March,Drizzle,7.07000000000005,0.0,90,4939
2016-03-31 05:00:00,5,Thursday,March,Clouds,5.650000000000034,0.0,75,2666
2016-03-31 18:00:00,18,Thursday,March,Rain,9.07000000000005,0.0,1,4758
2016-04-01 00:00:00,0,Friday,April,Clouds,3.6100000000000136,0.0,40,731
2016-04-01 06:00:00,6,Friday,April,Rain,1.670000000000016,0.0,90,5117
2016-04-01 11:00:00,11,Friday,April,Snow,2.2100000000000364,0.0,40,5439
2016-04-02 21:00:00,21,Saturday,April,Clouds,0.4700000000000273,0.0,90,2865
2016-04-03 04:00:00,4,Sunday,April,Clear,-0.7199999999999704,0.0,1,452
2016-04-03 09:00:00,9,Sunday,April,Clouds,4.920000000000016,0.0,40,2907
2016-04-03 15:00:00,15,Sunday,April,Clouds,17.090000000000032,0.0,20,4695
2016-04-03 20:00:00,20,Sunday,April,Clouds,3.0100000000000477,0.0,40,2884
2016-04-03 23:00:00,23,Sunday,April,Clear,-0.06999999999999318,0.0,1,1081
2016-04-04 05:00:00,5,Monday,April,Snow,-1.7899999999999636,0.0,90,2632
2016-04-04 06:00:00,6,Monday,April,Snow,-1.7299999999999613,0.0,90,5684
2016-04-04 12:00:00,12,Monday,April,Snow,0.8000000000000114,0.0,90,4804
2016-04-04 21:00:00,21,Monday,April,Clear,0.3300000000000409,0.0,1,2256
2016-04-05 00:00:00,0,Tuesday,April,Clear,-1.0,0.0,1,572
2016-04-05 02:00:00,2,Tuesday,April,Clear,-1.509999999999991,0.0,1,280
2016-04-05 03:00:00,3,Tuesday,April,Clear,-1.6299999999999955,0.0,1,317
2016-04-05 06:00:00,6,Tuesday,April,Clouds,-1.2199999999999704,0.0,40,5857
2016-04-05 07:00:00,7,Tuesday,April,Clouds,-0.7399999999999523,0.0,75,6904
2016-04-05 18:00:00,18,Tuesday,April,Clouds,2.430000000000007,0.0,90,4531
2016-04-05 19:00:00,19,Tuesday,April,Clouds,2.57000000000005,0.0,90,3245
2016-04-05 21:00:00,21,Tuesday,April,Clouds,2.2600000000000477,0.0,90,4031
2016-04-05 22:00:00,22,Tuesday,April,Clouds,2.57000000000005,0.0,40,2558
2016-04-06 05:00:00,5,Wednesday,April,Clear,1.0300000000000296,0.0,1,2750
2016-04-06 09:00:00,9,Wednesday,April,Clouds,3.900000000000034,0.0,40,5387
2016-04-06 12:00:00,12,Wednesday,April,Rain,4.2900000000000205,0.0,90,5211
2016-04-06 18:00:00,18,Wednesday,April,Clouds,3.32000000000005,0.0,90,4540
2016-04-06 19:00:00,19,Wednesday,April,Clouds,3.2100000000000364,0.0,90,3334
2016-04-06 21:00:00,21,Wednesday,April,Rain,2.8600000000000136,0.0,90,2476
2016-04-07 00:00:00,0,Thursday,April,Clouds,1.8900000000000432,0.0,90,600
2016-04-07 01:00:00,1,Thursday,April,Clouds,1.7100000000000364,0.0,90,357
2016-04-07 02:00:00,2,Thursday,April,Snow,1.3600000000000136,0.0,90,260
2016-04-07 05:00:00,5,Thursday,April,Snow,0.1500000000000341,0.0,90,2721
2016-04-07 20:00:00,20,Thursday,April,Drizzle,3.3000000000000114,0.0,90,2999
2016-04-07 22:00:00,22,Thursday,April,Rain,2.930000000000007,0.0,90,3057
2016-04-08 00:00:00,0,Friday,April,Rain,2.57000000000005,0.0,90,739
2016-04-08 06:00:00,6,Friday,April,Clouds,-0.6599999999999682,0.0,90,5529
2016-04-08 09:00:00,9,Friday,April,Snow,-1.0699999999999932,0.0,90,5038
2016-04-08 14:00:00,14,Friday,April,Snow,0.7100000000000364,0.0,75,5818
2016-04-09 00:00:00,0,Saturday,April,Clear,-4.339999999999975,0.0,1,1289
2016-04-09 12:00:00,12,Saturday,April,Clouds,-0.25,0.0,75,5108
2016-04-09 13:00:00,13,Saturday,April,Clear,1.2900000000000205,0.0,1,5095
2016-04-09 15:00:00,15,Saturday,April,Clear,3.8600000000000136,0.0,1,4873
2016-04-09 19:00:00,19,Saturday,April,Clear,4.590000000000032,0.0,1,3565
2016-04-09 23:00:00,23,Saturday,April,Clear,3.1299999999999955,0.0,1,2071
2016-04-10 01:00:00,1,Sunday,April,Clear,2.640000000000043,0.0,1,751
2016-04-10 04:00:00,4,Sunday,April,Clear,2.8700000000000045,0.0,1,382
2016-04-10 11:00:00,11,Sunday,April,Clouds,9.990000000000009,0.0,40,4184
2016-04-10 15:00:00,15,Sunday,April,Clear,14.0,0.0,1,4807
2016-04-10 23:00:00,23,Sunday,April,Clear,3.07000000000005,0.0,1,1139
2016-04-11 04:00:00,4,Monday,April,Clouds,0.36000000000001364,0.0,90,849
2016-04-11 05:00:00,5,Monday,April,Snow,0.1400000000000432,0.0,90,2719
2016-04-11 08:00:00,8,Monday,April,Clouds,-0.4399999999999977,0.0,75,6024
2016-04-11 18:00:00,18,Monday,April,Clouds,5.57000000000005,0.0,20,4663
2016-04-11 21:00:00,21,Monday,April,Clear,0.7400000000000091,0.0,1,2214
2016-04-12 03:00:00,3,Tuesday,April,Clear,-3.9399999999999977,0.0,1,307
2016-04-12 11:00:00,11,Tuesday,April,Clear,3.910000000000025,0.0,5,4887
2016-04-12 17:00:00,17,Tuesday,April,Rain,7.6200000000000045,0.0,90,6445
2016-04-12 21:00:00,21,Tuesday,April,Clouds,5.080000000000041,0.0,90,2747
2016-04-12 22:00:00,22,Tuesday,April,Clouds,5.650000000000034,0.0,40,2016
2016-04-12 23:00:00,23,Tuesday,April,Clouds,5.640000000000043,0.0,40,1946
2016-04-13 02:00:00,2,Wednesday,April,Rain,7.240000000000009,0.0,90,378
2016-04-13 03:00:00,3,Wednesday,April,Drizzle,7.010000000000048,0.0,90,418
2016-04-13 05:00:00,5,Wednesday,April,Clear,5.860000000000014,0.0,1,2979
2016-04-13 06:00:00,6,Wednesday,April,Clear,5.270000000000039,0.0,1,6180
2016-04-13 09:00:00,9,Wednesday,April,Clear,10.710000000000036,0.0,5,5483
2016-04-13 10:00:00,10,Wednesday,April,Clear,12.360000000000014,0.0,1,4354
2016-04-13 17:00:00,17,Wednesday,April,Clear,20.05000000000001,0.0,5,6764
2016-04-14 06:00:00,6,Thursday,April,Clear,10.07000000000005,0.0,1,6052
2016-04-14 18:00:00,18,Thursday,April,Clear,24.33000000000004,0.0,1,4686
2016-04-15 16:00:00,16,Friday,April,Clear,24.390000000000043,0.0,1,5916
2016-04-16 08:00:00,8,Saturday,April,Clouds,15.79000000000002,0.0,90,3475
2016-04-16 20:00:00,20,Saturday,April,Clouds,24.07000000000005,0.0,75,3261
2016-04-16 23:00:00,23,Saturday,April,Clouds,19.720000000000027,0.0,40,2511
2016-04-17 09:00:00,9,Sunday,April,Clear,19.360000000000014,0.0,1,3117
2016-04-17 10:00:00,10,Sunday,April,Clouds,21.470000000000027,0.0,40,3847
2016-04-17 13:00:00,13,Sunday,April,Clouds,24.79000000000002,0.0,75,4722
2016-04-17 22:00:00,22,Sunday,April,Clouds,19.900000000000034,0.0,40,1801
2016-04-17 23:00:00,23,Sunday,April,Clouds,19.140000000000043,0.0,40,1036
2016-04-18 02:00:00,2,Monday,April,Clouds,18.210000000000036,0.0,40,310
2016-04-18 03:00:00,3,Monday,April,Clear,17.79000000000002,0.0,1,299
2016-04-18 08:00:00,8,Monday,April,Clear,16.29000000000002,0.0,1,6328
2016-04-18 14:00:00,14,Monday,April,Clouds,24.860000000000014,0.0,40,5433
2016-04-18 17:00:00,17,Monday,April,Clouds,21.74000000000001,0.0,90,6456
2016-04-18 19:00:00,19,Monday,April,Haze,18.439999999999998,0.0,90,3219
2016-04-18 20:00:00,20,Monday,April,Haze,17.58000000000004,0.0,90,2739
2016-04-19 00:00:00,0,Tuesday,April,Rain,10.939999999999998,0.0,90,626
2016-04-19 03:00:00,3,Tuesday,April,Rain,8.700000000000045,0.0,90,315
2016-04-19 04:00:00,4,Tuesday,April,Rain,8.700000000000045,0.0,90,862
2016-04-19 09:00:00,9,Tuesday,April,Drizzle,10.150000000000034,0.0,90,5582
2016-04-19 17:00:00,17,Tuesday,April,Clouds,13.460000000000036,0.0,90,6210
2016-04-19 19:00:00,19,Tuesday,April,Rain,12.580000000000041,0.0,90,3448
2016-04-19 22:00:00,22,Tuesday,April,Clouds,11.629999999999995,0.0,40,1777
2016-04-20 00:00:00,0,Wednesday,April,Clouds,11.140000000000043,0.0,75,538
2016-04-20 01:00:00,1,Wednesday,April,Clouds,11.07000000000005,0.0,90,381
2016-04-20 04:00:00,4,Wednesday,April,Mist,11.07000000000005,0.0,40,941
2016-04-20 06:00:00,6,Wednesday,April,Haze,10.640000000000043,0.0,90,6100
2016-04-20 10:00:00,10,Wednesday,April,Haze,11.78000000000003,0.0,90,4852
2016-04-20 16:00:00,16,Wednesday,April,Clouds,17.930000000000007,0.0,40,6701
2016-04-21 00:00:00,0,Thursday,April,Mist,12.660000000000025,0.0,90,1381
2016-04-21 01:00:00,1,Thursday,April,Rain,12.640000000000043,0.0,75,417
2016-04-21 02:00:00,2,Thursday,April,Mist,12.360000000000014,0.0,90,327
2016-04-21 06:00:00,6,Thursday,April,Rain,11.770000000000039,0.0,90,5955
2016-04-21 07:00:00,7,Thursday,April,Mist,11.830000000000041,0.0,90,7260
2016-04-22 07:00:00,7,Friday,April,Clear,6.600000000000023,0.0,0,7241
2016-04-22 10:00:00,10,Friday,April,Clear,7.5,0.0,0,4993
2016-04-22 13:00:00,13,Friday,April,Clouds,11.170000000000016,0.0,20,5521
2016-04-23 22:00:00,22,Saturday,April,Clear,16.160000000000025,0.0,1,3000
2016-04-24 02:00:00,2,Sunday,April,Thunderstorm,15.200000000000045,0.0,1,822
2016-04-24 03:00:00,3,Sunday,April,Thunderstorm,14.939999999999998,0.0,1,395
2016-04-24 06:00:00,6,Sunday,April,Rain,12.82000000000005,0.64,90,1180
2016-04-24 08:00:00,8,Sunday,April,Rain,11.430000000000007,1.6,90,2620
2016-04-24 13:00:00,13,Sunday,April,Rain,12.730000000000018,0.0,75,4779
2016-04-24 15:00:00,15,Sunday,April,Rain,13.210000000000036,0.0,90,4087
2016-04-25 08:00:00,8,Monday,April,Rain,10.439999999999998,4.7,90,5521
2016-04-25 10:00:00,10,Monday,April,Rain,10.330000000000041,0.76,90,4226
2016-04-25 18:00:00,18,Monday,April,Clouds,9.910000000000025,0.0,90,4681
2016-04-26 07:00:00,7,Tuesday,April,Mist,4.939999999999998,0.0,90,7149
2016-04-26 08:00:00,8,Tuesday,April,Clouds,5.300000000000011,0.0,90,6326
2016-04-26 15:00:00,15,Tuesday,April,Clouds,7.5,0.0,90,5985
2016-04-26 23:00:00,23,Tuesday,April,Clouds,7.6299999999999955,0.0,75,1053
2016-04-27 06:00:00,6,Wednesday,April,Clear,4.439999999999998,0.0,1,5964
2016-04-28 00:00:00,0,Thursday,April,Rain,5.020000000000039,0.25,90,600
2016-04-28 02:00:00,2,Thursday,April,Drizzle,4.75,0.0,90,275
2016-04-28 06:00:00,6,Thursday,April,Rain,3.2000000000000455,0.25,90,5517
2016-04-28 08:00:00,8,Thursday,April,Rain,3.240000000000009,0.0,90,5691
2016-04-28 11:00:00,11,Thursday,April,Rain,3.2900000000000205,0.96,90,4894
2016-04-28 18:00:00,18,Thursday,April,Rain,5.07000000000005,1.52,90,4884
2016-04-29 06:00:00,6,Friday,April,Mist,1.7300000000000182,0.0,90,5813
2016-04-29 08:00:00,8,Friday,April,Mist,3.8000000000000114,0.0,75,5464
2016-04-29 10:00:00,10,Friday,April,Clouds,7.580000000000041,0.0,20,4952
2016-04-29 11:00:00,11,Friday,April,Clouds,8.930000000000007,0.0,20,5296
2016-04-29 14:00:00,14,Friday,April,Clouds,13.120000000000005,0.0,20,5842
2016-04-29 16:00:00,16,Friday,April,Clouds,14.470000000000027,0.0,20,6631
2016-04-29 18:00:00,18,Friday,April,Clouds,15.170000000000016,0.0,20,4888
2016-04-29 22:00:00,22,Friday,April,Clear,9.170000000000016,0.0,1,808
2016-04-29 23:00:00,23,Friday,April,Clear,8.800000000000011,0.0,1,526
2016-04-30 01:00:00,1,Saturday,April,Clouds,7.9500000000000455,0.0,75,862
2016-04-30 09:00:00,9,Saturday,April,Clouds,7.57000000000005,0.0,90,4239
2016-04-30 13:00:00,13,Saturday,April,Clouds,13.310000000000002,0.0,90,4982
2016-04-30 18:00:00,18,Saturday,April,Clouds,13.120000000000005,0.0,90,4334
2016-05-01 01:00:00,1,Sunday,May,Clouds,6.8700000000000045,0.0,90,946
2016-05-01 02:00:00,2,Sunday,May,Clouds,6.330000000000041,0.0,90,735
2016-05-01 09:00:00,9,Sunday,May,Clouds,7.670000000000016,0.0,75,2996
2016-05-01 10:00:00,10,Sunday,May,Clouds,9.520000000000039,0.0,75,3601
2016-05-01 13:00:00,13,Sunday,May,Clouds,13.879999999999995,0.0,75,4756
2016-05-01 21:00:00,21,Sunday,May,Clouds,12.100000000000023,0.0,20,2364
2016-05-02 01:00:00,1,Monday,May,Clear,6.830000000000041,0.0,1,149
2016-05-02 02:00:00,2,Monday,May,Clear,5.160000000000025,0.0,1,123
2016-05-02 16:00:00,16,Monday,May,Clouds,18.410000000000025,0.0,20,6020
2016-05-02 18:00:00,18,Monday,May,Haze,18.689999999999998,0.0,20,4148
2016-05-02 20:00:00,20,Monday,May,Clouds,16.28000000000003,0.0,20,2858
2016-05-02 22:00:00,22,Monday,May,Clear,10.920000000000016,0.0,1,1821
2016-05-03 01:00:00,1,Tuesday,May,Clear,8.25,0.0,1,364
2016-05-03 05:00:00,5,Tuesday,May,Clear,8.0,0.0,1,2878
2016-05-03 06:00:00,6,Tuesday,May,Clouds,7.430000000000007,0.0,40,6083
2016-05-03 07:00:00,7,Tuesday,May,Clouds,8.110000000000014,0.0,75,6952
2016-05-03 15:00:00,15,Tuesday,May,Clouds,20.939999999999998,0.0,75,5857
2016-05-03 16:00:00,16,Tuesday,May,Clouds,21.02000000000004,0.0,75,6339
2016-05-03 20:00:00,20,Tuesday,May,Clouds,18.49000000000001,0.0,20,2801
2016-05-03 21:00:00,21,Tuesday,May,Clear,16.810000000000002,0.0,1,2363
2016-05-04 03:00:00,3,Wednesday,May,Clear,9.920000000000016,0.0,1,799
2016-05-04 04:00:00,4,Wednesday,May,Clear,8.160000000000025,0.0,1,1021
2016-05-04 06:00:00,6,Wednesday,May,Clear,5.57000000000005,0.0,1,6151
2016-05-04 10:00:00,10,Wednesday,May,Clouds,13.150000000000034,0.0,20,4693
2016-05-04 12:00:00,12,Wednesday,May,Clouds,15.850000000000023,0.0,40,4968
2016-05-04 13:00:00,13,Wednesday,May,Clouds,16.82000000000005,0.0,20,4974
2016-05-04 20:00:00,20,Wednesday,May,Clouds,16.189999999999998,0.0,20,3139
2016-05-05 00:00:00,0,Thursday,May,Clear,6.840000000000032,0.0,1,1219
2016-05-05 01:00:00,1,Thursday,May,Clear,6.180000000000007,0.0,1,673
2016-05-05 05:00:00,5,Thursday,May,Clouds,5.670000000000016,0.0,75,2917
2016-05-05 06:00:00,6,Thursday,May,Rain,6.75,0.0,75,6146
2016-05-05 12:00:00,12,Thursday,May,Clouds,18.620000000000005,0.0,40,5136
2016-05-05 13:00:00,13,Thursday,May,Rain,20.010000000000048,0.0,75,5226
2016-05-05 18:00:00,18,Thursday,May,Clear,25.28000000000003,0.0,5,4970
2016-05-06 01:00:00,1,Friday,May,Clear,17.370000000000005,0.0,1,553
2016-05-06 03:00:00,3,Friday,May,Clear,16.850000000000023,0.0,1,390
2016-05-06 08:00:00,8,Friday,May,Clear,18.160000000000025,0.0,1,5690
2016-05-06 16:00:00,16,Friday,May,Clouds,32.31,0.0,40,5966
2016-05-06 20:00:00,20,Friday,May,Haze,27.370000000000005,0.0,75,3345
2016-05-07 04:00:00,4,Saturday,May,Smoke,13.25,0.0,90,367
2016-05-07 10:00:00,10,Saturday,May,Clouds,16.010000000000048,0.0,90,4252
2016-05-07 14:00:00,14,Saturday,May,Clouds,19.82000000000005,0.0,75,4956
2016-05-07 15:00:00,15,Saturday,May,Haze,19.879999999999995,0.0,75,4780
2016-05-07 17:00:00,17,Saturday,May,Clouds,20.150000000000034,0.0,40,4362
2016-05-08 03:00:00,3,Sunday,May,Clear,6.480000000000018,0.0,1,420
2016-05-08 06:00:00,6,Sunday,May,Clouds,5.7900000000000205,0.0,40,1037
2016-05-08 07:00:00,7,Sunday,May,Clouds,7.080000000000041,0.0,40,1623
2016-05-08 19:00:00,19,Sunday,May,Clouds,21.170000000000016,0.0,40,4046
2016-05-09 00:00:00,0,Monday,May,Clear,13.04000000000002,0.0,1,596
2016-05-09 02:00:00,2,Monday,May,Clear,12.150000000000034,0.0,1,264
2016-05-09 03:00:00,3,Monday,May,Clear,12.090000000000032,0.0,1,304
2016-05-09 06:00:00,6,Monday,May,Clouds,11.25,0.0,20,5902
2016-05-09 07:00:00,7,Monday,May,Clouds,11.640000000000043,0.0,90,6876
2016-05-09 09:00:00,9,Monday,May,Clouds,15.710000000000036,0.0,75,4917
2016-05-09 14:00:00,14,Monday,May,Rain,15.170000000000016,2.54,90,4915
2016-05-09 16:00:00,16,Monday,May,Rain,13.640000000000043,1.52,90,6334
2016-05-09 19:00:00,19,Monday,May,Thunderstorm,14.200000000000045,0.0,90,3083
2016-05-09 21:00:00,21,Monday,May,Rain,13.510000000000048,0.25,90,2543
2016-05-10 05:00:00,5,Tuesday,May,Rain,9.189999999999998,0.94,90,2870
2016-05-10 13:00:00,13,Tuesday,May,Mist,11.640000000000043,0.0,90,4983
2016-05-10 16:00:00,16,Tuesday,May,Haze,13.04000000000002,0.0,90,6620
2016-05-10 17:00:00,17,Tuesday,May,Clouds,13.150000000000034,0.0,90,6312
2016-05-11 02:00:00,2,Wednesday,May,Haze,9.939999999999998,0.0,90,263
2016-05-11 03:00:00,3,Wednesday,May,Mist,9.890000000000043,0.0,90,306
2016-05-11 07:00:00,7,Wednesday,May,Mist,9.28000000000003,0.0,90,6929
2016-05-11 12:00:00,12,Wednesday,May,Rain,11.560000000000002,0.51,90,4925
2016-05-11 21:00:00,21,Wednesday,May,Mist,12.03000000000003,0.0,90,2499
2016-05-11 22:00:00,22,Wednesday,May,Fog,11.450000000000045,0.0,40,1798
2016-05-12 06:00:00,6,Thursday,May,Rain,8.129999999999995,0.25,1,6061
2016-05-12 14:00:00,14,Thursday,May,Rain,12.970000000000027,0.51,90,5429
2016-05-13 00:00:00,0,Friday,May,Clouds,10.0,0.0,75,645
2016-05-13 05:00:00,5,Friday,May,Clouds,5.850000000000023,0.0,75,2676
2016-05-13 08:00:00,8,Friday,May,Rain,4.920000000000016,1.69,90,5340
2016-05-13 13:00:00,13,Friday,May,Rain,7.510000000000048,0.25,90,5368
2016-05-13 14:00:00,14,Friday,May,Rain,7.890000000000043,0.0,90,5563
2016-05-13 16:00:00,16,Friday,May,Clouds,7.740000000000009,0.0,90,6350
2016-05-13 21:00:00,21,Friday,May,Clouds,4.810000000000002,0.0,90,2983
2016-05-13 22:00:00,22,Friday,May,Clouds,4.480000000000018,0.0,75,2615
2016-05-14 01:00:00,1,Saturday,May,Clouds,3.82000000000005,0.0,90,972
2016-05-14 03:00:00,3,Saturday,May,Clouds,2.730000000000018,0.0,90,411
2016-05-14 05:00:00,5,Saturday,May,Clouds,1.2100000000000364,0.0,20,817
2016-05-14 06:00:00,6,Saturday,May,Clouds,0.75,0.0,20,1162
2016-05-14 09:00:00,9,Saturday,May,Clouds,2.5300000000000296,0.0,75,3604
2016-05-14 11:00:00,11,Saturday,May,Clouds,4.310000000000002,0.0,75,4069
2016-05-14 13:00:00,13,Saturday,May,Clouds,6.650000000000034,0.0,40,4220
2016-05-14 15:00:00,15,Saturday,May,Clouds,8.930000000000007,0.0,40,4223
2016-05-14 21:00:00,21,Saturday,May,Clouds,6.770000000000039,0.0,20,3196
2016-05-15 00:00:00,0,Sunday,May,Haze,2.2600000000000477,0.0,1,1687
2016-05-15 12:00:00,12,Sunday,May,Clouds,14.110000000000014,0.0,20,4142
2016-05-15 16:00:00,16,Sunday,May,Clouds,17.55000000000001,0.0,40,5040
2016-05-15 23:00:00,23,Sunday,May,Clouds,13.129999999999995,0.0,75,1572
2016-05-16 02:00:00,2,Monday,May,Rain,12.240000000000009,0.0,90,285
2016-05-16 03:00:00,3,Monday,May,Clouds,11.450000000000045,0.0,90,340
2016-05-16 05:00:00,5,Monday,May,Clouds,7.650000000000034,0.0,40,2855
2016-05-16 10:00:00,10,Monday,May,Clouds,14.180000000000007,0.0,20,4389
2016-05-16 19:00:00,19,Monday,May,Clouds,16.189999999999998,0.0,40,3077
2016-05-16 20:00:00,20,Monday,May,Clouds,15.300000000000011,0.0,20,2764
2016-05-17 09:00:00,9,Tuesday,May,Clouds,11.57000000000005,0.0,20,5177
2016-05-17 10:00:00,10,Tuesday,May,Clouds,13.010000000000048,0.0,20,4455
2016-05-17 11:00:00,11,Tuesday,May,Clear,13.850000000000023,0.0,1,4777
2016-05-17 20:00:00,20,Tuesday,May,Clouds,15.490000000000009,0.0,20,2739
2016-05-18 00:00:00,0,Wednesday,May,Clear,6.860000000000014,0.0,1,588
2016-05-18 05:00:00,5,Wednesday,May,Clear,3.670000000000016,0.0,1,2982
2016-05-18 17:00:00,17,Wednesday,May,Clouds,20.25,0.0,20,6147
2016-05-18 18:00:00,18,Wednesday,May,Clouds,20.08000000000004,0.0,20,4201
2016-05-19 07:00:00,7,Thursday,May,Clouds,9.120000000000005,0.0,20,6845
2016-05-19 12:00:00,12,Thursday,May,Clouds,21.29000000000002,0.0,40,5120
2016-05-19 14:00:00,14,Thursday,May,Clouds,21.980000000000018,0.0,75,5375
2016-05-20 04:00:00,4,Friday,May,Clouds,10.760000000000048,0.0,20,850
2016-05-20 07:00:00,7,Friday,May,Clouds,11.020000000000039,0.0,20,6715
2016-05-20 14:00:00,14,Friday,May,Clouds,22.310000000000002,0.0,75,5426
2016-05-20 19:00:00,19,Friday,May,Clouds,21.99000000000001,0.0,75,3680
2016-05-20 21:00:00,21,Friday,May,Clouds,17.390000000000043,0.0,75,3399
2016-05-21 01:00:00,1,Saturday,May,Clouds,11.210000000000036,0.0,75,1016
2016-05-21 02:00:00,2,Saturday,May,Clouds,10.180000000000007,0.0,90,1081
2016-05-21 03:00:00,3,Saturday,May,Rain,9.770000000000039,0.3,75,875
2016-05-21 04:00:00,4,Saturday,May,Mist,8.490000000000009,0.0,1,946
2016-05-21 06:00:00,6,Saturday,May,Mist,8.150000000000034,0.0,1,1718
2016-05-21 13:00:00,13,Saturday,May,Clouds,24.870000000000005,0.0,20,4891
2016-05-21 15:00:00,15,Saturday,May,Clear,25.590000000000032,0.0,1,4473
2016-05-21 18:00:00,18,Saturday,May,Haze,25.79000000000002,0.0,1,3895
2016-05-21 20:00:00,20,Saturday,May,Clear,23.83000000000004,0.0,5,3345
2016-05-21 21:00:00,21,Saturday,May,Clear,18.170000000000016,0.0,1,3472
2016-05-21 23:00:00,23,Saturday,May,Clear,13.900000000000034,0.0,1,2273
2016-05-22 00:00:00,0,Sunday,May,Clear,12.620000000000005,0.0,1,1719
2016-05-22 02:00:00,2,Sunday,May,Haze,11.230000000000018,0.0,1,966
2016-05-22 09:00:00,9,Sunday,May,Clouds,19.860000000000014,0.0,20,2844
2016-05-22 11:00:00,11,Sunday,May,Clouds,24.730000000000018,0.0,20,4348
2016-05-22 15:00:00,15,Sunday,May,Clouds,28.470000000000027,0.0,75,4263
2016-05-22 19:00:00,19,Sunday,May,Clouds,26.939999999999998,0.0,75,3442
2016-05-22 21:00:00,21,Sunday,May,Clouds,23.57000000000005,0.0,75,2624
2016-05-23 09:00:00,9,Monday,May,Clouds,21.57000000000005,0.0,90,4675
2016-05-23 11:00:00,11,Monday,May,Rain,22.100000000000023,0.0,90,4627
2016-05-23 12:00:00,12,Monday,May,Rain,23.720000000000027,0.25,75,4754
2016-05-23 15:00:00,15,Monday,May,Clouds,26.52000000000004,0.0,90,5886
2016-05-23 17:00:00,17,Monday,May,Clouds,23.700000000000045,0.0,90,6550
2016-05-23 20:00:00,20,Monday,May,Rain,20.140000000000043,0.51,90,2482
2016-05-23 21:00:00,21,Monday,May,Rain,19.220000000000027,0.51,75,2293
2016-05-24 01:00:00,1,Tuesday,May,Rain,17.650000000000034,0.0,40,432
2016-05-24 02:00:00,2,Tuesday,May,Rain,17.620000000000005,0.0,90,314
2016-05-24 07:00:00,7,Tuesday,May,Mist,17.689999999999998,0.0,40,6409
2016-05-24 08:00:00,8,Tuesday,May,Mist,19.28000000000003,0.0,40,5301
2016-05-24 10:00:00,10,Tuesday,May,Mist,21.410000000000025,0.0,75,4652
2016-05-24 14:00:00,14,Tuesday,May,Clouds,27.129999999999995,0.0,40,5398
2016-05-24 22:00:00,22,Tuesday,May,Clouds,20.74000000000001,0.0,40,1871
2016-05-25 02:00:00,2,Wednesday,May,Clouds,17.30000000000001,0.0,20,323
2016-05-25 16:00:00,16,Wednesday,May,Rain,22.640000000000043,0.0,90,6446
2016-05-25 19:00:00,19,Wednesday,May,Clouds,23.220000000000027,0.0,20,3465
2016-05-26 00:00:00,0,Thursday,May,Mist,18.0,0.0,20,654
2016-05-26 01:00:00,1,Thursday,May,Mist,17.879999999999995,0.0,40,440
2016-05-26 03:00:00,3,Thursday,May,Rain,17.640000000000043,10.92,90,356
2016-05-26 10:00:00,10,Thursday,May,Clouds,20.560000000000002,0.0,20,4694
2016-05-26 21:00:00,21,Thursday,May,Clear,21.120000000000005,0.0,1,3190
2016-05-26 23:00:00,23,Thursday,May,Clouds,19.060000000000002,0.0,90,1363
2016-05-27 01:00:00,1,Friday,May,Clear,17.210000000000036,0.0,1,487
2016-05-27 08:00:00,8,Friday,May,Rain,18.53000000000003,0.0,90,5165
2016-05-27 11:00:00,11,Friday,May,Rain,17.58000000000004,2.16,90,4856
2016-05-27 12:00:00,12,Friday,May,Rain,17.670000000000016,0.76,90,5181
2016-05-27 16:00:00,16,Friday,May,Drizzle,17.77000000000004,0.0,90,5597
2016-05-27 18:00:00,18,Friday,May,Rain,18.090000000000032,0.0,90,4252
2016-05-27 23:00:00,23,Friday,May,Mist,16.5,0.0,90,1875
2016-05-28 03:00:00,3,Saturday,May,Mist,15.700000000000045,0.0,40,644
2016-05-28 04:00:00,4,Saturday,May,Mist,15.54000000000002,0.0,90,692
2016-05-28 05:00:00,5,Saturday,May,Mist,15.5,0.0,90,1106
2016-05-28 07:00:00,7,Saturday,May,Mist,15.470000000000027,0.0,90,1994
2016-05-28 12:00:00,12,Saturday,May,Rain,17.610000000000014,0.0,90,4213
2016-05-28 18:00:00,18,Saturday,May,Rain,18.29000000000002,0.0,90,3556
2016-05-28 21:00:00,21,Saturday,May,Clouds,17.390000000000043,0.0,90,2582
2016-05-28 23:00:00,23,Saturday,May,Mist,16.640000000000043,0.0,90,2134
2016-05-29 05:00:00,5,Sunday,May,Rain,16.200000000000045,0.0,90,557
2016-05-29 11:00:00,11,Sunday,May,Clouds,20.57000000000005,0.0,75,3854
2016-05-29 18:00:00,18,Sunday,May,Clouds,24.25,0.0,40,3250
2016-05-29 19:00:00,19,Sunday,May,Thunderstorm,23.150000000000034,0.0,40,3064
2016-05-29 20:00:00,20,Sunday,May,Rain,21.83000000000004,0.0,40,3012
2016-05-29 23:00:00,23,Sunday,May,Mist,16.220000000000027,0.0,1,1782
2016-05-30 01:00:00,1,Monday,May,Mist,14.420000000000016,0.0,1,607
2016-05-30 02:00:00,2,Monday,May,Mist,13.879999999999995,0.0,1,543
2016-05-30 08:00:00,8,Monday,May,Mist,17.05000000000001,0.0,75,1258
2016-05-30 14:00:00,14,Monday,May,Clouds,27.129999999999995,0.0,40,3997
2016-05-30 16:00:00,16,Monday,May,Clouds,28.03000000000003,0.0,40,3924
2016-05-30 19:00:00,19,Monday,May,Clouds,26.180000000000007,0.0,75,3610
2016-05-30 21:00:00,21,Monday,May,Clouds,23.470000000000027,0.0,75,2650
2016-05-30 23:00:00,23,Monday,May,Rain,22.010000000000048,0.0,75,1126
2016-05-31 04:00:00,4,Tuesday,May,Rain,19.04000000000002,0.0,75,1334
2016-05-31 07:00:00,7,Tuesday,May,Clouds,18.27000000000004,0.0,90,6790
2016-05-31 11:00:00,11,Tuesday,May,Rain,19.470000000000027,0.0,90,4698
2016-05-31 16:00:00,16,Tuesday,May,Rain,21.25,0.0,75,6396
2016-05-31 20:00:00,20,Tuesday,May,Clouds,21.360000000000014,0.0,75,2788
2016-06-01 00:00:00,0,Wednesday,June,Clouds,16.350000000000023,0.0,20,628
2016-06-01 04:00:00,4,Wednesday,June,Clear,15.32000000000005,0.0,1,917
2016-06-01 06:00:00,6,Wednesday,June,Clouds,13.980000000000018,0.0,20,6157
2016-06-01 08:00:00,8,Wednesday,June,Clouds,15.390000000000043,0.0,40,6264
2016-06-01 16:00:00,16,Wednesday,June,Clouds,17.53000000000003,0.0,75,6572
2016-06-01 20:00:00,20,Wednesday,June,Clouds,16.900000000000034,0.0,75,3083
2016-06-01 21:00:00,21,Wednesday,June,Clouds,15.620000000000005,0.0,40,2799
2016-06-02 02:00:00,2,Thursday,June,Clouds,14.210000000000036,0.0,90,291
2016-06-02 06:00:00,6,Thursday,June,Clouds,12.560000000000002,0.0,75,5485
2016-06-02 08:00:00,8,Thursday,June,Clouds,14.050000000000011,0.0,40,5613
2016-06-02 11:00:00,11,Thursday,June,Clouds,16.930000000000007,0.0,75,4750
2016-06-02 16:00:00,16,Thursday,June,Clouds,21.560000000000002,0.0,20,6339
2016-06-03 06:00:00,6,Friday,June,Clouds,15.460000000000036,0.0,75,5444
2016-06-03 08:00:00,8,Friday,June,Clouds,17.590000000000032,0.0,75,5471
2016-06-03 10:00:00,10,Friday,June,Rain,19.49000000000001,0.0,90,4695
2016-06-03 11:00:00,11,Friday,June,Rain,19.189999999999998,1.02,90,4991
2016-06-04 00:00:00,0,Saturday,June,Drizzle,16.32000000000005,0.0,90,1259
2016-06-04 04:00:00,4,Saturday,June,Mist,15.110000000000014,0.0,90,483
2016-06-04 15:00:00,15,Saturday,June,Thunderstorm,20.730000000000018,0.0,75,4875
2016-06-04 20:00:00,20,Saturday,June,Rain,16.950000000000045,0.0,75,3491
2016-06-05 07:00:00,7,Sunday,June,Clear,14.32000000000005,0.0,1,1372
2016-06-05 08:00:00,8,Sunday,June,Clear,16.470000000000027,0.0,1,2211
2016-06-05 12:00:00,12,Sunday,June,Clouds,24.350000000000023,0.0,40,4798
2016-06-05 14:00:00,14,Sunday,June,Clouds,26.480000000000018,0.0,40,4753
2016-06-05 15:00:00,15,Sunday,June,Clouds,26.79000000000002,0.0,40,4582
2016-06-05 17:00:00,17,Sunday,June,Clouds,26.689999999999998,0.0,40,4549
2016-06-05 18:00:00,18,Sunday,June,Clouds,25.920000000000016,0.0,20,4375
2016-06-05 21:00:00,21,Sunday,June,Clouds,20.99000000000001,0.0,20,2796
2016-06-05 22:00:00,22,Sunday,June,Rain,19.110000000000014,0.0,20,2081
2016-06-05 23:00:00,23,Sunday,June,Clouds,17.650000000000034,0.0,20,1256
2016-06-06 04:00:00,4,Monday,June,Clouds,15.160000000000025,0.0,75,906
2016-06-06 08:00:00,8,Monday,June,Clouds,14.360000000000014,0.0,20,5564
2016-06-06 12:00:00,12,Monday,June,Clouds,17.980000000000018,0.0,90,4872
2016-06-06 13:00:00,13,Monday,June,Rain,18.260000000000048,0.0,75,4809
2016-06-06 16:00:00,16,Monday,June,Rain,20.0,0.0,75,6473
2016-06-06 19:00:00,19,Monday,June,Clouds,19.850000000000023,0.0,40,3377
2016-06-06 22:00:00,22,Monday,June,Clouds,16.08000000000004,0.0,20,1771
2016-06-07 03:00:00,3,Tuesday,June,Clear,11.03000000000003,0.0,1,337
2016-06-07 04:00:00,4,Tuesday,June,Clear,9.670000000000016,0.0,1,896
2016-06-07 05:00:00,5,Tuesday,June,Clouds,9.07000000000005,0.0,20,3108
2016-06-07 10:00:00,10,Tuesday,June,Clouds,15.970000000000027,0.0,20,4603
2016-06-07 12:00:00,12,Tuesday,June,Clouds,18.120000000000005,0.0,20,4808
2016-06-07 16:00:00,16,Tuesday,June,Clouds,21.05000000000001,0.0,20,6295
2016-06-07 17:00:00,17,Tuesday,June,Clouds,21.390000000000043,0.0,40,6367
2016-06-07 19:00:00,19,Tuesday,June,Clouds,20.82000000000005,0.0,75,3554
2016-06-08 08:00:00,8,Wednesday,June,Clear,13.060000000000002,0.0,0,5841
2016-06-08 09:00:00,9,Wednesday,June,Clouds,15.32000000000005,0.0,12,5394
2016-06-08 21:00:00,21,Wednesday,June,Clear,21.100000000000023,0.0,8,2801
2016-06-08 22:00:00,22,Wednesday,June,Clear,20.060000000000002,0.0,8,2383
2016-06-09 03:00:00,3,Thursday,June,Rain,15.870000000000005,6.35,80,356
2016-06-09 08:00:00,8,Thursday,June,Rain,17.80000000000001,0.9,68,5332
2016-06-09 13:00:00,13,Thursday,June,Clear,26.700000000000045,0.0,8,5058
2016-06-09 14:00:00,14,Thursday,June,Clear,27.610000000000014,0.0,8,5416
2016-06-10 05:00:00,5,Friday,June,Clear,19.900000000000034,0.0,0,2915
2016-06-11 01:00:00,1,Saturday,June,Clouds,20.760000000000048,0.0,20,805
2016-06-11 02:00:00,2,Saturday,June,Clouds,20.189999999999998,0.0,20,635
2016-06-11 04:00:00,4,Saturday,June,Clouds,19.390000000000043,0.0,20,474
2016-06-11 06:00:00,6,Saturday,June,Clouds,19.210000000000036,0.0,32,1130
2016-06-11 10:00:00,10,Saturday,June,Clear,26.58000000000004,0.0,0,4356
2016-06-11 12:00:00,12,Saturday,June,Clear,30.620000000000005,0.0,0,4538
2016-06-11 20:00:00,20,Saturday,June,Clear,27.680000000000007,0.0,0,3351
2016-06-11 21:00:00,21,Saturday,June,Clear,25.75,0.0,0,3292
2016-06-11 22:00:00,22,Saturday,June,Clear,24.30000000000001,0.0,0,3360
2016-06-12 05:00:00,5,Sunday,June,Clear,17.25,0.0,8,468
2016-06-12 10:00:00,10,Sunday,June,Rain,21.110000000000014,0.0,32,3446
2016-06-12 14:00:00,14,Sunday,June,Clear,25.03000000000003,0.0,8,4467
2016-06-12 21:00:00,21,Sunday,June,Clouds,21.670000000000016,0.0,48,2571
2016-06-12 23:00:00,23,Sunday,June,Clouds,19.80000000000001,0.0,48,1184
2016-06-13 07:00:00,7,Monday,June,Clouds,18.610000000000014,0.0,48,6105
2016-06-13 09:00:00,9,Monday,June,Clouds,20.120000000000005,0.0,44,4870
2016-06-13 11:00:00,11,Monday,June,Clouds,22.02000000000004,0.0,64,4564
2016-06-13 14:00:00,14,Monday,June,Clouds,21.80000000000001,0.0,92,5179
2016-06-13 17:00:00,17,Monday,June,Clouds,23.54000000000002,0.0,44,5966
2016-06-14 04:00:00,4,Tuesday,June,Clouds,17.180000000000007,0.0,68,898
2016-06-14 10:00:00,10,Tuesday,June,Rain,19.710000000000036,0.0,92,4514
2016-06-14 12:00:00,12,Tuesday,June,Rain,20.420000000000016,7.11,92,4999
2016-06-14 13:00:00,13,Tuesday,June,Rain,20.0,1.27,92,4861
2016-06-14 18:00:00,18,Tuesday,June,Rain,20.55000000000001,4.05,92,4002
2016-06-14 21:00:00,21,Tuesday,June,Rain,19.03000000000003,0.0,92,2204
2016-06-14 22:00:00,22,Tuesday,June,Rain,17.57000000000005,0.0,92,1870
2016-06-15 00:00:00,0,Wednesday,June,Rain,17.460000000000036,0.0,92,832
2016-06-15 04:00:00,4,Wednesday,June,Clouds,17.610000000000014,0.0,68,1114
2016-06-15 05:00:00,5,Wednesday,June,Clouds,17.99000000000001,0.0,68,3481
2016-06-15 11:00:00,11,Wednesday,June,Rain,20.129999999999995,0.25,92,4871
2016-06-15 17:00:00,17,Wednesday,June,Clouds,22.470000000000027,0.0,68,6139
2016-06-15 18:00:00,18,Wednesday,June,Clouds,21.760000000000048,0.0,32,4590
2016-06-16 15:00:00,15,Thursday,June,Clear,25.49000000000001,0.0,0,5924
2016-06-16 18:00:00,18,Thursday,June,Clear,25.960000000000036,0.0,0,4870
2016-06-17 01:00:00,1,Friday,June,Clear,17.900000000000034,0.0,0,531
2016-06-17 02:00:00,2,Friday,June,Clear,17.930000000000007,0.0,0,407
2016-06-17 04:00:00,4,Friday,June,Clear,17.650000000000034,0.0,0,878
2016-06-17 05:00:00,5,Friday,June,Clear,17.610000000000014,0.0,0,2974
2016-06-17 08:00:00,8,Friday,June,Clear,20.79000000000002,0.0,0,5717
2016-06-17 10:00:00,10,Friday,June,Clear,24.430000000000007,0.0,0,5170
2016-06-17 13:00:00,13,Friday,June,Clear,28.870000000000005,0.0,0,5487
2016-06-17 14:00:00,14,Friday,June,Clear,29.590000000000032,0.0,0,5911
2016-06-17 16:00:00,16,Friday,June,Clear,27.54000000000002,0.0,0,5954
2016-06-17 18:00:00,18,Friday,June,Clear,23.230000000000018,0.0,0,4865
2016-06-17 20:00:00,20,Friday,June,Clear,22.680000000000007,0.0,0,3246
2016-06-17 21:00:00,21,Friday,June,Clouds,23.04000000000002,0.0,12,3014
2016-06-17 23:00:00,23,Friday,June,Clouds,21.83000000000004,0.0,12,1990
2016-06-18 00:00:00,0,Saturday,June,Clouds,21.379999999999995,0.0,20,1658
2016-06-18 01:00:00,1,Saturday,June,Clouds,20.610000000000014,0.0,20,951
2016-06-18 03:00:00,3,Saturday,June,Clouds,18.850000000000023,0.0,20,606
2016-06-18 07:00:00,7,Saturday,June,Clouds,18.670000000000016,0.0,56,2867
2016-06-18 12:00:00,12,Saturday,June,Rain,25.210000000000036,0.0,92,5500
2016-06-18 17:00:00,17,Saturday,June,Clouds,29.860000000000014,0.0,32,4621
2016-06-18 19:00:00,19,Saturday,June,Clouds,28.82000000000005,0.0,12,3959
2016-06-18 21:00:00,21,Saturday,June,Clouds,26.150000000000034,0.0,20,3588
2016-06-19 05:00:00,5,Sunday,June,Clouds,20.900000000000034,0.0,12,782
2016-06-19 08:00:00,8,Sunday,June,Clear,22.650000000000034,0.0,0,2402
2016-06-19 09:00:00,9,Sunday,June,Clear,25.980000000000018,0.0,0,3497
2016-06-19 16:00:00,16,Sunday,June,Clouds,32.18000000000001,0.0,20,5217
2016-06-19 21:00:00,21,Sunday,June,Clouds,29.510000000000048,0.0,80,2677
2016-06-19 23:00:00,23,Sunday,June,Clouds,26.03000000000003,0.0,80,1279
2016-06-20 03:00:00,3,Monday,June,Clear,20.29000000000002,0.0,0,374
2016-06-20 09:00:00,9,Monday,June,Clear,20.610000000000014,0.0,0,4936
2016-06-20 11:00:00,11,Monday,June,Clear,23.129999999999995,0.0,0,4972
2016-06-20 14:00:00,14,Monday,June,Clear,24.939999999999998,0.0,0,5162
2016-06-20 18:00:00,18,Monday,June,Clouds,23.29000000000002,0.0,36,4475
2016-06-20 21:00:00,21,Monday,June,Clear,19.54000000000002,0.0,0,2639
2016-06-21 03:00:00,3,Tuesday,June,Clear,13.390000000000043,0.0,0,364
2016-06-21 05:00:00,5,Tuesday,June,Clear,12.330000000000041,0.0,0,3097
2016-06-21 09:00:00,9,Tuesday,June,Clear,20.920000000000016,0.0,0,5342
2016-06-21 11:00:00,11,Tuesday,June,Clear,23.970000000000027,0.0,0,4747
2016-06-21 16:00:00,16,Tuesday,June,Clear,27.340000000000032,0.0,0,6455
2016-06-21 18:00:00,18,Tuesday,June,Clouds,26.460000000000036,0.0,12,4732
2016-06-21 19:00:00,19,Tuesday,June,Clouds,25.950000000000045,0.0,12,3572
2016-06-21 23:00:00,23,Tuesday,June,Clouds,18.83000000000004,0.0,76,1239
2016-06-22 05:00:00,5,Wednesday,June,Clouds,18.07000000000005,0.0,92,3152
2016-06-22 15:00:00,15,Wednesday,June,Clouds,29.510000000000048,0.0,36,5797
2016-06-22 17:00:00,17,Wednesday,June,Clouds,27.930000000000007,0.0,36,6222
2016-06-23 01:00:00,1,Thursday,June,Rain,15.640000000000043,0.0,12,646
2016-06-23 03:00:00,3,Thursday,June,Rain,13.430000000000007,0.6,80,425
2016-06-23 05:00:00,5,Thursday,June,Clouds,13.5,0.0,80,3133
2016-06-23 09:00:00,9,Thursday,June,Clouds,15.230000000000018,0.0,88,5164
2016-06-23 11:00:00,11,Thursday,June,Rain,19.379999999999995,0.0,80,5346
2016-06-23 15:00:00,15,Thursday,June,Clouds,24.350000000000023,0.0,48,5795
2016-06-23 17:00:00,17,Thursday,June,Clouds,25.390000000000043,0.0,48,6320
2016-06-23 18:00:00,18,Thursday,June,Clouds,25.04000000000002,0.0,48,4804
2016-06-23 19:00:00,19,Thursday,June,Clouds,24.120000000000005,0.0,48,3575
2016-06-23 22:00:00,22,Thursday,June,Clouds,18.310000000000002,0.0,56,2689
2016-06-24 00:00:00,0,Friday,June,Clear,16.5,0.0,8,1028
2016-06-24 04:00:00,4,Friday,June,Clear,14.220000000000027,0.0,0,1005
2016-06-24 05:00:00,5,Friday,June,Clear,14.020000000000039,0.0,0,3026
2016-06-24 11:00:00,11,Friday,June,Clouds,22.33000000000004,0.0,75,4874
2016-06-24 19:00:00,19,Friday,June,Clouds,26.850000000000023,0.0,20,3775
2016-06-24 23:00:00,23,Friday,June,Clouds,22.82000000000005,0.0,20,2525
2016-06-25 00:00:00,0,Saturday,June,Clouds,22.870000000000005,0.0,75,1869
2016-06-25 06:00:00,6,Saturday,June,Clouds,22.470000000000027,0.0,20,1595
2016-06-25 08:00:00,8,Saturday,June,Clear,24.689999999999998,0.0,1,2806
2016-06-25 11:00:00,11,Saturday,June,Clouds,29.78000000000003,0.0,20,4257
2016-06-25 12:00:00,12,Saturday,June,Clouds,30.54000000000002,0.0,75,4544
2016-06-25 21:00:00,21,Saturday,June,Clouds,26.05000000000001,0.0,75,3038
2016-06-26 00:00:00,0,Sunday,June,Clear,22.78000000000003,0.0,1,1658
2016-06-26 01:00:00,1,Sunday,June,Clear,21.24000000000001,0.0,1,1277
2016-06-26 07:00:00,7,Sunday,June,Clouds,19.30000000000001,0.0,40,1241
2016-06-26 08:00:00,8,Sunday,June,Clouds,21.57000000000005,0.0,20,2078
2016-06-26 09:00:00,9,Sunday,June,Clouds,23.010000000000048,0.0,20,3101
2016-06-26 16:00:00,16,Sunday,June,Clouds,29.629999999999995,0.0,20,4359
2016-06-26 18:00:00,18,Sunday,June,Clouds,29.54000000000002,0.0,20,3717
2016-06-27 05:00:00,5,Monday,June,Clouds,17.58000000000004,0.0,20,2849
2016-06-27 06:00:00,6,Monday,June,Clouds,16.950000000000045,0.0,20,5176
2016-06-27 08:00:00,8,Monday,June,Clouds,17.77000000000004,0.0,75,5332
2016-06-27 09:00:00,9,Monday,June,Clouds,18.150000000000034,0.0,40,4426
2016-06-27 17:00:00,17,Monday,June,Clouds,22.340000000000032,0.0,75,5347
2016-06-27 21:00:00,21,Monday,June,Rain,19.430000000000007,0.6,20,2400
2016-06-28 02:00:00,2,Tuesday,June,Clouds,16.689999999999998,0.0,90,316
2016-06-28 06:00:00,6,Tuesday,June,Clear,12.830000000000041,0.0,1,5264
2016-06-28 17:00:00,17,Tuesday,June,Clouds,23.129999999999995,0.0,40,5735
2016-06-29 01:00:00,1,Wednesday,June,Clear,14.120000000000005,0.0,1,428
2016-06-29 05:00:00,5,Wednesday,June,Mist,12.330000000000041,0.0,1,2970
2016-06-29 06:00:00,6,Wednesday,June,Clouds,12.600000000000023,0.0,20,5343
2016-06-29 15:00:00,15,Wednesday,June,Clouds,25.430000000000007,0.0,40,5212
2016-06-29 21:00:00,21,Wednesday,June,Clear,21.78000000000003,0.0,1,2631
2016-06-29 22:00:00,22,Wednesday,June,Clear,18.689999999999998,0.0,1,1926
2016-06-30 01:00:00,1,Thursday,June,Clear,16.450000000000045,0.0,1,446
2016-06-30 02:00:00,2,Thursday,June,Clouds,16.150000000000034,0.0,20,313
2016-06-30 07:00:00,7,Thursday,June,Thunderstorm,17.629999999999995,0.0,90,5836
2016-06-30 12:00:00,12,Thursday,June,Rain,19.100000000000023,1.02,90,4125
2016-06-30 16:00:00,16,Thursday,June,Rain,24.450000000000045,0.25,40,5855
2016-06-30 23:00:00,23,Thursday,June,Clouds,16.920000000000016,0.0,20,1473
2016-07-01 00:00:00,0,Friday,July,Clear,15.890000000000043,0.0,1,825
2016-07-01 01:00:00,1,Friday,July,Clear,15.010000000000048,0.0,1,531
2016-07-01 05:00:00,5,Friday,July,Clouds,10.82000000000005,0.0,20,2532
2016-07-01 08:00:00,8,Friday,July,Clouds,13.360000000000014,0.0,20,4281
2016-07-01 12:00:00,12,Friday,July,Clouds,18.870000000000005,0.0,20,5018
2016-07-01 13:00:00,13,Friday,July,Clear,20.150000000000034,0.0,1,4938
2016-07-01 17:00:00,17,Friday,July,Clouds,22.560000000000002,0.0,40,4307
2016-07-01 21:00:00,21,Friday,July,Clouds,19.090000000000032,0.0,75,2627
2016-07-01 22:00:00,22,Friday,July,Clouds,16.54000000000002,0.0,40,2498
2016-07-02 02:00:00,2,Saturday,July,Clouds,13.25,0.0,75,664
2016-07-02 03:00:00,3,Saturday,July,Clear,12.490000000000009,0.0,1,373
2016-07-02 08:00:00,8,Saturday,July,Clouds,16.52000000000004,0.0,75,2178
2016-07-02 09:00:00,9,Saturday,July,Clouds,19.57000000000005,0.0,20,2952
2016-07-02 12:00:00,12,Saturday,July,Clouds,23.450000000000045,0.0,40,3862
2016-07-02 16:00:00,16,Saturday,July,Clouds,25.30000000000001,0.0,40,3261
2016-07-02 21:00:00,21,Saturday,July,Clouds,21.30000000000001,0.0,20,2495
2016-07-02 22:00:00,22,Saturday,July,Clouds,18.939999999999998,0.0,20,2370
2016-07-03 00:00:00,0,Sunday,July,Clear,17.0,0.0,1,1133
2016-07-03 01:00:00,1,Sunday,July,Clear,16.30000000000001,0.0,1,929
2016-07-03 06:00:00,6,Sunday,July,Mist,14.29000000000002,0.0,20,1095
2016-07-03 07:00:00,7,Sunday,July,Mist,16.08000000000004,0.0,40,1166
2016-07-03 11:00:00,11,Sunday,July,Clouds,23.29000000000002,0.0,75,3166
2016-07-03 13:00:00,13,Sunday,July,Clouds,24.82000000000005,0.0,40,3415
2016-07-03 18:00:00,18,Sunday,July,Clouds,25.920000000000016,0.0,20,3041
2016-07-03 19:00:00,19,Sunday,July,Clouds,24.920000000000016,0.0,20,2718
2016-07-03 20:00:00,20,Sunday,July,Clear,23.980000000000018,0.0,1,2563
2016-07-03 22:00:00,22,Sunday,July,Clouds,19.83000000000004,0.0,20,2252
2016-07-03 23:00:00,23,Sunday,July,Clouds,18.310000000000002,0.0,20,1985
2016-07-04 07:00:00,7,Monday,July,Clouds,16.410000000000025,0.0,20,798
2016-07-04 08:00:00,8,Monday,July,Clouds,19.189999999999998,0.0,20,1060
2016-07-04 10:00:00,10,Monday,July,Clouds,22.170000000000016,0.0,90,1949
2016-07-04 15:00:00,15,Monday,July,Clouds,25.220000000000027,0.0,75,3252
2016-07-04 23:00:00,23,Monday,July,Clouds,21.350000000000023,0.0,40,1980
2016-07-05 07:00:00,7,Tuesday,July,Rain,20.439999999999998,0.0,20,5115
2016-07-05 10:00:00,10,Tuesday,July,Clouds,24.660000000000025,0.0,75,3465
2016-07-05 16:00:00,16,Tuesday,July,Rain,29.840000000000032,0.0,75,5494
2016-07-05 19:00:00,19,Tuesday,July,Rain,21.760000000000048,7.62,90,2821
2016-07-05 22:00:00,22,Tuesday,July,Rain,19.5,0.0,90,2459
2016-07-06 03:00:00,3,Wednesday,July,Mist,17.379999999999995,0.0,40,341
2016-07-06 04:00:00,4,Wednesday,July,Mist,17.450000000000045,0.0,40,816
2016-07-06 11:00:00,11,Wednesday,July,Clouds,24.920000000000016,0.0,75,4116
2016-07-06 12:00:00,12,Wednesday,July,Clouds,26.220000000000027,0.0,40,4180
2016-07-06 14:00:00,14,Wednesday,July,Clouds,28.02000000000004,0.0,40,4455
2016-07-06 21:00:00,21,Wednesday,July,Clouds,24.07000000000005,0.0,20,2776
2016-07-07 16:00:00,16,Thursday,July,Clouds,26.680000000000007,0.0,75,6080
2016-07-07 22:00:00,22,Thursday,July,Thunderstorm,20.870000000000005,0.0,75,1906
2016-07-07 23:00:00,23,Thursday,July,Rain,20.650000000000034,0.0,75,1242
2016-07-08 02:00:00,2,Friday,July,Clouds,19.200000000000045,0.0,20,305
2016-07-08 05:00:00,5,Friday,July,Rain,18.010000000000048,0.0,75,2695
2016-07-08 06:00:00,6,Friday,July,Rain,17.939999999999998,0.25,75,4519
2016-07-08 10:00:00,10,Friday,July,Clouds,20.090000000000032,0.0,75,4408
2016-07-08 13:00:00,13,Friday,July,Clouds,22.27000000000004,0.0,75,4593
2016-07-09 00:00:00,0,Saturday,July,Clear,18.090000000000032,0.0,1,1376
2016-07-09 07:00:00,7,Saturday,July,Mist,16.629999999999995,0.0,1,1887
2016-07-09 20:00:00,20,Saturday,July,Clouds,25.04000000000002,0.0,40,97
2016-07-10 06:00:00,6,Sunday,July,Rain,18.640000000000043,5.46,90,1481
2016-07-10 12:00:00,12,Sunday,July,Clouds,23.57000000000005,0.0,90,3858
2016-07-10 14:00:00,14,Sunday,July,Clouds,25.730000000000018,0.0,90,3840
2016-07-10 16:00:00,16,Sunday,July,Clouds,26.379999999999995,0.0,75,3869
2016-07-10 17:00:00,17,Sunday,July,Clouds,26.82000000000005,0.0,75,4093
2016-07-10 18:00:00,18,Sunday,July,Clouds,26.710000000000036,0.0,75,3736
2016-07-10 20:00:00,20,Sunday,July,Rain,25.120000000000005,0.25,90,2603
2016-07-11 05:00:00,5,Monday,July,Clouds,22.220000000000027,0.0,75,2780
2016-07-11 11:00:00,11,Monday,July,Thunderstorm,23.30000000000001,0.0,90,3998
2016-07-11 13:00:00,13,Monday,July,Thunderstorm,26.0,0.0,75,4475
2016-07-11 14:00:00,14,Monday,July,Clouds,27.03000000000003,0.0,90,4456
2016-07-11 15:00:00,15,Monday,July,Thunderstorm,27.660000000000025,0.0,75,4858
2016-07-12 01:00:00,1,Tuesday,July,Rain,23.210000000000036,2.1,75,379
2016-07-12 18:00:00,18,Tuesday,July,Clear,28.230000000000018,0.0,1,4051
2016-07-12 21:00:00,21,Tuesday,July,Clear,24.74000000000001,0.0,1,2802
2016-07-12 22:00:00,22,Tuesday,July,Clear,23.28000000000003,0.0,1,2147
2016-07-13 03:00:00,3,Wednesday,July,Clear,21.939999999999998,0.0,1,357
2016-07-13 04:00:00,4,Wednesday,July,Clear,21.560000000000002,0.0,1,855
2016-07-13 06:00:00,6,Wednesday,July,Clouds,21.100000000000023,0.0,20,5402
2016-07-13 16:00:00,16,Wednesday,July,Clouds,27.629999999999995,0.0,40,5870
2016-07-13 23:00:00,23,Wednesday,July,Clear,22.629999999999995,0.0,0,1209
2016-07-14 04:00:00,4,Thursday,July,Clouds,18.656000000000006,0.0,36,834
2016-07-14 06:00:00,6,Thursday,July,Clouds,18.80200000000002,0.0,44,5394
2016-07-14 10:00:00,10,Thursday,July,Clouds,20.168000000000006,0.0,92,4134
2016-07-14 16:00:00,16,Thursday,July,Clouds,22.104000000000042,0.0,68,5854
2016-07-14 17:00:00,17,Thursday,July,Clouds,22.104000000000042,0.0,68,5568
2016-07-14 23:00:00,23,Thursday,July,Clouds,18.46900000000005,0.0,92,1215
2016-07-15 00:00:00,0,Friday,July,Rain,16.54000000000002,0.0,80,691
2016-07-15 04:00:00,4,Friday,July,Rain,15.199000000000012,0.0,92,773
2016-07-15 07:00:00,7,Friday,July,Clouds,15.344000000000051,0.0,92,5812
2016-07-15 10:00:00,10,Friday,July,Clouds,16.722000000000037,0.0,92,4524
2016-07-15 11:00:00,11,Friday,July,Clouds,16.722000000000037,0.0,92,4908
2016-07-15 12:00:00,12,Friday,July,Rain,18.095000000000027,0.0,88,4924
2016-07-15 13:00:00,13,Friday,July,Rain,18.095000000000027,0.0,88,4757
2016-07-16 05:00:00,5,Saturday,July,Clear,11.987000000000023,0.0,0,789
2016-07-16 07:00:00,7,Saturday,July,Clear,13.382000000000005,0.0,0,1879
2016-07-16 08:00:00,8,Saturday,July,Clear,13.382000000000005,0.0,0,2606
2016-07-16 14:00:00,14,Saturday,July,Clouds,23.714000000000112,0.0,64,4264
2016-07-16 18:00:00,18,Saturday,July,Clouds,23.34400000000005,0.0,68,3866
2016-07-16 23:00:00,23,Saturday,July,Rain,21.15100000000001,0.0,92,1854
2016-07-17 04:00:00,4,Sunday,July,Clouds,19.971000000000004,0.0,64,292
2016-07-17 06:00:00,6,Sunday,July,Clouds,20.971000000000004,0.0,88,790
2016-07-17 08:00:00,8,Sunday,July,Clouds,20.971000000000004,0.0,88,1669
2016-07-17 11:00:00,11,Sunday,July,Rain,22.059000000000026,0.0,92,3683
2016-07-17 13:00:00,13,Sunday,July,Rain,21.44500000000005,0.0,36,4135
2016-07-17 16:00:00,16,Sunday,July,Clear,24.701000000000022,0.0,0,3717
2016-07-17 22:00:00,22,Sunday,July,Clear,18.850000000000023,0.0,0,2054
2016-07-18 03:00:00,3,Monday,July,Clouds,14.869000000000028,0.0,56,351
2016-07-18 04:00:00,4,Monday,July,Clouds,14.869000000000028,0.0,56,850
2016-07-18 07:00:00,7,Monday,July,Clouds,16.708000000000027,0.0,92,5881
2016-07-18 09:00:00,9,Monday,July,Clouds,20.525000000000034,0.0,92,4200
2016-07-18 10:00:00,10,Monday,July,Clouds,20.525000000000034,0.0,92,3827
2016-07-18 16:00:00,16,Monday,July,Clear,24.884000000000015,0.0,0,5799
2016-07-18 17:00:00,17,Monday,July,Clear,24.884000000000015,0.0,0,5358
2016-07-18 21:00:00,21,Monday,July,Clear,24.738,0.0,0,2435
2016-07-19 12:00:00,12,Tuesday,July,Clear,24.738,0.0,0,4141
2016-07-19 23:00:00,23,Tuesday,July,Clear,24.738,0.0,0,1181
2016-07-20 00:00:00,0,Wednesday,July,Clear,24.738,0.0,0,588
2016-07-20 01:00:00,1,Wednesday,July,Clear,24.738,0.0,0,389
2016-07-20 07:00:00,7,Wednesday,July,Clear,24.738,0.0,0,6074
2016-07-20 13:00:00,13,Wednesday,July,Clear,31.548000000000002,0.0,0,4483
2016-07-20 14:00:00,14,Wednesday,July,Clear,31.548000000000002,0.0,0,4803
2016-07-21 00:00:00,0,Thursday,July,Clouds,29.124000000000024,0.0,20,603
2016-07-21 03:00:00,3,Thursday,July,Clouds,27.04000000000002,0.0,20,386
2016-07-21 09:00:00,9,Thursday,July,Clouds,24.100000000000023,0.0,75,4544
2016-07-21 10:00:00,10,Thursday,July,Clouds,26.07000000000005,0.0,75,4189
2016-07-21 13:00:00,13,Thursday,July,Clouds,30.420000000000016,0.0,40,4606
2016-07-22 06:00:00,6,Friday,July,Mist,19.980000000000018,0.0,1,4864
2016-07-22 08:00:00,8,Friday,July,Clouds,23.390000000000043,0.0,20,4598
2016-07-22 11:00:00,11,Friday,July,Clear,30.29000000000002,0.0,1,4157
2016-07-22 12:00:00,12,Friday,July,Clear,31.600000000000023,0.0,1,4241
2016-07-22 22:00:00,22,Friday,July,Clear,24.57000000000005,0.0,1,64
2016-07-22 23:00:00,23,Friday,July,Clear,23.620000000000005,0.0,1,10
2016-07-23 04:00:00,4,Saturday,July,Clear,21.04000000000002,0.0,1,7
2016-07-23 06:00:00,6,Saturday,July,Clouds,21.33000000000004,0.0,75,1350
2016-07-23 07:00:00,7,Saturday,July,Clouds,22.810000000000002,0.0,75,1868
2016-07-23 09:00:00,9,Saturday,July,Clouds,25.960000000000036,0.0,75,15
2016-07-23 10:00:00,10,Saturday,July,Thunderstorm,25.970000000000027,0.0,75,3
2016-07-23 11:00:00,11,Saturday,July,Rain,23.950000000000045,11.23,75,24
2016-07-23 13:00:00,13,Saturday,July,Rain,22.27000000000004,13.46,90,10
2016-07-23 14:00:00,14,Saturday,July,Rain,22.310000000000002,0.25,90,2
2016-07-23 17:00:00,17,Saturday,July,Rain,22.390000000000043,0.51,90,5
2016-07-23 18:00:00,18,Saturday,July,Rain,23.53000000000003,0.0,40,0
2016-07-23 22:00:00,22,Saturday,July,Clouds,22.810000000000002,0.0,75,1
2016-07-23 23:00:00,23,Saturday,July,Haze,22.75,0.0,90,0
2016-07-24 00:00:00,0,Sunday,July,Clouds,22.810000000000002,0.0,40,6
2016-07-24 01:00:00,1,Sunday,July,Clouds,22.950000000000045,0.0,90,8
2016-07-24 02:00:00,2,Sunday,July,Thunderstorm,23.350000000000023,0.0,90,5
2016-07-24 17:00:00,17,Sunday,July,Clouds,27.52000000000004,0.0,40,1279
2016-07-24 21:00:00,21,Sunday,July,Clouds,23.510000000000048,0.0,20,2147
2016-07-25 04:00:00,4,Monday,July,Clear,17.870000000000005,0.0,1,827
2016-07-25 05:00:00,5,Monday,July,Clear,17.689999999999998,0.0,1,2706
2016-07-25 07:00:00,7,Monday,July,Clear,18.110000000000014,0.0,1,5779
2016-07-25 15:00:00,15,Monday,July,Clouds,29.05000000000001,0.0,20,4770
2016-07-25 21:00:00,21,Monday,July,Clear,24.28000000000003,0.0,1,2628
2016-07-26 08:00:00,8,Tuesday,July,Clouds,22.510000000000048,0.0,20,5392
2016-07-26 18:00:00,18,Tuesday,July,Clouds,30.03000000000003,0.0,75,4259
2016-07-26 21:00:00,21,Tuesday,July,Clouds,25.689999999999998,0.0,75,2636
2016-07-26 22:00:00,22,Tuesday,July,Clouds,24.54000000000002,0.0,75,1908
2016-07-27 05:00:00,5,Wednesday,July,Rain,22.99000000000001,0.0,90,3061
2016-07-27 07:00:00,7,Wednesday,July,Clouds,22.340000000000032,0.0,90,6226
2016-07-27 08:00:00,8,Wednesday,July,Clouds,22.629999999999995,0.0,90,5441
2016-07-27 11:00:00,11,Wednesday,July,Clouds,25.180000000000007,0.0,90,4316
2016-07-27 20:00:00,20,Wednesday,July,Clouds,21.24000000000001,0.0,75,2456
2016-07-27 23:00:00,23,Wednesday,July,Rain,19.600000000000023,0.0,90,1065
2016-07-28 18:00:00,18,Thursday,July,Clouds,23.120000000000005,0.0,75,4179
2016-07-28 19:00:00,19,Thursday,July,Clouds,22.80000000000001,0.0,90,3209
2016-07-29 00:00:00,0,Friday,July,Clouds,17.78000000000003,0.0,20,716
2016-07-29 07:00:00,7,Friday,July,Clouds,15.160000000000025,0.0,75,5546
2016-07-29 12:00:00,12,Friday,July,Clouds,22.939999999999998,0.0,20,2953
2016-07-29 18:00:00,18,Friday,July,Clouds,24.689999999999998,0.0,20,4239
2016-07-29 19:00:00,19,Friday,July,Clouds,24.160000000000025,0.0,20,3526
2016-07-30 13:00:00,13,Saturday,July,Clouds,25.439999999999998,0.0,40,3932
2016-07-30 14:00:00,14,Saturday,July,Clouds,26.260000000000048,0.0,40,3993
2016-07-30 20:00:00,20,Saturday,July,Clouds,23.900000000000034,0.0,40,2838
2016-07-31 04:00:00,4,Sunday,July,Rain,18.870000000000005,0.0,40,196
2016-07-31 09:00:00,9,Sunday,July,Clouds,21.960000000000036,0.0,75,1316
2016-07-31 11:00:00,11,Sunday,July,Clouds,24.850000000000023,0.0,75,1825
2016-07-31 17:00:00,17,Sunday,July,Clouds,27.629999999999995,0.0,75,4093
2016-07-31 18:00:00,18,Sunday,July,Clouds,27.33000000000004,0.0,75,3553
2016-08-01 02:00:00,2,Monday,August,Clouds,21.680000000000007,0.0,40,296
2016-08-01 03:00:00,3,Monday,August,Rain,21.090000000000032,0.3,75,394
2016-08-01 13:00:00,13,Monday,August,Clouds,27.650000000000034,0.0,75,4366
2016-08-01 18:00:00,18,Monday,August,Clouds,27.5,0.0,75,4000
2016-08-01 21:00:00,21,Monday,August,Clouds,25.02000000000004,0.0,40,2388
2016-08-01 22:00:00,22,Monday,August,Clouds,23.99000000000001,0.0,40,1898
2016-08-01 23:00:00,23,Monday,August,Clouds,23.629999999999995,0.0,75,1184
2016-08-02 06:00:00,6,Tuesday,August,Clouds,22.100000000000023,0.0,90,5344
2016-08-02 08:00:00,8,Tuesday,August,Clouds,23.150000000000034,0.0,75,5462
2016-08-02 15:00:00,15,Tuesday,August,Clouds,30.170000000000016,0.0,40,5261
2016-08-02 17:00:00,17,Tuesday,August,Clouds,30.220000000000027,0.0,40,5720
2016-08-02 20:00:00,20,Tuesday,August,Clouds,27.670000000000016,0.0,20,2698
2016-08-03 06:00:00,6,Wednesday,August,Fog,20.350000000000023,0.0,20,5194
2016-08-03 07:00:00,7,Wednesday,August,Fog,20.960000000000036,0.0,75,5897
2016-08-03 10:00:00,10,Wednesday,August,Clouds,26.83000000000004,0.0,20,4120
2016-08-03 14:00:00,14,Wednesday,August,Clouds,31.0,0.0,24,4382
2016-08-03 17:00:00,17,Wednesday,August,Clear,30.870000000000005,0.0,0,5818
2016-08-03 21:00:00,21,Wednesday,August,Clear,26.02000000000004,0.0,0,2360
2016-08-04 02:00:00,2,Thursday,August,Clouds,24.180000000000007,0.0,32,492
2016-08-04 03:00:00,3,Thursday,August,Clear,24.220000000000027,0.0,0,470
2016-08-04 06:00:00,6,Thursday,August,Clouds,23.80000000000001,0.0,32,4912
2016-08-04 07:00:00,7,Thursday,August,Rain,21.77000000000004,16.51,32,5724
2016-08-04 13:00:00,13,Thursday,August,Rain,25.470000000000027,0.0,56,4835
2016-08-04 17:00:00,17,Thursday,August,Rain,27.33000000000004,0.0,32,5308
2016-08-04 19:00:00,19,Thursday,August,Clear,24.55000000000001,0.0,0,3089
2016-08-04 20:00:00,20,Thursday,August,Clear,22.850000000000023,0.0,0,3103
2016-08-04 23:00:00,23,Thursday,August,Clear,18.99000000000001,0.0,0,1424
2016-08-05 00:00:00,0,Friday,August,Clear,18.930000000000007,0.0,0,1022
2016-08-05 08:00:00,8,Friday,August,Clear,17.900000000000034,0.0,0,5069
2016-08-05 12:00:00,12,Friday,August,Clear,23.32000000000005,0.0,0,5011
2016-08-05 15:00:00,15,Friday,August,Clear,24.620000000000005,0.0,8,5382
2016-08-05 17:00:00,17,Friday,August,Clear,24.220000000000027,0.0,8,4947
2016-08-05 22:00:00,22,Friday,August,Clear,17.879999999999995,0.0,0,3274
2016-08-05 23:00:00,23,Friday,August,Clear,16.879999999999995,0.0,0,2497
2016-08-06 06:00:00,6,Saturday,August,Clear,13.990000000000009,0.0,0,1885
2016-08-06 07:00:00,7,Saturday,August,Clear,15.04000000000002,0.0,0,2409
2016-08-06 15:00:00,15,Saturday,August,Clear,26.650000000000034,0.0,0,4850
2016-08-06 21:00:00,21,Saturday,August,Clear,19.78000000000003,0.0,0,3225
2016-08-07 02:00:00,2,Sunday,August,Clear,15.870000000000005,0.0,0,814
2016-08-07 03:00:00,3,Sunday,August,Clouds,15.420000000000016,0.0,12,561
2016-08-07 08:00:00,8,Sunday,August,Clouds,16.760000000000048,0.0,24,2028
2016-08-07 12:00:00,12,Sunday,August,Clouds,25.670000000000016,0.0,36,4984
2016-08-07 15:00:00,15,Sunday,August,Clouds,28.340000000000032,0.0,56,4673
2016-08-07 17:00:00,17,Sunday,August,Clouds,27.53000000000003,0.0,56,4593
2016-08-07 18:00:00,18,Sunday,August,Clear,26.77000000000004,0.0,0,4350
2016-08-07 20:00:00,20,Sunday,August,Clear,22.840000000000032,0.0,0,3353
2016-08-08 04:00:00,4,Monday,August,Clear,16.79000000000002,0.0,0,966
2016-08-08 05:00:00,5,Monday,August,Clear,16.460000000000036,0.0,0,2812
2016-08-08 16:00:00,16,Monday,August,Clear,27.220000000000027,0.0,8,5828
2016-08-09 07:00:00,7,Tuesday,August,Clouds,22.439999999999998,0.0,64,6148
2016-08-09 17:00:00,17,Tuesday,August,Clear,31.625,0.0,8,5617
2016-08-09 19:00:00,19,Tuesday,August,Clear,31.249000000000024,0.0,0,3032
2016-08-09 20:00:00,20,Tuesday,August,Clear,31.249000000000024,0.0,0,2639
2016-08-10 00:00:00,0,Wednesday,August,Clear,24.160000000000025,0.0,0,811
2016-08-10 01:00:00,1,Wednesday,August,Clear,23.890000000000043,0.0,0,534
2016-08-10 02:00:00,2,Wednesday,August,Clear,23.680000000000007,0.0,0,443
2016-08-10 04:00:00,4,Wednesday,August,Clouds,23.28000000000003,0.0,36,1045
2016-08-10 06:00:00,6,Wednesday,August,Clear,22.430000000000007,0.0,0,5218
2016-08-10 10:00:00,10,Wednesday,August,Clear,25.30000000000001,0.0,0,4119
2016-08-10 11:00:00,11,Wednesday,August,Clear,27.5,0.0,0,4146
2016-08-10 19:00:00,19,Wednesday,August,Clouds,25.910000000000025,0.0,12,3390
2016-08-10 23:00:00,23,Wednesday,August,Rain,19.970000000000027,5.06,80,1089
2016-08-11 01:00:00,1,Thursday,August,Rain,19.230000000000018,3.3,36,539
2016-08-11 02:00:00,2,Thursday,August,Rain,19.439999999999998,1.95,36,442
2016-08-11 03:00:00,3,Thursday,August,Rain,19.430000000000007,9.0,8,478
2016-08-11 07:00:00,7,Thursday,August,Rain,19.560000000000002,0.25,32,5863
2016-08-11 10:00:00,10,Thursday,August,Rain,21.32000000000005,0.0,76,4369
2016-08-11 11:00:00,11,Thursday,August,Clouds,23.129999999999995,0.0,44,4696
2016-08-11 14:00:00,14,Thursday,August,Clouds,26.140000000000043,0.0,76,5154
2016-08-12 00:00:00,0,Friday,August,Rain,22.07000000000005,0.0,92,874
2016-08-12 05:00:00,5,Friday,August,Clouds,20.620000000000005,0.0,92,2864
2016-08-12 09:00:00,9,Friday,August,Clouds,21.890000000000043,0.0,88,4497
2016-08-12 10:00:00,10,Friday,August,Clouds,22.629999999999995,0.0,88,4222
2016-08-12 15:00:00,15,Friday,August,Clouds,24.110000000000014,0.0,48,5442
2016-08-12 20:00:00,20,Friday,August,Rain,20.33000000000004,0.0,68,2620
2016-08-12 22:00:00,22,Friday,August,Rain,19.680000000000007,0.0,0,2451
2016-08-13 00:00:00,0,Saturday,August,Clear,19.010000000000048,0.0,0,1721
2016-08-13 04:00:00,4,Saturday,August,Clear,17.05000000000001,0.0,0,294
2016-08-13 05:00:00,5,Saturday,August,Clear,16.560000000000002,0.0,0,508
2016-08-13 10:00:00,10,Saturday,August,Clear,21.460000000000036,0.0,0,3586
2016-08-13 11:00:00,11,Saturday,August,Clear,23.560000000000002,0.0,8,4009
2016-08-13 19:00:00,19,Saturday,August,Clear,23.450000000000045,0.0,8,3782
2016-08-14 02:00:00,2,Sunday,August,Clouds,16.99000000000001,0.0,32,692
2016-08-14 06:00:00,6,Sunday,August,Clouds,15.610000000000014,0.0,36,791
2016-08-14 08:00:00,8,Sunday,August,Clear,17.210000000000036,0.0,0,1591
2016-08-14 10:00:00,10,Sunday,August,Clear,21.470000000000027,0.0,0,3046
2016-08-14 13:00:00,13,Sunday,August,Clear,26.33000000000004,0.0,0,3874
2016-08-14 15:00:00,15,Sunday,August,Clear,27.33000000000004,0.0,0,4229
2016-08-14 16:00:00,16,Sunday,August,Clear,27.07000000000005,0.0,0,4282
2016-08-14 20:00:00,20,Sunday,August,Clear,21.79000000000002,0.0,0,3282
2016-08-15 04:00:00,4,Monday,August,Clear,16.33000000000004,0.0,0,859
2016-08-15 05:00:00,5,Monday,August,Clear,16.02000000000004,0.0,0,2739
2016-08-15 09:00:00,9,Monday,August,Clear,20.480000000000018,0.0,0,4322
2016-08-15 15:00:00,15,Monday,August,Clear,27.08000000000004,0.0,8,5014
2016-08-15 16:00:00,16,Monday,August,Clear,25.980000000000018,0.0,8,5982
2016-08-16 05:00:00,5,Tuesday,August,Clouds,18.810000000000002,0.0,32,2908
2016-08-16 08:00:00,8,Tuesday,August,Clouds,20.54000000000002,0.0,48,5373
2016-08-16 13:00:00,13,Tuesday,August,Clear,27.55000000000001,0.0,0,4514
2016-08-16 19:00:00,19,Tuesday,August,Rain,20.930000000000007,3.05,0,2703
2016-08-17 00:00:00,0,Wednesday,August,Clear,17.760000000000048,0.0,0,740
2016-08-17 07:00:00,7,Wednesday,August,Clear,15.629999999999995,0.0,0,5657
2016-08-17 10:00:00,10,Wednesday,August,Rain,21.870000000000005,0.25,0,4154
2016-08-17 11:00:00,11,Wednesday,August,Clear,24.5,0.0,0,4484
2016-08-17 19:00:00,19,Wednesday,August,Clear,26.230000000000018,0.0,8,3091
2016-08-17 20:00:00,20,Wednesday,August,Clear,24.52000000000004,0.0,8,2870
2016-08-17 22:00:00,22,Wednesday,August,Clear,21.090000000000032,0.0,0,1689
2016-08-18 03:00:00,3,Thursday,August,Rain,18.74000000000001,2.79,20,396
2016-08-18 09:00:00,9,Thursday,August,Clear,23.0,0.0,0,4638
2016-08-18 10:00:00,10,Thursday,August,Clear,25.03000000000003,0.0,0,4416
2016-08-18 12:00:00,12,Thursday,August,Clear,26.220000000000027,0.0,0,4767
2016-08-18 16:00:00,16,Thursday,August,Rain,24.04000000000002,0.25,8,6021
2016-08-19 01:00:00,1,Friday,August,Rain,20.78000000000003,0.0,32,617
2016-08-19 02:00:00,2,Friday,August,Rain,20.689999999999998,0.0,32,556
2016-08-19 04:00:00,4,Friday,August,Rain,18.840000000000032,2.2,56,853
2016-08-19 10:00:00,10,Friday,August,Clouds,19.78000000000003,0.0,92,4384
2016-08-19 15:00:00,15,Friday,August,Clouds,23.340000000000032,0.0,80,5631
2016-08-19 22:00:00,22,Friday,August,Rain,17.379999999999995,0.25,92,2407
2016-08-20 08:00:00,8,Saturday,August,Rain,15.330000000000041,1.41,92,2334
2016-08-20 13:00:00,13,Saturday,August,Rain,17.54000000000002,0.25,90,4154
2016-08-20 16:00:00,16,Saturday,August,Rain,17.78000000000003,0.0,75,4489
2016-08-20 17:00:00,17,Saturday,August,Rain,18.49000000000001,2.79,75,4188
2016-08-20 21:00:00,21,Saturday,August,Clear,15.560000000000002,0.0,1,3014
2016-08-20 22:00:00,22,Saturday,August,Clear,15.170000000000016,0.0,1,2602
2016-08-21 01:00:00,1,Sunday,August,Clouds,15.060000000000002,0.0,90,1145
2016-08-21 02:00:00,2,Sunday,August,Clouds,14.879999999999995,0.0,90,681
2016-08-21 03:00:00,3,Sunday,August,Clear,14.220000000000027,0.0,1,493
2016-08-21 05:00:00,5,Sunday,August,Clear,12.980000000000018,0.0,1,606
2016-08-21 07:00:00,7,Sunday,August,Rain,12.360000000000014,0.0,1,1249
2016-08-21 10:00:00,10,Sunday,August,Clear,17.720000000000027,0.0,1,3182
2016-08-21 20:00:00,20,Sunday,August,Clear,18.49000000000001,0.0,1,2952
2016-08-22 00:00:00,0,Monday,August,Clear,15.32000000000005,0.0,1,668
2016-08-22 04:00:00,4,Monday,August,Clear,14.53000000000003,0.0,1,943
2016-08-22 06:00:00,6,Monday,August,Clear,14.32000000000005,0.0,1,5406
2016-08-22 08:00:00,8,Monday,August,Clouds,17.28000000000003,0.0,75,5397
2016-08-22 12:00:00,12,Monday,August,Clear,25.25,0.0,1,4518
2016-08-22 16:00:00,16,Monday,August,Clear,27.57000000000005,0.0,1,5866
2016-08-22 17:00:00,17,Monday,August,Clear,27.49000000000001,0.0,1,5474
2016-08-22 18:00:00,18,Monday,August,Clear,26.860000000000014,0.0,1,3898
2016-08-22 19:00:00,19,Monday,August,Clear,25.99000000000001,0.0,1,2908
2016-08-23 03:00:00,3,Tuesday,August,Rain,20.430000000000007,0.6,1,408
2016-08-23 04:00:00,4,Tuesday,August,Clear,19.960000000000036,0.0,1,914
2016-08-23 13:00:00,13,Tuesday,August,Clear,27.200000000000045,0.0,1,4549
2016-08-23 14:00:00,14,Tuesday,August,Clear,27.760000000000048,0.0,1,5106
2016-08-23 15:00:00,15,Tuesday,August,Clear,27.74000000000001,0.0,1,5670
2016-08-23 19:00:00,19,Tuesday,August,Rain,24.460000000000036,12.7,90,3389
2016-08-24 01:00:00,1,Wednesday,August,Rain,19.710000000000036,0.51,90,337
2016-08-24 02:00:00,2,Wednesday,August,Rain,19.28000000000003,0.0,90,250
2016-08-24 06:00:00,6,Wednesday,August,Mist,19.78000000000003,0.0,90,5407
2016-08-24 10:00:00,10,Wednesday,August,Mist,21.74000000000001,0.0,90,4462
2016-08-24 15:00:00,15,Wednesday,August,Clear,26.230000000000018,0.0,1,5579
2016-08-24 20:00:00,20,Wednesday,August,Clear,20.700000000000045,0.0,1,3030
2016-08-24 23:00:00,23,Wednesday,August,Clear,17.960000000000036,0.0,1,1169
2016-08-25 12:00:00,12,Thursday,August,Clear,21.189999999999998,0.0,1,4866
2016-08-25 15:00:00,15,Thursday,August,Clouds,22.060000000000002,0.0,75,5431
2016-08-25 16:00:00,16,Thursday,August,Clouds,22.0,0.0,75,5933
2016-08-25 19:00:00,19,Thursday,August,Clouds,20.120000000000005,0.0,75,3180
2016-08-25 21:00:00,21,Thursday,August,Clouds,17.210000000000036,0.0,20,2792
2016-08-25 23:00:00,23,Thursday,August,Clear,15.07000000000005,0.0,1,1252
2016-08-26 07:00:00,7,Friday,August,Mist,12.140000000000043,0.0,40,5602
2016-08-26 10:00:00,10,Friday,August,Clouds,18.260000000000048,0.0,75,4736
2016-08-26 12:00:00,12,Friday,August,Clear,21.03000000000003,0.0,1,5304
2016-08-26 16:00:00,16,Friday,August,Clear,22.08000000000004,0.0,1,5876
2016-08-26 18:00:00,18,Friday,August,Clear,21.02000000000004,0.0,1,4310
2016-08-26 21:00:00,21,Friday,August,Clear,17.04000000000002,0.0,1,2603
2016-08-27 00:00:00,0,Saturday,August,Clear,16.77000000000004,0.0,1,1342
2016-08-27 04:00:00,4,Saturday,August,Clear,16.32000000000005,0.0,1,408
2016-08-27 08:00:00,8,Saturday,August,Rain,16.53000000000003,0.3,90,3051
2016-08-27 09:00:00,9,Saturday,August,Rain,17.04000000000002,0.64,90,3693
2016-08-27 13:00:00,13,Saturday,August,Mist,18.24000000000001,0.0,90,4275
2016-08-27 15:00:00,15,Saturday,August,Haze,18.390000000000043,0.0,90,4438
2016-08-28 01:00:00,1,Sunday,August,Mist,15.520000000000039,0.0,1,1050
2016-08-28 04:00:00,4,Sunday,August,Mist,15.760000000000048,0.0,90,383
2016-08-28 08:00:00,8,Sunday,August,Mist,16.200000000000045,0.0,40,2609
2016-08-28 11:00:00,11,Sunday,August,Mist,21.28000000000003,0.0,20,4238
2016-08-28 17:00:00,17,Sunday,August,Clouds,27.980000000000018,0.0,40,3793
2016-08-29 00:00:00,0,Monday,August,Clear,21.910000000000025,0.0,1,628
2016-08-29 02:00:00,2,Monday,August,Clear,21.879999999999995,0.0,1,295
2016-08-29 11:00:00,11,Monday,August,Clear,25.640000000000043,0.0,1,4163
2016-08-29 16:00:00,16,Monday,August,Clear,29.100000000000023,0.0,1,6049
2016-08-29 20:00:00,20,Monday,August,Thunderstorm,25.450000000000045,0.0,1,2465
2016-08-30 08:00:00,8,Tuesday,August,Clouds,19.430000000000007,0.0,75,5806
2016-08-30 15:00:00,15,Tuesday,August,Clouds,24.910000000000025,0.0,75,5583
2016-08-30 16:00:00,16,Tuesday,August,Clear,25.350000000000023,0.0,1,6243
2016-08-30 17:00:00,17,Tuesday,August,Clear,25.480000000000018,0.0,1,5727
2016-08-31 04:00:00,4,Wednesday,August,Mist,13.110000000000014,0.0,1,872
2016-08-31 15:00:00,15,Wednesday,August,Clear,24.850000000000023,0.0,1,4819
2016-08-31 16:00:00,16,Wednesday,August,Clear,25.02000000000004,0.0,1,6170
2016-09-01 09:00:00,9,Thursday,September,Clear,17.670000000000016,0.0,1,4944
2016-09-02 02:00:00,2,Friday,September,Clear,13.939999999999998,0.0,1,336
2016-09-02 10:00:00,10,Friday,September,Clear,18.870000000000005,0.0,1,4735
2016-09-03 07:00:00,7,Saturday,September,Clear,14.920000000000016,0.0,1,2285
2016-09-04 00:00:00,0,Sunday,September,Clear,17.090000000000032,0.0,1,1466
2016-09-04 01:00:00,1,Sunday,September,Clear,16.700000000000045,0.0,1,691
2016-09-04 02:00:00,2,Sunday,September,Clear,16.33000000000004,0.0,1,607
2016-09-04 03:00:00,3,Sunday,September,Clear,15.920000000000016,0.0,1,411
2016-09-04 12:00:00,12,Sunday,September,Clouds,23.129999999999995,0.0,90,4284
2016-09-04 21:00:00,21,Sunday,September,Clear,21.850000000000023,0.0,1,2368
2016-09-05 00:00:00,0,Monday,September,Rain,20.02000000000004,1.52,90,1064
2016-09-05 01:00:00,1,Monday,September,Rain,19.07000000000005,1.4,40,537
2016-09-05 02:00:00,2,Monday,September,Rain,19.24000000000001,0.25,1,369
2016-09-05 03:00:00,3,Monday,September,Thunderstorm,19.79000000000002,0.0,1,250
2016-09-05 05:00:00,5,Monday,September,Rain,18.74000000000001,5.59,90,637
2016-09-05 07:00:00,7,Monday,September,Clouds,18.730000000000018,0.0,90,1327
2016-09-05 19:00:00,19,Monday,September,Rain,23.25,0.0,90,2751
2016-09-05 20:00:00,20,Monday,September,Mist,22.55000000000001,0.0,90,2299
2016-09-06 03:00:00,3,Tuesday,September,Rain,24.230000000000018,1.52,1,310
2016-09-06 07:00:00,7,Tuesday,September,Rain,20.79000000000002,2.39,75,5620
2016-09-06 08:00:00,8,Tuesday,September,Rain,20.75,2.29,75,5267
2016-09-06 11:00:00,11,Tuesday,September,Rain,21.53000000000003,3.27,75,4335
2016-09-06 16:00:00,16,Tuesday,September,Clear,25.100000000000023,0.0,1,6074
2016-09-06 18:00:00,18,Tuesday,September,Rain,24.160000000000025,0.0,75,4044
2016-09-07 01:00:00,1,Wednesday,September,Clouds,21.07000000000005,0.0,40,293
2016-09-07 03:00:00,3,Wednesday,September,Mist,20.29000000000002,0.0,90,315
2016-09-07 15:00:00,15,Wednesday,September,Clouds,22.730000000000018,0.0,40,5186
2016-09-07 21:00:00,21,Wednesday,September,Clouds,21.52000000000004,0.0,75,2056
2016-09-07 22:00:00,22,Wednesday,September,Thunderstorm,21.060000000000002,0.0,1,907
2016-09-08 05:00:00,5,Thursday,September,Clear,18.220000000000027,0.0,1,2842
2016-09-08 07:00:00,7,Thursday,September,Clear,16.100000000000023,0.0,1,5923
2016-09-08 08:00:00,8,Thursday,September,Clear,15.960000000000036,0.0,1,5505
2016-09-08 15:00:00,15,Thursday,September,Clear,23.610000000000014,0.0,1,5342
2016-09-08 16:00:00,16,Thursday,September,Clear,24.210000000000036,0.0,1,6176
2016-09-08 19:00:00,19,Thursday,September,Clear,21.74000000000001,0.0,1,3333
2016-09-08 22:00:00,22,Thursday,September,Clouds,18.04000000000002,0.0,40,2090
2016-09-09 01:00:00,1,Friday,September,Rain,16.54000000000002,0.0,1,413
2016-09-09 02:00:00,2,Friday,September,Thunderstorm,16.57000000000005,0.0,75,277
2016-09-09 06:00:00,6,Friday,September,Rain,16.730000000000018,0.43,90,5411
2016-09-09 10:00:00,10,Friday,September,Clouds,18.74000000000001,0.0,40,4700
2016-09-09 11:00:00,11,Friday,September,Rain,18.950000000000045,0.25,40,4722
2016-09-09 13:00:00,13,Friday,September,Clear,22.05000000000001,0.0,1,4575
2016-09-10 01:00:00,1,Saturday,September,Rain,16.310000000000002,0.0,40,986
2016-09-10 04:00:00,4,Saturday,September,Clear,14.680000000000007,0.0,1,708
2016-09-10 07:00:00,7,Saturday,September,Clear,13.720000000000027,0.0,1,2859
2016-09-10 09:00:00,9,Saturday,September,Clear,15.980000000000018,0.0,1,4477
2016-09-10 11:00:00,11,Saturday,September,Clear,18.450000000000045,0.0,1,4575
2016-09-11 00:00:00,0,Sunday,September,Clear,12.610000000000014,0.0,1,1909
2016-09-11 14:00:00,14,Sunday,September,Clear,25.470000000000027,0.0,1,4106
2016-09-12 01:00:00,1,Monday,September,Clear,17.660000000000025,0.0,1,307
2016-09-12 09:00:00,9,Monday,September,Clear,18.850000000000023,0.0,1,4380
2016-09-12 11:00:00,11,Monday,September,Clear,23.33000000000004,0.0,1,4212
2016-09-12 15:00:00,15,Monday,September,Clouds,25.08000000000004,0.0,90,5187
2016-09-12 16:00:00,16,Monday,September,Clouds,23.640000000000043,0.0,90,6263
2016-09-12 17:00:00,17,Monday,September,Thunderstorm,22.420000000000016,0.0,90,4828
2016-09-12 21:00:00,21,Monday,September,Clear,19.460000000000036,0.0,1,2025
2016-09-13 04:00:00,4,Tuesday,September,Clouds,14.800000000000011,0.0,40,842
2016-09-13 06:00:00,6,Tuesday,September,Clear,12.330000000000041,0.0,1,5605
2016-09-13 07:00:00,7,Tuesday,September,Clear,12.010000000000048,0.0,1,6057
2016-09-13 08:00:00,8,Tuesday,September,Clear,12.470000000000027,0.0,1,5628
2016-09-13 15:00:00,15,Tuesday,September,Clouds,17.950000000000045,0.0,75,5467
2016-09-13 17:00:00,17,Tuesday,September,Clear,17.110000000000014,0.0,1,6013
2016-09-13 19:00:00,19,Tuesday,September,Haze,15.350000000000023,0.0,1,3138
2016-09-14 01:00:00,1,Wednesday,September,Clear,11.800000000000011,0.0,1,343
2016-09-14 06:00:00,6,Wednesday,September,Clear,7.670000000000016,0.0,1,5493
2016-09-14 07:00:00,7,Wednesday,September,Clear,7.0400000000000205,0.0,1,6304
2016-09-14 10:00:00,10,Wednesday,September,Clear,11.970000000000027,0.0,1,4465
2016-09-14 15:00:00,15,Wednesday,September,Clear,19.5,0.0,1,5270
2016-09-14 23:00:00,23,Wednesday,September,Clear,12.850000000000023,0.0,1,1007
2016-09-15 02:00:00,2,Thursday,September,Clear,11.950000000000045,0.0,1,255
2016-09-15 03:00:00,3,Thursday,September,Clear,12.110000000000014,0.0,1,359
2016-09-15 04:00:00,4,Thursday,September,Clouds,12.930000000000007,0.0,75,865
2016-09-15 07:00:00,7,Thursday,September,Clouds,14.600000000000023,0.0,90,6329
2016-09-15 10:00:00,10,Thursday,September,Rain,18.450000000000045,0.0,90,4366
2016-09-15 11:00:00,11,Thursday,September,Rain,19.78000000000003,0.0,90,4549
2016-09-15 23:00:00,23,Thursday,September,Mist,16.730000000000018,0.0,75,1161
2016-09-16 01:00:00,1,Friday,September,Mist,16.390000000000043,0.0,90,397
2016-09-16 07:00:00,7,Friday,September,Clouds,16.260000000000048,0.0,75,6261
2016-09-16 11:00:00,11,Friday,September,Rain,18.350000000000023,0.0,90,4801
2016-09-16 14:00:00,14,Friday,September,Clouds,21.54000000000002,0.0,90,4989
2016-09-16 15:00:00,15,Friday,September,Clouds,22.27000000000004,0.0,75,5596
2016-09-16 16:00:00,16,Friday,September,Clouds,22.960000000000036,0.0,75,6020
2016-09-16 17:00:00,17,Friday,September,Clouds,23.24000000000001,0.0,75,4502
2016-09-16 22:00:00,22,Friday,September,Rain,17.99000000000001,0.0,40,1973
2016-09-16 23:00:00,23,Friday,September,Clear,17.090000000000032,0.0,1,1238
2016-09-17 05:00:00,5,Saturday,September,Clouds,14.680000000000007,0.0,40,704
2016-09-17 06:00:00,6,Saturday,September,Clouds,14.129999999999995,0.0,90,1580
2016-09-17 08:00:00,8,Saturday,September,Mist,14.78000000000003,0.0,90,3364
2016-09-17 14:00:00,14,Saturday,September,Clear,20.310000000000002,0.0,1,4487
2016-09-18 02:00:00,2,Sunday,September,Mist,11.390000000000043,0.0,1,623
2016-09-18 05:00:00,5,Sunday,September,Mist,11.810000000000002,0.0,1,666
2016-09-18 06:00:00,6,Sunday,September,Clear,12.189999999999998,0.0,1,1204
2016-09-18 13:00:00,13,Sunday,September,Clear,24.620000000000005,0.0,1,4835
2016-09-18 15:00:00,15,Sunday,September,Clear,26.680000000000007,0.0,1,4959
2016-09-18 22:00:00,22,Sunday,September,Clear,22.140000000000043,0.0,1,1671
2016-09-19 07:00:00,7,Monday,September,Clear,17.129999999999995,0.0,0,6298
2016-09-19 10:00:00,10,Monday,September,Clear,16.640000000000043,0.0,0,4189
2016-09-19 13:00:00,13,Monday,September,Clear,23.400000000000034,0.0,8,4199
2016-09-19 14:00:00,14,Monday,September,Clouds,24.730000000000018,0.0,80,4442
2016-09-19 18:00:00,18,Monday,September,Clear,23.79000000000002,0.0,0,4047
2016-09-19 21:00:00,21,Monday,September,Clear,15.420000000000016,0.0,0,2073
2016-09-20 00:00:00,0,Tuesday,September,Clear,13.04000000000002,0.0,0,578
2016-09-20 06:00:00,6,Tuesday,September,Clouds,11.990000000000009,0.0,32,5904
2016-09-20 16:00:00,16,Tuesday,September,Clouds,25.310000000000002,0.0,24,6356
2016-09-20 17:00:00,17,Tuesday,September,Clouds,25.170000000000016,0.0,24,6026
2016-09-20 23:00:00,23,Tuesday,September,Rain,19.350000000000023,0.0,88,997
2016-09-21 02:00:00,2,Wednesday,September,Rain,17.680000000000007,0.0,48,239
2016-09-21 05:00:00,5,Wednesday,September,Clear,17.100000000000023,0.0,0,2821
2016-09-21 08:00:00,8,Wednesday,September,Clear,15.330000000000041,0.0,0,6011
2016-09-21 10:00:00,10,Wednesday,September,Clouds,16.54000000000002,0.0,92,4325
2016-09-21 11:00:00,11,Wednesday,September,Rain,16.79000000000002,0.0,100,4557
2016-09-21 19:00:00,19,Wednesday,September,Rain,18.54000000000002,0.0,100,3164
2016-09-22 00:00:00,0,Thursday,September,Rain,16.52000000000004,3.64,92,444
2016-09-22 01:00:00,1,Thursday,September,Rain,16.74000000000001,4.57,92,291
2016-09-22 04:00:00,4,Thursday,September,Rain,16.860000000000014,0.51,76,900
2016-09-22 05:00:00,5,Thursday,September,Rain,16.720000000000027,1.52,76,2758
2016-09-22 07:00:00,7,Thursday,September,Clouds,16.450000000000045,0.0,80,5868
2016-09-22 11:00:00,11,Thursday,September,Rain,17.470000000000027,0.0,92,4452
2016-09-22 12:00:00,12,Thursday,September,Rain,17.260000000000048,0.0,92,4524
2016-09-22 17:00:00,17,Thursday,September,Rain,16.74000000000001,0.0,92,5934
2016-09-22 19:00:00,19,Thursday,September,Rain,16.390000000000043,0.0,92,3058
2016-09-22 20:00:00,20,Thursday,September,Rain,15.660000000000025,0.0,92,2462
2016-09-22 23:00:00,23,Thursday,September,Rain,15.550000000000011,0.0,92,854
2016-09-23 03:00:00,3,Friday,September,Rain,14.439999999999998,0.0,92,358
2016-09-23 10:00:00,10,Friday,September,Clouds,16.0,0.0,80,4261
2016-09-23 13:00:00,13,Friday,September,Clouds,19.74000000000001,0.0,36,4538
2016-09-23 16:00:00,16,Friday,September,Rain,17.650000000000034,1.52,92,5644
2016-09-23 18:00:00,18,Friday,September,Rain,17.260000000000048,2.29,76,4356
2016-09-23 19:00:00,19,Friday,September,Rain,16.79000000000002,0.25,76,3243
2016-09-23 21:00:00,21,Friday,September,Clouds,16.810000000000002,0.0,92,2755
2016-09-24 00:00:00,0,Saturday,September,Clouds,17.230000000000018,0.0,92,1089
2016-09-24 01:00:00,1,Saturday,September,Clouds,17.220000000000027,0.0,92,793
2016-09-24 05:00:00,5,Saturday,September,Rain,17.439999999999998,0.0,92,968
2016-09-25 00:00:00,0,Sunday,September,Rain,19.590000000000032,0.0,92,1409
2016-09-25 01:00:00,1,Sunday,September,Rain,19.5,0.0,92,1000
2016-09-25 02:00:00,2,Sunday,September,Rain,19.54000000000002,0.0,92,656
2016-09-25 03:00:00,3,Sunday,September,Rain,19.450000000000045,0.25,80,412
2016-09-25 14:00:00,14,Sunday,September,Clouds,17.400000000000034,0.0,76,4118
2016-09-25 19:00:00,19,Sunday,September,Clouds,15.150000000000034,0.0,80,3520
2016-09-26 01:00:00,1,Monday,September,Clouds,11.580000000000041,0.0,12,528
2016-09-26 02:00:00,2,Monday,September,Clouds,11.54000000000002,0.0,32,418
2016-09-26 03:00:00,3,Monday,September,Clouds,11.28000000000003,0.0,32,392
2016-09-26 12:00:00,12,Monday,September,Clear,14.32000000000005,0.0,0,4170
2016-09-26 17:00:00,17,Monday,September,Clouds,18.05000000000001,0.0,36,5439
2016-09-26 21:00:00,21,Monday,September,Clouds,12.07000000000005,0.0,20,1842
2016-09-27 02:00:00,2,Tuesday,September,Clear,10.200000000000045,0.0,0,221
2016-09-27 05:00:00,5,Tuesday,September,Clouds,9.03000000000003,0.0,32,2823
2016-09-27 17:00:00,17,Tuesday,September,Rain,12.439999999999998,0.0,92,5442
2016-09-27 23:00:00,23,Tuesday,September,Clouds,9.03000000000003,0.0,48,952
2016-09-28 00:00:00,0,Wednesday,September,Clouds,8.890000000000043,0.0,48,500
2016-09-28 01:00:00,1,Wednesday,September,Clouds,8.760000000000048,0.0,48,312
2016-09-28 07:00:00,7,Wednesday,September,Clouds,9.580000000000041,0.0,56,6228
2016-09-28 08:00:00,8,Wednesday,September,Clouds,10.700000000000045,0.0,92,5703
2016-09-28 11:00:00,11,Wednesday,September,Clouds,13.770000000000039,0.0,12,4392
2016-09-28 13:00:00,13,Wednesday,September,Clouds,15.140000000000043,0.0,56,4285
2016-09-28 14:00:00,14,Wednesday,September,Clouds,15.610000000000014,0.0,88,4796
2016-09-28 20:00:00,20,Wednesday,September,Clear,13.480000000000018,0.0,0,2534
2016-09-29 03:00:00,3,Thursday,September,Clear,8.600000000000023,0.0,0,359
2016-09-29 05:00:00,5,Thursday,September,Rain,8.160000000000025,0.25,0,2847
2016-09-29 07:00:00,7,Thursday,September,Clear,7.210000000000036,0.0,0,6307
2016-09-29 09:00:00,9,Thursday,September,Clear,7.78000000000003,0.0,0,4874
2016-09-29 11:00:00,11,Thursday,September,Clear,14.300000000000011,0.0,0,4387
2016-09-29 13:00:00,13,Thursday,September,Clouds,17.78000000000003,0.0,12,4413
2016-09-29 17:00:00,17,Thursday,September,Clear,18.600000000000023,0.0,0,5551
2016-09-30 01:00:00,1,Friday,September,Clear,10.840000000000032,0.0,0,384
2016-09-30 03:00:00,3,Friday,September,Clear,9.28000000000003,0.0,0,395
2016-09-30 14:00:00,14,Friday,September,Clear,20.390000000000043,0.0,8,4980
2016-09-30 16:00:00,16,Friday,September,Clear,21.32000000000005,0.0,8,5756
2016-09-30 17:00:00,17,Friday,September,Clouds,20.010000000000048,0.0,24,5028
2016-09-30 19:00:00,19,Friday,September,Clouds,16.689999999999998,0.0,24,3593
2016-09-30 20:00:00,20,Friday,September,Clouds,15.439999999999998,0.0,36,2947
2016-10-01 04:00:00,4,Saturday,October,Clouds,11.110000000000014,0.0,56,512
2016-10-01 08:00:00,8,Saturday,October,Clouds,11.0,0.0,20,3462
2016-10-01 09:00:00,9,Saturday,October,Clear,11.939999999999998,0.0,0,3758
2016-10-01 10:00:00,10,Saturday,October,Clear,12.650000000000034,0.0,0,4089
2016-10-01 14:00:00,14,Saturday,October,Clouds,21.650000000000034,0.0,12,4289
2016-10-01 20:00:00,20,Saturday,October,Clear,15.450000000000045,0.0,0,2937
2016-10-02 02:00:00,2,Sunday,October,Clouds,11.100000000000023,0.0,32,666
2016-10-02 03:00:00,3,Sunday,October,Clear,10.600000000000023,0.0,8,413
2016-10-02 09:00:00,9,Sunday,October,Clear,10.960000000000036,0.0,0,2734
2016-10-02 20:00:00,20,Sunday,October,Clear,14.970000000000027,0.0,0,3221
2016-10-03 02:00:00,2,Monday,October,Clear,11.670000000000016,0.0,0,264
2016-10-03 04:00:00,4,Monday,October,Clear,9.400000000000034,0.0,0,852
2016-10-03 08:00:00,8,Monday,October,Clear,11.610000000000014,0.0,0,4873
2016-10-03 12:00:00,12,Monday,October,Clear,23.29000000000002,0.0,0,4366
2016-10-03 18:00:00,18,Monday,October,Clear,21.400000000000034,0.0,0,4305
2016-10-03 23:00:00,23,Monday,October,Clear,16.210000000000036,0.0,8,1000
2016-10-04 00:00:00,0,Tuesday,October,Clouds,15.379999999999995,0.0,12,713
2016-10-04 02:00:00,2,Tuesday,October,Clouds,14.57000000000005,0.0,12,557
2016-10-04 08:00:00,8,Tuesday,October,Rain,13.990000000000009,1.02,64,5460
2016-10-04 09:00:00,9,Tuesday,October,Rain,14.080000000000041,0.76,64,4967
2016-10-04 17:00:00,17,Tuesday,October,Clouds,22.230000000000018,0.0,48,5749
2016-10-04 20:00:00,20,Tuesday,October,Rain,18.900000000000034,0.51,92,2372
2016-10-04 22:00:00,22,Tuesday,October,Rain,16.680000000000007,1.14,100,1266
2016-10-05 01:00:00,1,Wednesday,October,Rain,15.75,2.03,88,314
2016-10-05 17:00:00,17,Wednesday,October,Clear,15.624000000000024,0.0,0,5687
2016-10-05 19:00:00,19,Wednesday,October,Clear,13.230999999999995,0.0,0,3243
2016-10-05 20:00:00,20,Wednesday,October,Clear,13.230999999999995,0.0,0,2619
2016-10-05 22:00:00,22,Wednesday,October,Clear,10.823000000000036,0.0,0,1886
2016-10-06 00:00:00,0,Thursday,October,Clear,9.564999999999998,0.0,0,649
2016-10-06 01:00:00,1,Thursday,October,Clear,9.564999999999998,0.0,0,429
2016-10-06 03:00:00,3,Thursday,October,Clear,8.489000000000033,0.0,0,324
2016-10-06 08:00:00,8,Thursday,October,Clouds,10.850999999999999,0.0,36,5694
2016-10-06 09:00:00,9,Thursday,October,Clear,10.829000000000121,0.0,0,4672
2016-10-07 00:00:00,0,Friday,October,Rain,5.8770000000000095,0.0,92,517
2016-10-07 02:00:00,2,Friday,October,Rain,4.717000000000041,0.0,92,264
2016-10-07 05:00:00,5,Friday,October,Rain,4.210000000000036,0.0,80,2511
2016-10-07 06:00:00,6,Friday,October,Rain,4.210000000000036,0.0,80,5528
2016-10-07 10:00:00,10,Friday,October,Clear,6.418000000000006,0.0,0,4424
2016-10-07 12:00:00,12,Friday,October,Clouds,8.015000000000043,0.0,12,4532
2016-10-07 20:00:00,20,Friday,October,Clouds,6.137000000000057,0.0,56,3196
2016-10-07 22:00:00,22,Friday,October,Clear,4.4220000000000255,0.0,0,2610
2016-10-07 23:00:00,23,Friday,October,Clear,4.4220000000000255,0.0,0,1766
2016-10-08 00:00:00,0,Saturday,October,Clear,2.6380000000000337,0.0,0,1186
2016-10-08 05:00:00,5,Saturday,October,Clear,-0.7339999999999804,0.0,0,739
2016-10-08 15:00:00,15,Saturday,October,Clouds,10.066000000000031,0.0,20,4688
2016-10-08 16:00:00,16,Saturday,October,Clouds,10.066000000000031,0.0,20,4626
2016-10-08 20:00:00,20,Saturday,October,Clear,6.519000000000062,0.0,0,3390
2016-10-08 21:00:00,21,Saturday,October,Clear,2.066000000000031,0.0,0,4077
2016-10-08 22:00:00,22,Saturday,October,Clear,2.066000000000031,0.0,0,4016
2016-10-09 00:00:00,0,Sunday,October,Clear,-0.7109999999999559,0.0,0,1523
2016-10-09 05:00:00,5,Sunday,October,Clear,-2.0600000000000023,0.0,0,764
2016-10-09 21:00:00,21,Sunday,October,Clear,9.664000000000044,0.0,0,1917
2016-10-10 06:00:00,6,Monday,October,Clear,9.41500000000002,0.0,0,5360
2016-10-10 10:00:00,10,Monday,October,Clear,14.650000000000034,0.0,0,3954
2016-10-10 11:00:00,11,Monday,October,Clear,14.650000000000034,0.0,0,4125
2016-10-10 14:00:00,14,Monday,October,Clear,20.345000000000027,0.0,0,4711
2016-10-10 15:00:00,15,Monday,October,Clear,22.013000000000034,0.0,8,5074
2016-10-11 15:00:00,15,Tuesday,October,Clouds,22.758000000000038,0.0,24,4802
2016-10-11 19:00:00,19,Tuesday,October,Clouds,20.09400000000005,0.0,92,2948
2016-10-12 07:00:00,7,Wednesday,October,Rain,6.382000000000005,0.0,92,5871
2016-10-12 09:00:00,9,Wednesday,October,Rain,4.838000000000022,0.0,92,4837
2016-10-12 12:00:00,12,Wednesday,October,Clouds,6.680000000000007,0.0,56,4278
2016-10-12 15:00:00,15,Wednesday,October,Clouds,8.907000000000039,0.0,20,4757
2016-10-12 17:00:00,17,Wednesday,October,Clouds,8.907000000000039,0.0,20,5762
2016-10-12 20:00:00,20,Wednesday,October,Clouds,6.40300000000002,0.0,12,2518
2016-10-12 22:00:00,22,Wednesday,October,Clear,3.2000000000000455,0.0,0,1373
2016-10-13 00:00:00,0,Thursday,October,Clear,0.6210000000000377,0.0,0,480
2016-10-13 03:00:00,3,Thursday,October,Clear,-1.97199999999998,0.0,0,308
2016-10-13 08:00:00,8,Thursday,October,Clear,-2.180999999999983,0.0,0,5186
2016-10-13 13:00:00,13,Thursday,October,Clear,9.310000000000002,0.0,0,4634
2016-10-13 17:00:00,17,Thursday,October,Clear,8.045000000000016,0.0,0,5865
2016-10-13 20:00:00,20,Thursday,October,Clear,5.858000000000004,0.0,0,2799
2016-10-13 22:00:00,22,Thursday,October,Clear,5.858000000000004,0.0,0,2120
2016-10-13 23:00:00,23,Thursday,October,Clear,5.248000000000047,0.0,0,1735
2016-10-14 05:00:00,5,Friday,October,Clouds,4.779000000000053,0.0,32,2548
2016-10-14 06:00:00,6,Friday,October,Clouds,4.779000000000053,0.0,32,5343
2016-10-14 14:00:00,14,Friday,October,Clear,19.249000000000024,0.0,0,4994
2016-10-15 05:00:00,5,Saturday,October,Clouds,18.423000000000002,0.0,92,707
2016-10-15 15:00:00,15,Saturday,October,Clouds,22.781000000000006,0.0,92,4191
2016-10-15 16:00:00,16,Saturday,October,Clouds,22.781000000000006,0.0,92,4372
2016-10-16 01:00:00,1,Sunday,October,Clouds,12.629999999999995,0.0,36,947
2016-10-16 03:00:00,3,Sunday,October,Clear,9.741000000000042,0.0,0,413
2016-10-16 08:00:00,8,Sunday,October,Clear,13.102000000000032,0.0,0,1761
2016-10-16 09:00:00,9,Sunday,October,Clear,13.825000000000045,0.0,8,2445
2016-10-16 14:00:00,14,Sunday,October,Clouds,18.722000000000037,0.0,88,4505
2016-10-16 17:00:00,17,Sunday,October,Clouds,17.121000000000038,0.0,76,4355
2016-10-16 19:00:00,19,Sunday,October,Clouds,17.121000000000038,0.0,76,3332
2016-10-16 20:00:00,20,Sunday,October,Rain,18.001000000000033,0.0,92,2578
2016-10-16 21:00:00,21,Sunday,October,Rain,18.001000000000033,0.0,92,2024
2016-10-17 01:00:00,1,Monday,October,Rain,17.218000000000018,0.0,92,317
2016-10-17 02:00:00,2,Monday,October,Rain,17.673000000000002,0.0,24,239
2016-10-17 10:00:00,10,Monday,October,Clouds,17.574000000000012,0.0,12,4064
2016-10-17 11:00:00,11,Monday,October,Clouds,17.574000000000012,0.0,12,4071
2016-10-17 13:00:00,13,Monday,October,Clouds,19.194000000000017,0.0,92,4341
2016-10-17 16:00:00,16,Monday,October,Rain,19.323000000000036,0.0,64,5961
2016-10-17 21:00:00,21,Monday,October,Rain,13.473000000000013,0.0,32,1969
2016-10-17 22:00:00,22,Monday,October,Rain,13.473000000000013,0.0,32,2275
2016-10-18 05:00:00,5,Tuesday,October,Clouds,9.715000000000032,0.0,24,2861
2016-10-18 08:00:00,8,Tuesday,October,Clouds,11.730999999999995,0.0,12,4313
2016-10-18 13:00:00,13,Tuesday,October,Clear,14.802000000000021,0.0,0,4470
2016-10-18 15:00:00,15,Tuesday,October,Clear,15.684000000000026,0.0,0,5058
2016-10-18 17:00:00,17,Tuesday,October,Clear,12.434000000000026,0.0,0,5712
2016-10-19 04:00:00,4,Wednesday,October,Clear,8.211000000000013,0.0,8,1260
2016-10-19 08:00:00,8,Wednesday,October,Clear,11.453000000000031,0.0,0,5862
2016-10-19 10:00:00,10,Wednesday,October,Clear,8.390000000000043,0.0,0,4187
2016-10-19 17:00:00,17,Wednesday,October,Clouds,8.67100000000005,0.0,12,5674
2016-10-19 18:00:00,18,Wednesday,October,Clouds,8.67100000000005,0.0,12,4507
2016-10-20 01:00:00,1,Thursday,October,Clear,3.0230000000000246,0.0,0,486
2016-10-20 10:00:00,10,Thursday,October,Clear,3.660000000000025,0.0,0,4298
2016-10-20 15:00:00,15,Thursday,October,Clear,9.362000000000023,0.0,0,4793
2016-10-20 19:00:00,19,Thursday,October,Clouds,5.882000000000005,0.0,24,2784
2016-10-20 21:00:00,21,Thursday,October,Clouds,3.0030000000000427,0.0,56,2295
2016-10-21 02:00:00,2,Friday,October,Clouds,0.7980000000000018,0.0,32,344
2016-10-21 05:00:00,5,Friday,October,Clouds,-0.3359999999999559,0.0,24,2563
2016-10-21 08:00:00,8,Friday,October,Clouds,5.386000000000024,0.0,76,4961
2016-10-21 14:00:00,14,Friday,October,Clouds,11.113,0.0,68,5022
2016-10-21 17:00:00,17,Friday,October,Clouds,8.588000000000022,0.0,56,5650
2016-10-21 18:00:00,18,Friday,October,Clouds,8.588000000000022,0.0,56,4684
2016-10-21 20:00:00,20,Friday,October,Clear,6.466000000000008,0.0,0,3228
2016-10-21 21:00:00,21,Friday,October,Clear,6.466000000000008,0.0,0,3283
2016-10-22 04:00:00,4,Saturday,October,Clear,3.805000000000007,0.0,0,447
2016-10-22 07:00:00,7,Saturday,October,Clear,0.45100000000002183,0.0,0,2061
2016-10-22 08:00:00,8,Saturday,October,Clear,7.763000000000034,0.0,0,3073
2016-10-22 10:00:00,10,Saturday,October,Clear,9.27900000000011,0.0,0,3718
2016-10-22 15:00:00,15,Saturday,October,Clear,17.21700000000004,0.0,0,5004
2016-10-22 19:00:00,19,Saturday,October,Clear,10.244000000000028,0.0,0,3590
2016-10-22 22:00:00,22,Saturday,October,Clear,7.349000000000046,0.0,0,1559
2016-10-23 00:00:00,0,Sunday,October,Clear,7.090000000000032,0.0,0,1295
2016-10-23 05:00:00,5,Sunday,October,Clear,7.273000000000025,0.0,0,721
2016-10-23 06:00:00,6,Sunday,October,Clear,6.682000000000016,0.0,0,1189
2016-10-23 07:00:00,7,Sunday,October,Clear,6.682000000000016,0.0,0,1641
2016-10-23 14:00:00,14,Sunday,October,Clear,14.146000000000015,0.0,0,3790
2016-10-23 18:00:00,18,Sunday,October,Clouds,11.235000000000014,0.0,44,3905
2016-10-23 21:00:00,21,Sunday,October,Clear,7.340000000000032,0.0,0,2598
2016-10-24 04:00:00,4,Monday,October,Clear,1.617999999999995,0.0,0,880
2016-10-24 05:00:00,5,Monday,October,Clear,1.617999999999995,0.0,0,2798
2016-10-24 06:00:00,6,Monday,October,Clear,-1.311999999999955,0.0,0,5610
2016-10-24 09:00:00,9,Monday,October,Clear,3.90300000000002,0.0,8,4660
2016-10-24 10:00:00,10,Monday,October,Clear,3.90300000000002,0.0,8,3867
2016-10-24 11:00:00,11,Monday,October,Clear,3.90300000000002,0.0,8,3934
2016-10-24 13:00:00,13,Monday,October,Clear,9.260000000000048,0.0,8,4382
2016-10-24 20:00:00,20,Monday,October,Clear,4.886000000000024,0.0,0,2193
2016-10-25 15:00:00,15,Tuesday,October,Clouds,12.799000000000035,0.0,88,4691
2016-10-25 17:00:00,17,Tuesday,October,Clouds,12.799000000000035,0.0,88,5825
2016-10-25 18:00:00,18,Tuesday,October,Clouds,11.126000000000033,0.0,92,4167
2016-10-26 03:00:00,3,Wednesday,October,Rain,6.076000000000022,0.0,92,326
2016-10-26 06:00:00,6,Wednesday,October,Rain,5.826000000000022,0.0,100,5270
2016-10-26 10:00:00,10,Wednesday,October,Rain,6.439000000000021,0.0,92,4201
2016-10-26 12:00:00,12,Wednesday,October,Rain,6.753000000000043,0.0,92,4372
2016-10-26 14:00:00,14,Wednesday,October,Rain,6.753000000000043,0.0,92,4632
2016-10-26 15:00:00,15,Wednesday,October,Rain,6.775000000000034,0.0,92,4756
2016-10-26 17:00:00,17,Wednesday,October,Rain,6.775000000000034,0.0,92,6000
2016-10-26 19:00:00,19,Wednesday,October,Clouds,6.02800000000002,0.0,80,2993
2016-10-26 23:00:00,23,Wednesday,October,Clouds,4.874000000000024,0.0,80,2202
2016-10-27 14:00:00,14,Thursday,October,Clouds,8.319000000000017,0.0,80,4772
2016-10-27 18:00:00,18,Thursday,October,Clear,7.412000000000035,0.0,0,4634
2016-10-27 21:00:00,21,Thursday,October,Clouds,7.536000000000001,0.0,64,2492
2016-10-28 03:00:00,3,Friday,October,Clouds,8.765000000000043,0.0,56,380
2016-10-28 08:00:00,8,Friday,October,Clouds,10.689999999999998,0.0,56,5082
2016-10-28 11:00:00,11,Friday,October,Clouds,12.670000000000016,0.0,48,4584
2016-10-28 15:00:00,15,Friday,October,Clear,21.309000000000026,0.0,8,5640
2016-10-28 20:00:00,20,Friday,October,Clear,17.123000000000047,0.0,0,2911
2016-10-29 07:00:00,7,Saturday,October,Clouds,9.274000000000115,0.0,80,2328
2016-10-29 08:00:00,8,Saturday,October,Clouds,9.274000000000115,0.0,80,3251
2016-10-29 19:00:00,19,Saturday,October,Rain,9.387000000000114,0.0,92,3305
2016-10-29 22:00:00,22,Saturday,October,Rain,8.229000000000042,0.0,64,3689
2016-10-30 05:00:00,5,Sunday,October,Clear,3.3029999999999973,0.0,0,469
2016-10-30 06:00:00,6,Sunday,October,Clear,0.4630000000000223,0.0,0,750
2016-10-30 12:00:00,12,Sunday,October,Clouds,7.474000000000046,0.0,12,3644
2016-10-30 15:00:00,15,Sunday,October,Clear,8.837000000000046,0.0,0,3893
2016-10-30 21:00:00,21,Sunday,October,Clouds,2.79200000000003,0.0,24,2001
2016-10-30 23:00:00,23,Sunday,October,Clouds,2.79200000000003,0.0,24,1006
2016-10-31 02:00:00,2,Monday,October,Clouds,3.2760000000000105,0.0,48,255
2016-10-31 07:00:00,7,Monday,October,Clouds,6.602000000000032,0.0,32,6119
2016-10-31 10:00:00,10,Monday,October,Clouds,8.54600000000005,0.0,92,4002
2016-10-31 17:00:00,17,Monday,October,Rain,13.857000000000028,0.0,92,5327
2016-11-01 04:00:00,4,Tuesday,November,Clear,10.499000000000024,0.0,0,799
2016-11-01 11:00:00,11,Tuesday,November,Clear,10.435000000000002,0.0,0,4285
2016-11-01 12:00:00,12,Tuesday,November,Clear,14.0,0.0,1,4252
2016-11-01 14:00:00,14,Tuesday,November,Clear,16.140000000000043,0.0,1,4743
2016-11-01 15:00:00,15,Tuesday,November,Clear,16.600000000000023,0.0,1,5271
2016-11-02 12:00:00,12,Wednesday,November,Clouds,11.810000000000002,0.0,75,4390
2016-11-02 13:00:00,13,Wednesday,November,Clear,13.670000000000016,0.0,1,4323
2016-11-02 14:00:00,14,Wednesday,November,Clouds,15.53000000000003,0.0,75,4709
2016-11-02 21:00:00,21,Wednesday,November,Clouds,8.379999999999995,0.0,75,2139
2016-11-02 22:00:00,22,Wednesday,November,Clouds,8.810000000000002,0.0,75,1420
2016-11-03 03:00:00,3,Thursday,November,Mist,5.5,0.0,1,476
2016-11-03 11:00:00,11,Thursday,November,Clouds,11.740000000000009,0.0,75,4459
2016-11-03 21:00:00,21,Thursday,November,Clear,7.610000000000014,0.0,1,2443
2016-11-04 01:00:00,1,Friday,November,Clear,4.439999999999998,0.0,1,375
2016-11-04 06:00:00,6,Friday,November,Mist,2.930000000000007,0.0,1,5225
2016-11-04 21:00:00,21,Friday,November,Clear,9.740000000000009,0.0,1,2698
2016-11-05 08:00:00,8,Saturday,November,Mist,3.080000000000041,0.0,1,2754
2016-11-05 13:00:00,13,Saturday,November,Clear,18.05000000000001,0.0,1,4621
2016-11-05 19:00:00,19,Saturday,November,Clear,15.330000000000041,0.0,1,3477
2016-11-05 22:00:00,22,Saturday,November,Clear,11.470000000000027,0.0,1,2485
2016-11-06 00:00:00,0,Sunday,November,Clear,10.460000000000036,0.0,1,1283
2016-11-06 09:00:00,9,Sunday,November,Clear,12.129999999999995,0.0,1,3175
2016-11-06 10:00:00,10,Sunday,November,Clear,14.680000000000007,0.0,1,4093
2016-11-06 14:00:00,14,Sunday,November,Clear,20.430000000000007,0.0,1,3569
2016-11-06 15:00:00,15,Sunday,November,Clouds,20.600000000000023,0.0,20,3912
2016-11-06 21:00:00,21,Sunday,November,Clear,12.54000000000002,0.0,1,1923
2016-11-07 04:00:00,4,Monday,November,Clouds,10.490000000000009,0.0,75,854
2016-11-07 09:00:00,9,Monday,November,Clouds,10.400000000000034,0.0,90,4582
2016-11-07 13:00:00,13,Monday,November,Clouds,15.470000000000027,0.0,40,4292
2016-11-07 14:00:00,14,Monday,November,Clouds,16.80000000000001,0.0,90,4725
2016-11-07 17:00:00,17,Monday,November,Clouds,15.54000000000002,0.0,40,5691
2016-11-07 21:00:00,21,Monday,November,Clear,12.680000000000007,0.0,1,1929
2016-11-07 22:00:00,22,Monday,November,Clear,11.430000000000007,0.0,1,1279
2016-11-08 00:00:00,0,Tuesday,November,Clear,9.939999999999998,0.0,1,475
2016-11-08 06:00:00,6,Tuesday,November,Clear,6.270000000000039,0.0,1,5623
2016-11-08 08:00:00,8,Tuesday,November,Clear,5.75,0.0,1,5495
2016-11-08 09:00:00,9,Tuesday,November,Clear,7.25,0.0,1,5089
2016-11-08 15:00:00,15,Tuesday,November,Clouds,14.180000000000007,0.0,20,5518
2016-11-08 17:00:00,17,Tuesday,November,Clear,11.470000000000027,0.0,1,5444
2016-11-08 20:00:00,20,Tuesday,November,Clear,5.390000000000043,0.0,1,2197
2016-11-09 01:00:00,1,Wednesday,November,Clear,1.1299999999999955,0.0,1,449
2016-11-09 04:00:00,4,Wednesday,November,Clear,0.07000000000005002,0.0,1,957
2016-11-09 05:00:00,5,Wednesday,November,Clear,0.07000000000005002,0.0,1,2843
2016-11-09 11:00:00,11,Wednesday,November,Clouds,11.439999999999998,0.0,20,4420
2016-11-10 04:00:00,4,Thursday,November,Clear,7.5400000000000205,0.0,1,925
2016-11-10 05:00:00,5,Thursday,November,Clear,7.140000000000043,0.0,1,2921
2016-11-10 08:00:00,8,Thursday,November,Clear,6.650000000000034,0.0,1,4983
2016-11-10 12:00:00,12,Thursday,November,Clear,15.180000000000007,0.0,1,4733
2016-11-10 17:00:00,17,Thursday,November,Clear,17.27000000000004,0.0,1,5818
2016-11-10 20:00:00,20,Thursday,November,Clear,12.470000000000027,0.0,1,2384
2016-11-10 21:00:00,21,Thursday,November,Clear,11.400000000000034,0.0,1,1974
2016-11-11 03:00:00,3,Friday,November,Clear,6.689999999999998,0.0,1,370
2016-11-11 19:00:00,19,Friday,November,Clear,2.5100000000000477,0.0,1,3276
2016-11-11 20:00:00,20,Friday,November,Clear,0.4399999999999977,0.0,1,2551
2016-11-11 23:00:00,23,Friday,November,Clear,-1.329999999999984,0.0,1,1738
2016-11-12 01:00:00,1,Saturday,November,Clear,-1.6099999999999568,0.0,1,605
2016-11-12 03:00:00,3,Saturday,November,Clear,-0.8700000000000045,0.0,1,336
2016-11-12 08:00:00,8,Saturday,November,Clear,0.6700000000000159,0.0,1,2844
2016-11-12 09:00:00,9,Saturday,November,Clear,2.6000000000000227,0.0,1,3541
2016-11-12 12:00:00,12,Saturday,November,Clear,9.0,0.0,1,4513
2016-11-12 13:00:00,13,Saturday,November,Clear,10.129999999999995,0.0,1,4264
2016-11-12 22:00:00,22,Saturday,November,Clear,7.670000000000016,0.0,1,2687
2016-11-13 05:00:00,5,Sunday,November,Clear,5.800000000000011,0.0,1,531
2016-11-13 06:00:00,6,Sunday,November,Clear,5.470000000000027,0.0,1,856
2016-11-13 07:00:00,7,Sunday,November,Clear,5.340000000000032,0.0,1,1284
2016-11-13 12:00:00,12,Sunday,November,Clear,13.060000000000002,0.0,1,3652
2016-11-13 16:00:00,16,Sunday,November,Clear,15.730000000000018,0.0,1,4165
2016-11-13 18:00:00,18,Sunday,November,Clear,12.379999999999995,0.0,1,3291
2016-11-13 21:00:00,21,Sunday,November,Clear,9.439999999999998,0.0,1,1708
2016-11-14 00:00:00,0,Monday,November,Clear,7.930000000000007,0.0,1,538
2016-11-14 01:00:00,1,Monday,November,Clear,6.689999999999998,0.0,1,338
2016-11-14 11:00:00,11,Monday,November,Clouds,7.860000000000014,0.0,90,4132
2016-11-14 21:00:00,21,Monday,November,Mist,5.57000000000005,0.0,75,1903
2016-11-15 02:00:00,2,Tuesday,November,Mist,0.5300000000000296,0.0,1,242
2016-11-15 03:00:00,3,Tuesday,November,Mist,0.3100000000000023,0.0,1,323
2016-11-15 05:00:00,5,Tuesday,November,Mist,1.3000000000000114,0.0,75,2766
2016-11-15 08:00:00,8,Tuesday,November,Mist,3.5,0.0,75,4800
2016-11-15 10:00:00,10,Tuesday,November,Mist,6.0,0.0,40,4183
2016-11-15 14:00:00,14,Tuesday,November,Clouds,11.870000000000005,0.0,75,5003
2016-11-15 15:00:00,15,Tuesday,November,Clouds,12.439999999999998,0.0,40,5126
2016-11-15 17:00:00,17,Tuesday,November,Clouds,10.460000000000036,0.0,40,6047
2016-11-15 19:00:00,19,Tuesday,November,Clear,8.310000000000002,0.0,1,2924
2016-11-15 20:00:00,20,Tuesday,November,Clear,6.800000000000011,0.0,1,2635
2016-11-16 02:00:00,2,Wednesday,November,Mist,2.0100000000000477,0.0,1,255
2016-11-16 05:00:00,5,Wednesday,November,Mist,0.6899999999999977,0.0,1,2792
2016-11-16 06:00:00,6,Wednesday,November,Mist,1.0,0.0,1,5695
2016-11-16 15:00:00,15,Wednesday,November,Clouds,15.53000000000003,0.0,20,5317
2016-11-16 17:00:00,17,Wednesday,November,Clear,13.800000000000011,0.0,1,5844
2016-11-17 01:00:00,1,Thursday,November,Clear,10.140000000000043,0.0,1,309
2016-11-17 05:00:00,5,Thursday,November,Clear,8.340000000000032,0.0,1,2746
2016-11-17 10:00:00,10,Thursday,November,Clouds,10.060000000000002,0.0,90,4366
2016-11-17 11:00:00,11,Thursday,November,Clouds,11.189999999999998,0.0,90,4649
2016-11-17 12:00:00,12,Thursday,November,Clouds,12.460000000000036,0.0,75,4849
2016-11-17 14:00:00,14,Thursday,November,Clouds,13.0,0.0,75,5041
2016-11-17 15:00:00,15,Thursday,November,Clouds,12.670000000000016,0.0,90,5705
2016-11-18 07:00:00,7,Friday,November,Rain,7.350000000000023,0.0,90,5892
2016-11-18 09:00:00,9,Friday,November,Thunderstorm,7.2000000000000455,0.0,90,4378
2016-11-18 11:00:00,11,Friday,November,Rain,5.8799999999999955,0.0,90,4540
2016-11-18 15:00:00,15,Friday,November,Snow,0.9300000000000068,0.0,90,4872
2016-11-18 18:00:00,18,Friday,November,Snow,0.4399999999999977,0.0,90,3486
2016-11-18 21:00:00,21,Friday,November,Snow,0.32000000000005,0.0,90,2160
2016-11-18 22:00:00,22,Friday,November,Snow,0.0,0.0,90,2012
2016-11-18 23:00:00,23,Friday,November,Snow,-0.12999999999999545,0.0,40,1356
2016-11-19 01:00:00,1,Saturday,November,Haze,-0.5699999999999932,0.0,90,642
2016-11-19 04:00:00,4,Saturday,November,Clouds,-0.5299999999999727,0.0,90,562
2016-11-19 07:00:00,7,Saturday,November,Snow,-1.6200000000000045,0.0,90,2173
2016-11-19 09:00:00,9,Saturday,November,Snow,-2.25,0.0,90,3500
2016-11-19 10:00:00,10,Saturday,November,Snow,-2.0,0.0,1,3831
2016-11-19 11:00:00,11,Saturday,November,Snow,-1.9399999999999977,0.0,90,4285
2016-11-19 16:00:00,16,Saturday,November,Clouds,-1.75,0.0,75,3834
2016-11-19 17:00:00,17,Saturday,November,Clouds,-2.3999999999999773,0.0,40,3810
2016-11-20 04:00:00,4,Sunday,November,Clouds,-4.329999999999984,0.0,40,562
2016-11-20 05:00:00,5,Sunday,November,Clouds,-4.329999999999984,0.0,75,793
2016-11-20 06:00:00,6,Sunday,November,Clear,-4.42999999999995,0.0,1,1193
2016-11-20 11:00:00,11,Sunday,November,Clouds,-2.8799999999999955,0.0,90,3706
2016-11-20 15:00:00,15,Sunday,November,Clouds,-1.1299999999999955,0.0,20,3613
2016-11-20 19:00:00,19,Sunday,November,Clear,-3.4599999999999795,0.0,1,2516
2016-11-20 21:00:00,21,Sunday,November,Clear,-4.0,0.0,1,1675
2016-11-21 00:00:00,0,Monday,November,Clouds,-4.42999999999995,0.0,40,539
2016-11-21 08:00:00,8,Monday,November,Clear,-5.729999999999961,0.0,1,5277
2016-11-21 09:00:00,9,Monday,November,Clear,-4.1299999999999955,0.0,1,4577
2016-11-21 17:00:00,17,Monday,November,Clear,1.8100000000000023,0.0,1,5659
2016-11-21 19:00:00,19,Monday,November,Clear,0.6700000000000159,0.0,1,2709
2016-11-21 20:00:00,20,Monday,November,Clear,0.5400000000000205,0.0,1,2205
2016-11-22 03:00:00,3,Tuesday,November,Clear,0.5600000000000023,0.0,1,340
2016-11-22 17:00:00,17,Tuesday,November,Rain,1.0,0.0,90,4762
2016-11-22 21:00:00,21,Tuesday,November,Snow,0.7300000000000182,0.0,90,1815
2016-11-23 01:00:00,1,Wednesday,November,Snow,0.8700000000000045,0.0,90,321
2016-11-23 02:00:00,2,Wednesday,November,Snow,0.9300000000000068,0.0,90,257
2016-11-23 03:00:00,3,Wednesday,November,Snow,0.8000000000000114,0.0,90,378
2016-11-23 14:00:00,14,Wednesday,November,Mist,1.75,0.0,90,5065
2016-11-23 18:00:00,18,Wednesday,November,Clouds,1.6299999999999955,0.0,90,3575
2016-11-23 19:00:00,19,Wednesday,November,Clouds,1.5600000000000023,0.0,90,2730
2016-11-23 20:00:00,20,Wednesday,November,Clouds,1.5600000000000023,0.0,90,3305
2016-11-23 21:00:00,21,Wednesday,November,Clouds,1.330000000000041,0.0,90,3155
2016-11-24 10:00:00,10,Thursday,November,Mist,1.1299999999999955,0.0,90,2243
2016-11-24 11:00:00,11,Thursday,November,Mist,1.75,0.0,90,2599
2016-11-24 21:00:00,21,Thursday,November,Snow,0.8100000000000023,0.0,90,2373
2016-11-25 03:00:00,3,Friday,November,Mist,0.9399999999999977,0.0,90,332
2016-11-25 07:00:00,7,Friday,November,Mist,0.9300000000000068,0.0,90,1396
2016-11-25 09:00:00,9,Friday,November,Mist,0.9399999999999977,0.0,90,2817
2016-11-25 10:00:00,10,Friday,November,Mist,1.4700000000000273,0.0,90,3076
2016-11-25 11:00:00,11,Friday,November,Mist,1.8100000000000023,0.0,90,3427
2016-11-25 15:00:00,15,Friday,November,Clouds,2.1899999999999977,0.0,90,4224
2016-11-25 16:00:00,16,Friday,November,Clouds,1.9399999999999977,0.0,90,3855
2016-11-25 17:00:00,17,Friday,November,Clouds,1.8700000000000045,0.0,90,4667
2016-11-25 19:00:00,19,Friday,November,Mist,1.330000000000041,0.0,1,2833
2016-11-26 00:00:00,0,Saturday,November,Mist,-0.12999999999999545,0.0,1,849
2016-11-26 09:00:00,9,Saturday,November,Mist,0.0,0.0,1,2411
2016-11-26 23:00:00,23,Saturday,November,Fog,-0.92999999999995,0.0,1,1574
2016-11-27 00:00:00,0,Sunday,November,Fog,-1.2699999999999818,0.0,1,969
2016-11-27 05:00:00,5,Sunday,November,Mist,-1.8700000000000045,0.0,75,469
2016-11-27 16:00:00,16,Sunday,November,Mist,3.6000000000000227,0.0,90,4476
2016-11-27 19:00:00,19,Sunday,November,Mist,4.8700000000000045,0.0,90,3184
2016-11-28 02:00:00,2,Monday,November,Mist,7.0,0.0,90,240
2016-11-28 05:00:00,5,Monday,November,Rain,8.800000000000011,0.0,90,2609
2016-11-28 08:00:00,8,Monday,November,Rain,10.200000000000045,0.0,75,5279
2016-11-29 00:00:00,0,Tuesday,November,Clouds,3.2000000000000455,0.0,90,464
2016-11-29 05:00:00,5,Tuesday,November,Mist,1.8700000000000045,0.0,90,2706
2016-11-29 09:00:00,9,Tuesday,November,Clouds,1.8000000000000114,0.0,90,4877
2016-11-29 11:00:00,11,Tuesday,November,Clouds,2.1899999999999977,0.0,90,4297
2016-11-29 17:00:00,17,Tuesday,November,Drizzle,2.730000000000018,0.0,90,5535
2016-11-29 20:00:00,20,Tuesday,November,Rain,2.670000000000016,0.0,90,2267
2016-11-30 10:00:00,10,Wednesday,November,Rain,2.3700000000000045,0.0,90,4133
2016-11-30 13:00:00,13,Wednesday,November,Drizzle,3.4700000000000273,0.0,90,4546
2016-11-30 14:00:00,14,Wednesday,November,Rain,3.330000000000041,0.0,90,4704
2016-11-30 16:00:00,16,Wednesday,November,Rain,2.8100000000000023,0.0,90,5949
2016-11-30 19:00:00,19,Wednesday,November,Rain,2.6200000000000045,0.0,90,2980
2016-11-30 21:00:00,21,Wednesday,November,Drizzle,2.4700000000000273,0.0,90,2227
2016-12-01 03:00:00,3,Thursday,December,Mist,1.7300000000000182,0.0,90,344
2016-12-01 05:00:00,5,Thursday,December,Rain,1.6899999999999977,0.0,90,2693
2016-12-01 07:00:00,7,Thursday,December,Clouds,1.5600000000000023,0.0,90,6364
2016-12-01 15:00:00,15,Thursday,December,Drizzle,2.730000000000018,0.0,90,5823
2016-12-01 18:00:00,18,Thursday,December,Snow,2.0,0.0,90,4331
2016-12-01 19:00:00,19,Thursday,December,Clouds,1.75,0.0,90,2943
2016-12-01 20:00:00,20,Thursday,December,Clouds,1.5,0.0,90,2419
2016-12-01 22:00:00,22,Thursday,December,Clouds,0.75,0.0,90,1845
2016-12-02 00:00:00,0,Friday,December,Clouds,0.20000000000004547,0.0,90,689
2016-12-02 13:00:00,13,Friday,December,Clouds,0.18999999999999773,0.0,90,5518
2016-12-02 18:00:00,18,Friday,December,Clouds,-0.3599999999999568,0.0,90,4893
2016-12-02 20:00:00,20,Friday,December,Clouds,-0.8700000000000045,0.0,90,3172
2016-12-02 21:00:00,21,Friday,December,Haze,-0.7999999999999545,0.0,90,3294
2016-12-03 03:00:00,3,Saturday,December,Clouds,-1.25,0.0,90,402
2016-12-03 04:00:00,4,Saturday,December,Clouds,-1.329999999999984,0.0,90,408
2016-12-03 09:00:00,9,Saturday,December,Snow,-1.5299999999999727,0.0,90,3716
2016-12-03 17:00:00,17,Saturday,December,Clouds,-0.5600000000000023,0.0,90,5347
2016-12-04 09:00:00,9,Sunday,December,Mist,0.6000000000000227,0.0,90,2334
2016-12-04 11:00:00,11,Sunday,December,Mist,1.0,0.0,90,3520
2016-12-04 14:00:00,14,Sunday,December,Mist,1.8700000000000045,0.0,90,4147
2016-12-04 16:00:00,16,Sunday,December,Rain,2.0,0.0,90,4242
2016-12-04 18:00:00,18,Sunday,December,Rain,1.9399999999999977,0.0,90,3158
2016-12-04 23:00:00,23,Sunday,December,Clouds,1.400000000000034,0.0,40,884
2016-12-05 01:00:00,1,Monday,December,Clear,0.27000000000003865,0.0,1,318
2016-12-05 06:00:00,6,Monday,December,Mist,-2.6399999999999864,0.0,1,5573
2016-12-05 10:00:00,10,Monday,December,Mist,0.6400000000000432,0.0,90,4621
2016-12-05 13:00:00,13,Monday,December,Clouds,2.4399999999999977,0.0,90,4722
2016-12-05 17:00:00,17,Monday,December,Clouds,3.2700000000000387,0.0,90,5955
2016-12-06 01:00:00,1,Tuesday,December,Drizzle,2.07000000000005,0.0,90,427
2016-12-06 06:00:00,6,Tuesday,December,Snow,-2.7999999999999545,0.0,90,5840
2016-12-06 09:00:00,9,Tuesday,December,Snow,-5.25,0.0,90,5179
2016-12-06 15:00:00,15,Tuesday,December,Snow,-4.529999999999973,0.0,80,5819
2016-12-06 18:00:00,18,Tuesday,December,Snow,-5.259999999999991,0.0,90,4520
2016-12-06 22:00:00,22,Tuesday,December,Snow,-6.7999999999999545,0.0,90,1757
2016-12-07 00:00:00,0,Wednesday,December,Snow,-7.069999999999993,0.0,90,597
2016-12-07 03:00:00,3,Wednesday,December,Snow,-7.7999999999999545,0.0,75,365
2016-12-07 05:00:00,5,Wednesday,December,Snow,-8.199999999999989,0.0,90,2753
2016-12-07 10:00:00,10,Wednesday,December,Snow,-7.8700000000000045,0.0,90,4633
2016-12-07 13:00:00,13,Wednesday,December,Snow,-6.689999999999998,0.0,90,4956
2016-12-07 14:00:00,14,Wednesday,December,Snow,-6.729999999999961,0.0,90,5318
2016-12-07 16:00:00,16,Wednesday,December,Snow,-7.1200000000000045,0.0,75,6404
2016-12-07 20:00:00,20,Wednesday,December,Snow,-8.399999999999977,0.0,90,2743
2016-12-08 02:00:00,2,Thursday,December,Snow,-8.539999999999964,0.0,90,429
2016-12-08 03:00:00,3,Thursday,December,Snow,-8.21999999999997,0.0,90,493
2016-12-08 05:00:00,5,Thursday,December,Snow,-7.669999999999959,0.0,75,2835
2016-12-08 07:00:00,7,Thursday,December,Mist,-7.269999999999982,0.0,1,6117
2016-12-08 09:00:00,9,Thursday,December,Snow,-6.75,0.0,40,5276
2016-12-08 20:00:00,20,Thursday,December,Snow,-6.199999999999989,0.0,90,2804
2016-12-08 21:00:00,21,Thursday,December,Snow,-6.92999999999995,0.0,40,2547
2016-12-09 01:00:00,1,Friday,December,Snow,-8.870000000000005,0.0,90,382
2016-12-09 06:00:00,6,Friday,December,Snow,-9.870000000000005,0.0,90,5525
2016-12-09 07:00:00,7,Friday,December,Snow,-10.060000000000002,0.0,90,6234
2016-12-09 08:00:00,8,Friday,December,Snow,-10.399999999999977,0.0,1,5529
2016-12-09 18:00:00,18,Friday,December,Snow,-9.399999999999977,0.0,75,5025
2016-12-09 21:00:00,21,Friday,December,Snow,-10.729999999999961,0.0,90,3356
2016-12-10 03:00:00,3,Saturday,December,Clear,-13.859999999999957,0.0,1,365
2016-12-10 07:00:00,7,Saturday,December,Clouds,-15.870000000000005,0.0,20,1842
2016-12-10 11:00:00,11,Saturday,December,Clouds,-13.729999999999961,0.0,75,4525
2016-12-10 14:00:00,14,Saturday,December,Snow,-11.5,0.0,90,5061
2016-12-10 16:00:00,16,Saturday,December,Snow,-11.269999999999982,0.0,90,4037
2016-12-11 02:00:00,2,Sunday,December,Snow,-9.689999999999998,0.0,90,531
2016-12-11 14:00:00,14,Sunday,December,Snow,-6.46999999999997,0.0,90,3541
2016-12-12 00:00:00,0,Monday,December,Snow,-11.310000000000002,0.0,90,701
2016-12-12 03:00:00,3,Monday,December,Snow,-13.870000000000005,0.0,40,619
2016-12-12 18:00:00,18,Monday,December,Snow,-13.870000000000005,0.0,40,3974
2016-12-12 19:00:00,19,Monday,December,Snow,-14.439999999999998,0.0,75,2780
2016-12-13 00:00:00,0,Tuesday,December,Clear,-17.369999999999976,0.0,1,625
2016-12-13 03:00:00,3,Tuesday,December,Clear,-19.869999999999976,0.0,1,438
2016-12-13 04:00:00,4,Tuesday,December,Clear,-20.67999999999998,0.0,1,1017
2016-12-13 12:00:00,12,Tuesday,December,Snow,-15.379999999999995,0.0,1,4555
2016-12-13 15:00:00,15,Tuesday,December,Snow,-13.45999999999998,0.0,1,5450
2016-12-13 22:00:00,22,Tuesday,December,Clear,-13.129999999999995,0.0,1,3738
2016-12-14 02:00:00,2,Wednesday,December,Clear,-12.729999999999961,0.0,1,369
2016-12-14 05:00:00,5,Wednesday,December,Clear,-13.060000000000002,0.0,1,2781
2016-12-14 06:00:00,6,Wednesday,December,Clear,-13.329999999999984,0.0,1,5690
2016-12-14 07:00:00,7,Wednesday,December,Clear,-14.0,0.0,1,6152
2016-12-14 10:00:00,10,Wednesday,December,Snow,-15.560000000000002,0.0,40,4770
2016-12-14 11:00:00,11,Wednesday,December,Snow,-15.859999999999957,0.0,75,4929
2016-12-14 13:00:00,13,Wednesday,December,Snow,-15.069999999999993,0.0,5,4708
2016-12-15 10:00:00,10,Thursday,December,Clear,-21.42999999999998,0.0,1,4565
2016-12-15 11:00:00,11,Thursday,December,Haze,-19.859999999999985,0.0,1,4900
2016-12-15 12:00:00,12,Thursday,December,Clouds,-18.21999999999997,0.0,40,4997
2016-12-15 13:00:00,13,Thursday,December,Clear,-16.72999999999996,0.0,1,5053
2016-12-15 14:00:00,14,Thursday,December,Clear,-16.66999999999996,0.0,1,5421
2016-12-15 18:00:00,18,Thursday,December,Clear,-17.539999999999964,0.0,1,4381
2016-12-15 19:00:00,19,Thursday,December,Clouds,-17.329999999999984,0.0,90,3249
2016-12-15 21:00:00,21,Thursday,December,Clouds,-16.92999999999995,0.0,90,2693
2016-12-15 23:00:00,23,Thursday,December,Snow,-16.079999999999984,0.0,90,1229
2016-12-16 10:00:00,10,Friday,December,Snow,-12.359999999999957,0.0,90,4199
2016-12-16 13:00:00,13,Friday,December,Snow,-11.129999999999995,0.0,90,4814
2016-12-16 15:00:00,15,Friday,December,Snow,-11.060000000000002,0.0,90,4848
2016-12-16 22:00:00,22,Friday,December,Snow,-11.529999999999973,0.0,90,1589
2016-12-17 00:00:00,0,Saturday,December,Snow,-11.359999999999957,0.0,90,669
2016-12-17 02:00:00,2,Saturday,December,Snow,-11.349999999999966,0.0,90,354
2016-12-17 04:00:00,4,Saturday,December,Snow,-12.5,0.0,90,333
2016-12-17 06:00:00,6,Saturday,December,Snow,-13.779999999999973,0.0,90,944
2016-12-17 09:00:00,9,Saturday,December,Snow,-15.399999999999977,0.0,75,1833
2016-12-17 17:00:00,17,Saturday,December,Clear,-17.399999999999977,0.0,1,3692
2016-12-18 02:00:00,2,Sunday,December,Clear,-25.859999999999985,0.0,1,472
2016-12-18 03:00:00,3,Sunday,December,Clear,-26.549999999999983,0.0,1,312
2016-12-18 05:00:00,5,Sunday,December,Clear,-28.25999999999999,0.0,1,459
2016-12-18 15:00:00,15,Sunday,December,Clear,-21.789999999999964,0.0,1,3584
2016-12-18 16:00:00,16,Sunday,December,Clear,-21.99999999999997,0.0,1,3869
2016-12-18 20:00:00,20,Sunday,December,Clear,-22.49999999999997,0.0,1,2217
2016-12-18 23:00:00,23,Sunday,December,Clear,-19.21999999999997,0.0,1,1033
2016-12-19 01:00:00,1,Monday,December,Clear,-18.42999999999998,0.0,1,292
2016-12-19 05:00:00,5,Monday,December,Clear,-14.479999999999961,0.0,1,2458
2016-12-19 10:00:00,10,Monday,December,Clear,-10.789999999999964,0.0,1,4301
2016-12-20 10:00:00,10,Tuesday,December,Snow,1.8000000000000114,0.0,1,4778
2016-12-20 11:00:00,11,Tuesday,December,Snow,2.1899999999999977,0.0,1,4956
2016-12-20 19:00:00,19,Tuesday,December,Clear,-1.1999999999999886,0.0,8,3246
2016-12-20 22:00:00,22,Tuesday,December,Clear,-4.1200000000000045,0.0,1,2937
2016-12-21 02:00:00,2,Wednesday,December,Clouds,-4.8700000000000045,0.0,90,333
2016-12-21 05:00:00,5,Wednesday,December,Clouds,-2.2799999999999727,0.0,40,2558
2016-12-21 07:00:00,7,Wednesday,December,Clouds,-0.40999999999996817,0.0,90,6003
2016-12-21 08:00:00,8,Wednesday,December,Clouds,0.07000000000005002,0.0,40,5459
2016-12-21 09:00:00,9,Wednesday,December,Haze,0.5,0.0,40,4975
2016-12-21 11:00:00,11,Wednesday,December,Clear,2.2800000000000296,0.0,1,5053
2016-12-21 23:00:00,23,Wednesday,December,Clouds,-0.6599999999999682,0.0,75,1187
2016-12-22 00:00:00,0,Thursday,December,Clear,-1.7999999999999545,0.0,1,621
2016-12-22 08:00:00,8,Thursday,December,Clear,-6.439999999999998,0.0,1,4865
2016-12-22 10:00:00,10,Thursday,December,Clear,-4.8799999999999955,0.0,5,4627
2016-12-22 13:00:00,13,Thursday,December,Clear,1.240000000000009,0.0,5,5313
2016-12-22 16:00:00,16,Thursday,December,Clear,2.5600000000000023,0.0,1,6180
2016-12-22 18:00:00,18,Thursday,December,Clear,0.34000000000003183,0.0,1,4320
2016-12-22 20:00:00,20,Thursday,December,Clear,-0.8100000000000023,0.0,1,2754
2016-12-23 08:00:00,8,Friday,December,Clouds,0.5,0.0,75,3460
2016-12-23 11:00:00,11,Friday,December,Drizzle,2.0600000000000023,0.0,90,4687
2016-12-23 16:00:00,16,Friday,December,Snow,0.8700000000000045,0.0,90,4524
2016-12-24 05:00:00,5,Saturday,December,Mist,0.8000000000000114,0.0,90,640
2016-12-24 08:00:00,8,Saturday,December,Mist,0.5,0.0,90,1791
2016-12-24 10:00:00,10,Saturday,December,Mist,0.8000000000000114,0.0,90,3001
2016-12-25 03:00:00,3,Sunday,December,Drizzle,0.6000000000000227,0.0,90,192
2016-12-25 08:00:00,8,Sunday,December,Mist,0.5,0.0,90,754
2016-12-25 10:00:00,10,Sunday,December,Mist,0.6000000000000227,0.0,90,1823
2016-12-25 12:00:00,12,Sunday,December,Mist,0.8700000000000045,0.0,90,2472
2016-12-26 15:00:00,15,Monday,December,Snow,-6.71999999999997,0.0,90,3946
2016-12-26 17:00:00,17,Monday,December,Snow,-6.8799999999999955,0.0,90,3625
2016-12-26 21:00:00,21,Monday,December,Snow,-7.539999999999964,0.0,90,2024
2016-12-27 06:00:00,6,Tuesday,December,Snow,-7.5,0.0,90,4409
2016-12-27 13:00:00,13,Tuesday,December,Snow,-5.92999999999995,0.0,75,4564
2016-12-27 19:00:00,19,Tuesday,December,Clear,-8.259999999999991,0.0,5,3226
2016-12-27 23:00:00,23,Tuesday,December,Clear,-7.399999999999977,0.0,1,1344
2016-12-28 00:00:00,0,Wednesday,December,Clear,-6.92999999999995,0.0,1,686
2016-12-28 06:00:00,6,Wednesday,December,Clear,-4.639999999999986,0.0,1,4680
2016-12-28 07:00:00,7,Wednesday,December,Clouds,-4.009999999999991,0.0,75,4800
2016-12-28 14:00:00,14,Wednesday,December,Clear,1.5,0.0,1,5148
2016-12-28 21:00:00,21,Wednesday,December,Clouds,0.12999999999999545,0.0,40,2604
2016-12-29 01:00:00,1,Thursday,December,Clear,-1.92999999999995,0.0,1,578
2016-12-29 06:00:00,6,Thursday,December,Clouds,-1.9399999999999977,0.0,90,4699
2016-12-29 12:00:00,12,Thursday,December,Snow,-0.5299999999999727,0.0,90,4846
2016-12-29 16:00:00,16,Thursday,December,Clouds,-0.92999999999995,0.0,75,5894
2016-12-29 18:00:00,18,Thursday,December,Snow,-2.25,0.0,90,4210
2016-12-29 19:00:00,19,Thursday,December,Snow,-2.3999999999999773,0.0,90,3136
2016-12-29 20:00:00,20,Thursday,December,Snow,-2.67999999999995,0.0,75,2554
2016-12-30 01:00:00,1,Friday,December,Clear,-6.310000000000002,0.0,1,654
2016-12-30 03:00:00,3,Friday,December,Clear,-7.1299999999999955,0.0,1,473
2016-12-30 07:00:00,7,Friday,December,Clouds,-7.669999999999959,0.0,40,4325
2016-12-30 14:00:00,14,Friday,December,Clouds,-3.269999999999982,0.0,90,5582
2016-12-30 16:00:00,16,Friday,December,Clouds,-2.5299999999999727,0.0,90,5848
2016-12-30 20:00:00,20,Friday,December,Snow,-2.069999999999993,0.0,90,2753
2016-12-31 01:00:00,1,Saturday,December,Clouds,-1.1999999999999886,0.0,90,837
2016-12-31 06:00:00,6,Saturday,December,Snow,-3.259999999999991,0.0,90,852
2016-12-31 11:00:00,11,Saturday,December,Clear,-6.4599999999999795,0.0,1,3750
2016-12-31 15:00:00,15,Saturday,December,Clear,-4.060000000000002,0.0,5,4475
2016-12-31 18:00:00,18,Saturday,December,Clear,-6.0,0.0,1,3816
2017-01-01 01:00:00,1,Sunday,January,Clear,-3.1999999999999886,0.0,1,1806
2017-01-01 05:00:00,5,Sunday,January,Clear,-3.92999999999995,0.0,1,513
2017-01-01 06:00:00,6,Sunday,January,Clear,-4.25,0.0,1,821
2017-01-01 10:00:00,10,Sunday,January,Clear,-4.1299999999999955,0.0,1,3592
2017-01-01 12:00:00,12,Sunday,January,Clouds,-1.8799999999999955,0.0,75,3364
2017-01-01 14:00:00,14,Sunday,January,Clouds,-1.25,0.0,75,3431
2017-01-01 15:00:00,15,Sunday,January,Clouds,-1.4399999999999977,0.0,75,3585
2017-01-01 23:00:00,23,Sunday,January,Snow,-2.599999999999966,0.0,90,1043
2017-01-02 15:00:00,15,Monday,January,Haze,-0.4399999999999977,0.0,90,3762
2017-01-02 16:00:00,16,Monday,January,Mist,-0.4399999999999977,0.0,90,3563
2017-01-02 19:00:00,19,Monday,January,Mist,-0.19999999999998863,0.0,90,2244
2017-01-02 23:00:00,23,Monday,January,Mist,-0.12999999999999545,0.0,90,827
2017-01-03 03:00:00,3,Tuesday,January,Mist,-0.12999999999999545,0.0,90,483
2017-01-03 08:00:00,8,Tuesday,January,Clouds,-4.42999999999995,0.0,90,5338
2017-01-03 11:00:00,11,Tuesday,January,Snow,-10.370000000000005,0.0,1,4008
2017-01-03 13:00:00,13,Tuesday,January,Clouds,-11.060000000000002,0.0,40,4377
2017-01-03 17:00:00,17,Tuesday,January,Clear,-12.729999999999961,0.0,1,5854
2017-01-03 18:00:00,18,Tuesday,January,Clear,-13.5,0.0,5,4011
2017-01-03 21:00:00,21,Tuesday,January,Clear,-15.310000000000002,0.0,5,2011
2017-01-04 02:00:00,2,Wednesday,January,Clear,-17.72999999999999,0.0,1,249
2017-01-04 10:00:00,10,Wednesday,January,Haze,-20.99999999999997,0.0,1,4275
2017-01-04 17:00:00,17,Wednesday,January,Clear,-16.620000000000005,0.0,1,6034
2017-01-04 22:00:00,22,Wednesday,January,Clouds,-18.72999999999999,0.0,40,1569
2017-01-04 23:00:00,23,Wednesday,January,Snow,-18.25999999999999,0.0,90,1037
2017-01-05 03:00:00,3,Thursday,January,Haze,-19.19999999999999,0.0,90,386
2017-01-05 07:00:00,7,Thursday,January,Mist,-21.859999999999985,0.0,1,5807
2017-01-05 08:00:00,8,Thursday,January,Mist,-22.309999999999974,0.0,1,6091
2017-01-05 13:00:00,13,Thursday,January,Clouds,-17.669999999999987,0.0,40,4584
2017-01-05 15:00:00,15,Thursday,January,Haze,-17.0,0.0,75,5475
2017-01-05 20:00:00,20,Thursday,January,Snow,-19.68999999999997,0.0,75,2569
2017-01-06 06:00:00,6,Friday,January,Snow,-23.799999999999983,0.0,1,5307
2017-01-06 10:00:00,10,Friday,January,Clear,-22.069999999999965,0.0,5,4484
2017-01-06 12:00:00,12,Friday,January,Clear,-18.73999999999998,0.0,1,4988
2017-01-06 14:00:00,14,Friday,January,Clear,-16.129999999999995,0.0,1,5174
2017-01-06 16:00:00,16,Friday,January,Clouds,-15.129999999999995,0.0,40,6350
2017-01-06 20:00:00,20,Friday,January,Clear,-17.92999999999998,0.0,1,2720
2017-01-06 22:00:00,22,Friday,January,Clear,-18.25999999999999,0.0,1,2255
2017-01-07 07:00:00,7,Saturday,January,Clear,-18.67999999999998,0.0,1,1879
2017-01-07 10:00:00,10,Saturday,January,Clear,-17.309999999999974,0.0,5,3521
2017-01-07 15:00:00,15,Saturday,January,Clear,-13.0,0.0,5,5092
2017-01-07 20:00:00,20,Saturday,January,Clear,-16.5,0.0,5,2751
2017-01-07 22:00:00,22,Saturday,January,Clear,-17.559999999999974,0.0,1,2404
2017-01-08 00:00:00,0,Sunday,January,Clear,-19.119999999999976,0.0,1,1089
2017-01-08 03:00:00,3,Sunday,January,Clear,-20.42999999999998,0.0,1,565
2017-01-08 06:00:00,6,Sunday,January,Snow,-21.19999999999999,0.0,1,1123
2017-01-08 09:00:00,9,Sunday,January,Snow,-19.92999999999998,0.0,1,2495
2017-01-08 11:00:00,11,Sunday,January,Clear,-16.069999999999993,0.0,1,3317
2017-01-08 17:00:00,17,Sunday,January,Snow,-10.689999999999998,0.0,90,4198
2017-01-08 19:00:00,19,Sunday,January,Snow,-9.870000000000005,0.0,90,2893
2017-01-08 20:00:00,20,Sunday,January,Snow,-9.669999999999959,0.0,90,2388
2017-01-08 22:00:00,22,Sunday,January,Snow,-8.569999999999993,0.0,90,1527
2017-01-08 23:00:00,23,Sunday,January,Snow,-8.639999999999986,0.0,40,1223
2017-01-09 02:00:00,2,Monday,January,Snow,-8.399999999999977,0.0,90,473
2017-01-09 03:00:00,3,Monday,January,Snow,-8.129999999999995,0.0,90,602
2017-01-09 06:00:00,6,Monday,January,Snow,-7.859999999999957,0.0,90,5614
2017-01-09 16:00:00,16,Monday,January,Snow,-5.599999999999966,0.0,90,4484
2017-01-09 17:00:00,17,Monday,January,Snow,-5.569999999999993,0.0,90,4569
2017-01-09 19:00:00,19,Monday,January,Clouds,-4.46999999999997,0.0,90,2508
2017-01-09 21:00:00,21,Monday,January,Clouds,-3.92999999999995,0.0,90,1884
2017-01-10 05:00:00,5,Tuesday,January,Clouds,-2.92999999999995,0.0,75,2613
2017-01-10 09:00:00,9,Tuesday,January,Snow,-2.8100000000000023,0.0,90,4151
2017-01-10 11:00:00,11,Tuesday,January,Snow,-2.849999999999966,0.0,90,3215
2017-01-10 15:00:00,15,Tuesday,January,Haze,-9.120000000000005,0.0,75,4454
2017-01-10 16:00:00,16,Tuesday,January,Haze,-10.25,0.0,90,5013
2017-01-10 20:00:00,20,Tuesday,January,Clear,-13.810000000000002,0.0,1,2219
2017-01-11 04:00:00,4,Wednesday,January,Snow,-15.269999999999982,0.0,90,847
2017-01-11 06:00:00,6,Wednesday,January,Snow,-15.0,0.0,90,4342
2017-01-11 11:00:00,11,Wednesday,January,Snow,-14.46999999999997,0.0,90,3563
2017-01-11 14:00:00,14,Wednesday,January,Clouds,-12.669999999999959,0.0,75,4565
2017-01-11 17:00:00,17,Wednesday,January,Clear,-13.799999999999955,0.0,1,5563
2017-01-11 20:00:00,20,Wednesday,January,Clouds,-14.689999999999998,0.0,90,2569
2017-01-11 21:00:00,21,Wednesday,January,Clouds,-14.859999999999957,0.0,75,2294
2017-01-11 22:00:00,22,Wednesday,January,Clouds,-14.67999999999995,0.0,90,1610
2017-01-11 23:00:00,23,Wednesday,January,Clouds,-14.560000000000002,0.0,90,1052
2017-01-12 02:00:00,2,Thursday,January,Clouds,-15.060000000000002,0.0,90,279
2017-01-12 04:00:00,4,Thursday,January,Clouds,-15.810000000000002,0.0,90,843
2017-01-12 09:00:00,9,Thursday,January,Haze,-15.389999999999986,0.0,1,4915
2017-01-12 15:00:00,15,Thursday,January,Snow,-10.799999999999955,0.0,5,5287
2017-01-12 16:00:00,16,Thursday,January,Haze,-11.659999999999968,0.0,1,6026
2017-01-12 18:00:00,18,Thursday,January,Clouds,-15.549999999999955,0.0,20,4434
2017-01-12 20:00:00,20,Thursday,January,Clear,-17.309999999999974,0.0,1,2867
2017-01-13 03:00:00,3,Friday,January,Clear,-23.799999999999983,0.0,1,345
2017-01-13 09:00:00,9,Friday,January,Clear,-22.609999999999985,0.0,1,4694
2017-01-13 11:00:00,11,Friday,January,Clouds,-19.649999999999977,0.0,90,4909
2017-01-13 14:00:00,14,Friday,January,Clouds,-16.66999999999996,0.0,90,5270
2017-01-13 15:00:00,15,Friday,January,Snow,-15.71999999999997,0.0,90,5762
2017-01-14 00:00:00,0,Saturday,January,Clouds,-12.799999999999955,0.0,90,1341
2017-01-14 01:00:00,1,Saturday,January,Clear,-13.199999999999989,0.0,1,720
2017-01-14 03:00:00,3,Saturday,January,Clear,-14.399999999999977,0.0,1,586
2017-01-14 07:00:00,7,Saturday,January,Clear,-15.0,0.0,1,1540
2017-01-14 08:00:00,8,Saturday,January,Clear,-15.919999999999959,0.0,1,2162
2017-01-14 15:00:00,15,Saturday,January,Clear,-5.729999999999961,0.0,1,4708
2017-01-14 19:00:00,19,Saturday,January,Clear,-10.620000000000005,0.0,5,3294
2017-01-15 00:00:00,0,Sunday,January,Clear,-15.92999999999995,0.0,1,1341
2017-01-15 02:00:00,2,Sunday,January,Haze,-17.619999999999976,0.0,1,740
2017-01-15 06:00:00,6,Sunday,January,Mist,-18.559999999999974,0.0,1,922
2017-01-15 09:00:00,9,Sunday,January,Clear,-17.42999999999998,0.0,1,2258
2017-01-15 10:00:00,10,Sunday,January,Clear,-14.92999999999995,0.0,1,3027
2017-01-15 14:00:00,14,Sunday,January,Clear,-2.009999999999991,0.0,5,4529
2017-01-15 20:00:00,20,Sunday,January,Clear,-5.6200000000000045,0.0,1,2523
2017-01-16 01:00:00,1,Monday,January,Mist,-7.46999999999997,0.0,1,415
2017-01-16 03:00:00,3,Monday,January,Mist,-8.199999999999989,0.0,1,601
2017-01-16 06:00:00,6,Monday,January,Mist,-10.269999999999982,0.0,1,4524
2017-01-16 09:00:00,9,Monday,January,Mist,-11.789999999999964,0.0,1,3760
2017-01-16 12:00:00,12,Monday,January,Haze,-4.3799999999999955,0.0,90,4452
2017-01-16 13:00:00,13,Monday,January,Haze,-2.4399999999999977,0.0,90,4497
2017-01-16 17:00:00,17,Monday,January,Haze,-0.7999999999999545,0.0,90,4451
2017-01-16 18:00:00,18,Monday,January,Clouds,-1.0699999999999932,0.0,90,3391
2017-01-16 19:00:00,19,Monday,January,Clouds,-1.1999999999999886,0.0,90,2332
2017-01-16 21:00:00,21,Monday,January,Mist,-1.1999999999999886,0.0,90,1580
2017-01-16 22:00:00,22,Monday,January,Mist,-1.1999999999999886,0.0,90,1156
2017-01-17 16:00:00,16,Tuesday,January,Mist,1.2700000000000387,0.0,90,6184
2017-01-17 17:00:00,17,Tuesday,January,Mist,0.75,0.0,90,5840
2017-01-17 18:00:00,18,Tuesday,January,Mist,0.6000000000000227,0.0,90,4278
2017-01-17 21:00:00,21,Tuesday,January,Mist,-0.6599999999999682,0.0,40,3331
2017-01-18 03:00:00,3,Wednesday,January,Mist,-2.3700000000000045,0.0,1,456
2017-01-18 10:00:00,10,Wednesday,January,Mist,-0.92999999999995,0.0,1,4474
2017-01-18 20:00:00,20,Wednesday,January,Mist,0.8000000000000114,0.0,1,2855
2017-01-18 23:00:00,23,Wednesday,January,Fog,-0.2599999999999909,0.0,1,968
2017-01-19 00:00:00,0,Thursday,January,Fog,-0.5999999999999659,0.0,1,759
2017-01-19 03:00:00,3,Thursday,January,Mist,-0.39999999999997726,0.0,1,486
2017-01-19 04:00:00,4,Thursday,January,Mist,-0.21999999999997044,0.0,1,1025
2017-01-19 05:00:00,5,Thursday,January,Mist,0.12999999999999545,0.0,1,2810
2017-01-19 08:00:00,8,Thursday,January,Mist,-0.3599999999999568,0.0,5,5355
2017-01-19 09:00:00,9,Thursday,January,Mist,-0.13999999999998636,0.0,1,5224
2017-01-19 14:00:00,14,Thursday,January,Mist,3.740000000000009,0.0,1,5156
2017-01-19 18:00:00,18,Thursday,January,Clouds,2.930000000000007,0.0,75,4600
2017-01-19 21:00:00,21,Thursday,January,Rain,2.6000000000000227,0.0,90,3245
2017-01-20 04:00:00,4,Friday,January,Rain,2.0600000000000023,0.0,90,811
2017-01-20 13:00:00,13,Friday,January,Mist,2.25,0.0,90,5118
2017-01-20 15:00:00,15,Friday,January,Mist,2.640000000000043,0.0,90,5901
2017-01-20 20:00:00,20,Friday,January,Fog,1.9399999999999977,0.0,90,2721
2017-01-20 22:00:00,22,Friday,January,Mist,1.9399999999999977,0.0,90,2336
2017-01-21 01:00:00,1,Saturday,January,Mist,1.8600000000000136,0.0,90,657
2017-01-21 04:00:00,4,Saturday,January,Mist,1.8000000000000114,0.0,90,408
2017-01-21 05:00:00,5,Saturday,January,Mist,1.7300000000000182,0.0,90,639
2017-01-21 06:00:00,6,Saturday,January,Mist,1.7900000000000205,0.0,90,1110
2017-01-21 11:00:00,11,Saturday,January,Drizzle,2.0600000000000023,0.0,90,4679
2017-01-22 12:00:00,12,Sunday,January,Mist,2.8100000000000023,0.0,90,4174
2017-01-22 17:00:00,17,Sunday,January,Mist,3.1200000000000045,0.0,90,3839
2017-01-22 20:00:00,20,Sunday,January,Mist,2.3100000000000023,0.0,90,2317
2017-01-22 23:00:00,23,Sunday,January,Mist,1.6000000000000227,0.0,90,947
2017-01-23 01:00:00,1,Monday,January,Drizzle,1.1299999999999955,0.0,90,330
2017-01-23 04:00:00,4,Monday,January,Drizzle,1.07000000000005,0.0,90,857
2017-01-23 10:00:00,10,Monday,January,Mist,1.1400000000000432,0.0,90,4216
2017-01-23 16:00:00,16,Monday,January,Mist,1.0,0.0,90,6339
2017-01-23 19:00:00,19,Monday,January,Mist,0.8000000000000114,0.0,90,2753
2017-01-23 21:00:00,21,Monday,January,Mist,0.7300000000000182,0.0,90,2241
2017-01-23 23:00:00,23,Monday,January,Mist,0.6000000000000227,0.0,90,977
2017-01-24 08:00:00,8,Tuesday,January,Clouds,-0.06999999999999318,0.0,90,5606
2017-01-24 12:00:00,12,Tuesday,January,Clear,1.4390000000000214,0.0,0,4679
2017-01-24 14:00:00,14,Tuesday,January,Clouds,2.365000000000009,0.0,32,4996
2017-01-24 15:00:00,15,Tuesday,January,Clouds,2.365000000000009,0.0,32,5563
2017-01-24 17:00:00,17,Tuesday,January,Clouds,-0.29199999999997317,0.0,68,5861
2017-01-24 20:00:00,20,Tuesday,January,Clouds,-1.7589999999999577,0.0,92,2675
2017-01-25 04:00:00,4,Wednesday,January,Clouds,-2.1509999999999536,0.0,88,1049
2017-01-25 06:00:00,6,Wednesday,January,Clouds,-2.3859999999999673,0.0,92,5499
2017-01-25 08:00:00,8,Wednesday,January,Clouds,-2.474999999999966,0.0,92,5103
2017-01-25 15:00:00,15,Wednesday,January,Clouds,-1.2699999999999818,0.0,90,5381
2017-01-25 16:00:00,16,Wednesday,January,Clouds,-1.3999999999999773,0.0,90,6513
2017-01-25 18:00:00,18,Wednesday,January,Clouds,-1.4699999999999704,0.0,90,4289
2017-01-25 19:00:00,19,Wednesday,January,Clouds,-1.5,0.0,90,3004
2017-01-25 20:00:00,20,Wednesday,January,Clouds,-1.3999999999999773,0.0,90,2649
2017-01-25 22:00:00,22,Wednesday,January,Clouds,-1.5699999999999932,0.0,90,1783
2017-01-26 01:00:00,1,Thursday,January,Snow,-1.6399999999999864,0.0,90,347
2017-01-26 06:00:00,6,Thursday,January,Clouds,-2.1299999999999955,0.0,90,5815
2017-01-26 08:00:00,8,Thursday,January,Clouds,-2.599999999999966,0.0,90,5830
2017-01-26 19:00:00,19,Thursday,January,Clouds,-3.4599999999999795,0.0,90,3447
2017-01-27 07:00:00,7,Friday,January,Clouds,-6.92999999999995,0.0,75,6266
2017-01-27 11:00:00,11,Friday,January,Clear,-5.769999999999982,0.0,1,5109
2017-01-27 13:00:00,13,Friday,January,Clouds,-3.3100000000000023,0.0,40,5144
2017-01-28 01:00:00,1,Saturday,January,Clear,-3.7199999999999704,0.0,1,676
2017-01-28 03:00:00,3,Saturday,January,Clear,-4.229999999999961,0.0,1,394
2017-01-28 07:00:00,7,Saturday,January,Clouds,-3.42999999999995,0.0,90,2124
2017-01-29 00:00:00,0,Sunday,January,Clouds,-4.069999999999993,0.0,90,1229
2017-01-29 06:00:00,6,Sunday,January,Clouds,-3.92999999999995,0.0,90,756
2017-01-29 09:00:00,9,Sunday,January,Snow,-3.849999999999966,0.0,90,2631
2017-01-29 12:00:00,12,Sunday,January,Clear,-3.7899999999999636,0.0,1,4323
2017-01-29 14:00:00,14,Sunday,January,Clouds,-2.7199999999999704,0.0,40,4740
2017-01-30 18:00:00,18,Monday,January,Mist,1.6899999999999977,0.0,90,4362
2017-01-30 23:00:00,23,Monday,January,Snow,0.060000000000002274,0.0,90,927
2017-01-31 04:00:00,4,Tuesday,January,Snow,0.8100000000000023,0.0,90,804
2017-01-31 05:00:00,5,Tuesday,January,Snow,0.7100000000000364,0.0,90,2786
2017-01-31 07:00:00,7,Tuesday,January,Clouds,0.9399999999999977,0.0,20,6160
2017-01-31 08:00:00,8,Tuesday,January,Clouds,0.9300000000000068,0.0,75,5655
2017-01-31 09:00:00,9,Tuesday,January,Clouds,1.07000000000005,0.0,75,5139
2017-01-31 14:00:00,14,Tuesday,January,Snow,3.0,0.0,75,5123
2017-01-31 15:00:00,15,Tuesday,January,Snow,2.8000000000000114,0.0,90,5911
2017-01-31 17:00:00,17,Tuesday,January,Rain,1.8700000000000045,0.0,75,5783
2017-01-31 18:00:00,18,Tuesday,January,Rain,1.5,0.0,90,4585
2017-01-31 22:00:00,22,Tuesday,January,Clear,-0.19999999999998863,0.0,1,1533
2017-01-31 23:00:00,23,Tuesday,January,Clear,-1.1999999999999886,0.0,1,1048
2017-02-01 06:00:00,6,Wednesday,February,Clouds,-7.859999999999957,0.0,40,5805
2017-02-01 08:00:00,8,Wednesday,February,Snow,-11.159999999999968,0.0,1,5890
2017-02-01 14:00:00,14,Wednesday,February,Clear,-8.939999999999998,0.0,1,5393
2017-02-01 20:00:00,20,Wednesday,February,Clear,-10.569999999999993,0.0,5,2841
2017-02-01 22:00:00,22,Wednesday,February,Clear,-11.060000000000002,0.0,1,1753
2017-02-01 23:00:00,23,Wednesday,February,Clear,-11.329999999999984,0.0,1,1112
2017-02-02 07:00:00,7,Thursday,February,Clear,-13.92999999999995,0.0,1,6276
2017-02-02 08:00:00,8,Thursday,February,Clear,-13.92999999999995,0.0,5,6013
2017-02-02 17:00:00,17,Thursday,February,Clear,-8.729999999999961,0.0,1,6117
2017-02-02 20:00:00,20,Thursday,February,Clear,-11.199999999999989,0.0,1,2972
2017-02-03 02:00:00,2,Friday,February,Clear,-13.92999999999995,0.0,1,394
2017-02-03 04:00:00,4,Friday,February,Clear,-13.919999999999959,0.0,1,932
2017-02-03 07:00:00,7,Friday,February,Clear,-14.92999999999995,0.0,5,6421
2017-02-03 16:00:00,16,Friday,February,Clear,-5.25,0.0,5,6421
2017-02-03 17:00:00,17,Friday,February,Clear,-5.189999999999998,0.0,5,6045
2017-02-03 20:00:00,20,Friday,February,Clear,-8.069999999999993,0.0,5,3316
2017-02-03 21:00:00,21,Friday,February,Clear,-9.259999999999991,0.0,1,3462
2017-02-04 00:00:00,0,Saturday,February,Clear,-10.799999999999955,0.0,1,1854
2017-02-04 02:00:00,2,Saturday,February,Clear,-10.529999999999973,0.0,1,911
2017-02-04 05:00:00,5,Saturday,February,Clouds,-8.799999999999955,0.0,90,526
2017-02-04 18:00:00,18,Saturday,February,Clouds,0.5,0.0,90,4468
2017-02-04 19:00:00,19,Saturday,February,Clouds,-0.6599999999999682,0.0,40,4011
2017-02-04 20:00:00,20,Saturday,February,Clouds,-1.1399999999999864,0.0,75,3562
2017-02-05 07:00:00,7,Sunday,February,Clouds,-7.4599999999999795,0.0,75,1130
2017-02-05 08:00:00,8,Sunday,February,Clear,-8.0,0.0,5,1907
2017-02-05 10:00:00,10,Sunday,February,Clear,-7.609999999999957,0.0,1,3593
2017-02-05 11:00:00,11,Sunday,February,Clouds,-6.739999999999952,0.0,20,3767
2017-02-05 17:00:00,17,Sunday,February,Clear,-4.729999999999961,0.0,1,3671
2017-02-05 18:00:00,18,Sunday,February,Clear,-5.42999999999995,0.0,1,2711
2017-02-05 20:00:00,20,Sunday,February,Clouds,-7.46999999999997,0.0,90,2076
2017-02-06 00:00:00,0,Monday,February,Clear,-8.870000000000005,0.0,1,517
2017-02-06 02:00:00,2,Monday,February,Clear,-9.060000000000002,0.0,1,256
2017-02-06 06:00:00,6,Monday,February,Clear,-8.67999999999995,0.0,1,5626
2017-02-06 09:00:00,9,Monday,February,Clear,-8.060000000000002,0.0,1,4885
2017-02-06 10:00:00,10,Monday,February,Clear,-6.729999999999961,0.0,1,4218
2017-02-06 11:00:00,11,Monday,February,Clouds,-4.329999999999984,0.0,75,4256
2017-02-06 20:00:00,20,Monday,February,Clouds,-1.0600000000000023,0.0,90,2383
2017-02-07 03:00:00,3,Tuesday,February,Mist,-1.7899999999999636,0.0,1,319
2017-02-07 10:00:00,10,Tuesday,February,Mist,-3.7999999999999545,0.0,90,3927
2017-02-07 12:00:00,12,Tuesday,February,Mist,-4.189999999999998,0.0,90,4339
2017-02-07 13:00:00,13,Tuesday,February,Mist,-4.529999999999973,0.0,90,4321
2017-02-07 15:00:00,15,Tuesday,February,Mist,-5.0,0.0,90,5350
2017-02-07 17:00:00,17,Tuesday,February,Clouds,-6.0,0.0,90,5784
2017-02-07 19:00:00,19,Tuesday,February,Clouds,-7.259999999999991,0.0,75,3103
2017-02-07 20:00:00,20,Tuesday,February,Clouds,-7.639999999999986,0.0,40,2566
2017-02-07 21:00:00,21,Tuesday,February,Clear,-8.639999999999986,0.0,5,2264
2017-02-07 23:00:00,23,Tuesday,February,Clouds,-10.560000000000002,0.0,75,954
2017-02-08 02:00:00,2,Wednesday,February,Clear,-13.060000000000002,0.0,1,407
2017-02-08 03:00:00,3,Wednesday,February,Clear,-13.989999999999952,0.0,1,387
2017-02-08 05:00:00,5,Wednesday,February,Clear,-16.319999999999993,0.0,1,2833
2017-02-08 08:00:00,8,Wednesday,February,Clouds,-18.059999999999974,0.0,40,6115
2017-02-08 09:00:00,9,Wednesday,February,Clouds,-17.799999999999983,0.0,40,5033
2017-02-08 10:00:00,10,Wednesday,February,Clouds,-17.069999999999993,0.0,20,4141
2017-02-08 11:00:00,11,Wednesday,February,Haze,-15.689999999999998,0.0,20,4703
2017-02-08 12:00:00,12,Wednesday,February,Clear,-14.069999999999993,0.0,1,4825
2017-02-08 15:00:00,15,Wednesday,February,Clouds,-11.129999999999995,0.0,20,5715
2017-02-09 05:00:00,5,Thursday,February,Clear,-16.329999999999984,0.0,1,2731
2017-02-09 10:00:00,10,Thursday,February,Clear,-14.92999999999995,0.0,1,4527
2017-02-09 15:00:00,15,Thursday,February,Clear,-7.46999999999997,0.0,5,5977
2017-02-09 23:00:00,23,Thursday,February,Clouds,-6.599999999999966,0.0,75,1158
2017-02-10 00:00:00,0,Friday,February,Clouds,-6.359999999999957,0.0,90,590
2017-02-10 05:00:00,5,Friday,February,Clear,-6.25,0.0,1,2750
2017-02-10 07:00:00,7,Friday,February,Clear,-5.689999999999998,0.0,1,6474
2017-02-10 08:00:00,8,Friday,February,Clear,-5.539999999999964,0.0,1,5710
2017-02-10 12:00:00,12,Friday,February,Clouds,0.2400000000000091,0.0,75,4664
2017-02-10 18:00:00,18,Friday,February,Clouds,5.6299999999999955,0.0,40,4694
2017-02-10 22:00:00,22,Friday,February,Clear,5.25,0.0,1,2242
2017-02-11 00:00:00,0,Saturday,February,Clear,5.210000000000036,0.0,1,1197
2017-02-11 01:00:00,1,Saturday,February,Clear,4.740000000000009,0.0,1,788
2017-02-11 08:00:00,8,Saturday,February,Clouds,1.6100000000000136,0.0,90,2098
2017-02-11 14:00:00,14,Saturday,February,Clear,5.2000000000000455,0.0,1,4986
2017-02-11 16:00:00,16,Saturday,February,Clouds,5.360000000000014,0.0,40,4760
2017-02-12 00:00:00,0,Sunday,February,Rain,2.730000000000018,0.0,40,1196
2017-02-12 02:00:00,2,Sunday,February,Drizzle,3.0,0.0,1,538
2017-02-12 04:00:00,4,Sunday,February,Clouds,2.400000000000034,0.0,90,265
2017-02-12 06:00:00,6,Sunday,February,Clear,0.07000000000005002,0.0,1,774
2017-02-12 12:00:00,12,Sunday,February,Clear,1.2700000000000387,0.0,1,4297
2017-02-12 17:00:00,17,Sunday,February,Clear,3.3799999999999955,0.0,1,5766
2017-02-12 18:00:00,18,Sunday,February,Clear,2.3799999999999955,0.0,1,3964
2017-02-12 20:00:00,20,Sunday,February,Clear,0.37999999999999545,0.0,1,2631
2017-02-12 23:00:00,23,Sunday,February,Clear,-1.6599999999999682,0.0,1,1069
2017-02-13 03:00:00,3,Monday,February,Clear,-2.569999999999993,0.0,1,368
2017-02-13 06:00:00,6,Monday,February,Clear,-2.9399999999999977,0.0,1,5717
2017-02-13 09:00:00,9,Monday,February,Clear,-0.39999999999997726,0.0,1,4943
2017-02-14 06:00:00,6,Tuesday,February,Clear,-3.3279999999999745,0.0,0,5774
2017-02-14 12:00:00,12,Tuesday,February,Clear,4.203000000000031,0.0,8,4915
2017-02-14 18:00:00,18,Tuesday,February,Clear,-2.062999999999988,0.0,0,4734
2017-02-14 19:00:00,19,Tuesday,February,Clear,-2.062999999999988,0.0,0,3376
2017-02-15 14:00:00,14,Wednesday,February,Clear,0.7890000000000441,0.0,0,5206
2017-02-15 18:00:00,18,Wednesday,February,Clear,-1.808999999999969,0.0,8,4844
2017-02-15 20:00:00,20,Wednesday,February,Clear,-5.375,0.0,0,2844
2017-02-15 23:00:00,23,Wednesday,February,Clear,-5.364999999999952,0.0,0,1050
2017-02-16 05:00:00,5,Thursday,February,Clouds,-4.7690000000000055,0.0,24,2755
2017-02-16 17:00:00,17,Thursday,February,Clouds,3.680000000000007,0.0,20,6273
2017-02-17 01:00:00,1,Friday,February,Clear,-0.5609999999999786,0.0,0,402
2017-02-17 07:00:00,7,Friday,February,Clear,-3.1709999999999354,0.0,0,6370
2017-02-17 10:00:00,10,Friday,February,Clear,3.261000000000024,0.0,0,4841
2017-02-17 11:00:00,11,Friday,February,Clear,13.222000000000037,0.0,0,5259
2017-02-17 12:00:00,12,Friday,February,Clear,13.222000000000037,0.0,0,5385
2017-02-17 13:00:00,13,Friday,February,Clear,13.222000000000037,0.0,0,5351
2017-02-17 16:00:00,16,Friday,February,Clear,15.41700000000003,0.0,0,6571
2017-02-17 17:00:00,17,Friday,February,Clear,10.658000000000015,0.0,0,5633
2017-02-17 18:00:00,18,Friday,February,Clear,10.658000000000015,0.0,0,5000
2017-02-17 20:00:00,20,Friday,February,Clear,6.364000000000033,0.0,8,3199
2017-02-17 21:00:00,21,Friday,February,Clear,6.364000000000033,0.0,8,3124
2017-02-18 00:00:00,0,Saturday,February,Clear,3.458000000000027,0.0,0,1230
2017-02-18 11:00:00,11,Saturday,February,Clear,10.342000000000041,0.0,8,4663
2017-02-18 13:00:00,13,Saturday,February,Clear,10.342000000000041,0.0,8,5114
2017-02-18 19:00:00,19,Saturday,February,Clouds,9.081000000000017,0.0,32,3742
2017-02-18 20:00:00,20,Saturday,February,Clouds,3.0990000000000464,0.0,20,2887
2017-02-19 06:00:00,6,Sunday,February,Clouds,-1.0149999999999864,0.0,36,983
2017-02-19 08:00:00,8,Sunday,February,Clouds,4.521000000000015,0.0,64,2001
2017-02-19 10:00:00,10,Sunday,February,Clouds,4.521000000000015,0.0,64,3722
2017-02-20 01:00:00,1,Monday,February,Clouds,11.909000000000049,0.0,68,377
2017-02-20 02:00:00,2,Monday,February,Clouds,11.972000000000037,0.0,64,298
2017-02-20 08:00:00,8,Monday,February,Clouds,13.682000000000016,0.0,88,4929
2017-02-20 11:00:00,11,Monday,February,Rain,13.682000000000016,0.0,92,4365
2017-02-20 13:00:00,13,Monday,February,Rain,13.682000000000016,0.0,92,4294
2017-02-20 18:00:00,18,Monday,February,Rain,13.398000000000025,0.0,92,3779
2017-02-20 20:00:00,20,Monday,February,Rain,9.32000000000005,0.0,68,2367
2017-02-20 21:00:00,21,Monday,February,Rain,9.32000000000005,0.0,68,2245
2017-02-21 00:00:00,0,Tuesday,February,Clear,5.272000000000048,0.0,0,619
2017-02-21 13:00:00,13,Tuesday,February,Clouds,11.520000000000039,0.0,40,4694
2017-02-21 14:00:00,14,Tuesday,February,Clear,13.57000000000005,0.0,1,5186
2017-02-21 16:00:00,16,Tuesday,February,Clouds,15.710000000000036,0.0,75,6960
2017-02-21 17:00:00,17,Tuesday,February,Clouds,15.080000000000041,0.0,75,6301
2017-02-21 18:00:00,18,Tuesday,February,Clouds,14.010000000000048,0.0,75,4569
2017-02-21 20:00:00,20,Tuesday,February,Clear,10.610000000000014,0.0,1,2828
2017-02-21 23:00:00,23,Tuesday,February,Mist,6.510000000000048,0.0,1,1169
2017-02-22 03:00:00,3,Wednesday,February,Fog,3.0100000000000477,0.0,90,372
2017-02-22 14:00:00,14,Wednesday,February,Mist,10.860000000000014,0.0,75,5052
2017-02-22 15:00:00,15,Wednesday,February,Clear,12.140000000000043,0.0,1,5492
2017-02-22 17:00:00,17,Wednesday,February,Clouds,12.410000000000025,0.0,75,5839
2017-02-23 00:00:00,0,Thursday,February,Clouds,2.930000000000007,0.0,90,555
2017-02-23 03:00:00,3,Thursday,February,Clouds,1.8799999999999955,0.0,90,465
2017-02-23 08:00:00,8,Thursday,February,Clouds,-1.0,0.0,75,6383
2017-02-23 12:00:00,12,Thursday,February,Clouds,1.3400000000000318,0.0,75,5232
2017-02-23 19:00:00,19,Thursday,February,Clouds,-0.5699999999999932,0.0,90,3594
2017-02-23 20:00:00,20,Thursday,February,Clouds,-0.8599999999999568,0.0,75,3210
2017-02-23 21:00:00,21,Thursday,February,Clouds,-1.2799999999999727,0.0,40,2716
2017-02-23 22:00:00,22,Thursday,February,Clouds,-1.3100000000000023,0.0,90,1956
2017-02-24 00:00:00,0,Friday,February,Snow,-1.5299999999999727,0.0,90,696
2017-02-24 02:00:00,2,Friday,February,Snow,-2.0600000000000023,0.0,90,293
2017-02-24 03:00:00,3,Friday,February,Snow,-2.1999999999999886,0.0,75,334
2017-02-24 08:00:00,8,Friday,February,Snow,-3.659999999999968,0.0,90,5201
2017-02-24 09:00:00,9,Friday,February,Snow,-3.7299999999999613,0.0,90,4722
2017-02-24 12:00:00,12,Friday,February,Haze,-3.269999999999982,0.0,90,4747
2017-02-24 13:00:00,13,Friday,February,Snow,-3.329999999999984,0.0,90,4825
2017-02-24 16:00:00,16,Friday,February,Snow,-3.0,0.0,1,6215
2017-02-24 19:00:00,19,Friday,February,Clear,-4.199999999999989,0.0,1,3447
2017-02-24 21:00:00,21,Friday,February,Clouds,-5.1299999999999955,0.0,75,2949
2017-02-24 22:00:00,22,Friday,February,Clear,-5.289999999999964,0.0,1,2402
2017-02-25 06:00:00,6,Saturday,February,Clear,-9.5,0.0,1,1449
2017-02-25 11:00:00,11,Saturday,February,Clear,-5.009999999999991,0.0,5,4784
2017-02-25 17:00:00,17,Saturday,February,Clouds,-0.25,0.0,90,4655
2017-02-25 19:00:00,19,Saturday,February,Clouds,-0.3599999999999568,0.0,90,3450
2017-02-26 01:00:00,1,Sunday,February,Clouds,-3.5600000000000023,0.0,40,805
2017-02-26 03:00:00,3,Sunday,February,Snow,-3.8100000000000023,0.0,90,396
2017-02-26 06:00:00,6,Sunday,February,Clouds,-4.060000000000002,0.0,75,1302
2017-02-26 11:00:00,11,Sunday,February,Clouds,0.3100000000000023,0.0,75,4149
2017-02-26 15:00:00,15,Sunday,February,Clear,2.1899999999999977,0.0,1,4266
2017-02-26 17:00:00,17,Sunday,February,Clear,1.2000000000000455,0.0,1,4095
2017-02-26 20:00:00,20,Sunday,February,Clear,-2.4599999999999795,0.0,1,2447
2017-02-27 03:00:00,3,Monday,February,Snow,-3.0,0.0,90,307
2017-02-27 04:00:00,4,Monday,February,Clouds,-3.069999999999993,0.0,90,848
2017-02-27 06:00:00,6,Monday,February,Clear,-4.359999999999957,0.0,1,5773
2017-02-27 09:00:00,9,Monday,February,Clouds,-2.4399999999999977,0.0,40,5034
2017-02-27 13:00:00,13,Monday,February,Clouds,5.430000000000007,0.0,75,4670
2017-02-27 15:00:00,15,Monday,February,Clouds,6.1200000000000045,0.0,75,5681
2017-02-27 16:00:00,16,Monday,February,Clouds,6.1200000000000045,0.0,75,6516
2017-02-27 23:00:00,23,Monday,February,Clouds,1.8700000000000045,0.0,90,1173
2017-02-28 02:00:00,2,Tuesday,February,Clouds,2.8000000000000114,0.0,90,302
2017-02-28 04:00:00,4,Tuesday,February,Drizzle,2.1899999999999977,0.0,90,864
2017-02-28 05:00:00,5,Tuesday,February,Clouds,2.0,0.0,75,2740
2017-02-28 07:00:00,7,Tuesday,February,Snow,2.0,0.0,90,6109
2017-02-28 14:00:00,14,Tuesday,February,Clouds,6.210000000000036,0.0,75,5442
2017-02-28 17:00:00,17,Tuesday,February,Drizzle,3.7600000000000477,0.0,90,6365
2017-02-28 19:00:00,19,Tuesday,February,Drizzle,1.9399999999999977,0.0,90,3311
2017-03-01 02:00:00,2,Wednesday,March,Mist,-0.92999999999995,0.0,90,357
2017-03-01 03:00:00,3,Wednesday,March,Haze,-1.1999999999999886,0.0,90,375
2017-03-01 07:00:00,7,Wednesday,March,Snow,-3.069999999999993,0.0,90,3683
2017-03-01 11:00:00,11,Wednesday,March,Clouds,-1.5699999999999932,0.0,75,4537
2017-03-01 14:00:00,14,Wednesday,March,Clouds,1.6800000000000068,0.0,90,5379
2017-03-01 21:00:00,21,Wednesday,March,Snow,-2.42999999999995,0.0,75,2439
2017-03-01 22:00:00,22,Wednesday,March,Snow,-3.3100000000000023,0.0,90,1720
2017-03-02 01:00:00,1,Thursday,March,Clouds,-5.3700000000000045,0.0,75,359
2017-03-02 04:00:00,4,Thursday,March,Clear,-7.25,0.0,1,856
2017-03-02 06:00:00,6,Thursday,March,Clear,-8.120000000000005,0.0,1,5939
2017-03-02 12:00:00,12,Thursday,March,Clear,-2.7999999999999545,0.0,1,4949
2017-03-02 14:00:00,14,Thursday,March,Clouds,-1.669999999999959,0.0,40,5465
2017-03-02 18:00:00,18,Thursday,March,Clear,-3.42999999999995,0.0,1,5022
2017-03-02 22:00:00,22,Thursday,March,Clear,-6.4599999999999795,0.0,1,1866
2017-03-02 23:00:00,23,Thursday,March,Clear,-7.060000000000002,0.0,1,1305
2017-03-03 00:00:00,0,Friday,March,Clear,-7.389999999999986,0.0,1,722
2017-03-03 01:00:00,1,Friday,March,Clear,-8.389999999999986,0.0,1,406
2017-03-03 02:00:00,2,Friday,March,Clear,-9.189999999999998,0.0,1,310
2017-03-03 06:00:00,6,Friday,March,Clear,-11.45999999999998,0.0,1,5495
2017-03-03 07:00:00,7,Friday,March,Clouds,-11.859999999999957,0.0,20,6459
2017-03-03 08:00:00,8,Friday,March,Clouds,-11.069999999999993,0.0,40,5874
2017-03-03 09:00:00,9,Friday,March,Clear,-8.199999999999989,0.0,1,5025
2017-03-03 12:00:00,12,Friday,March,Clear,-3.339999999999975,0.0,1,5727
2017-03-03 13:00:00,13,Friday,March,Clear,-3.269999999999982,0.0,1,5665
2017-03-03 20:00:00,20,Friday,March,Snow,-3.1899999999999977,0.0,90,3380
2017-03-04 00:00:00,0,Saturday,March,Clouds,-2.9399999999999977,0.0,90,1080
2017-03-04 02:00:00,2,Saturday,March,Clouds,-2.7299999999999613,0.0,90,522
2017-03-04 07:00:00,7,Saturday,March,Clouds,-3.329999999999984,0.0,20,1507
2017-03-04 09:00:00,9,Saturday,March,Clear,-0.5,0.0,5,3374
2017-03-04 10:00:00,10,Saturday,March,Clear,1.0,0.0,1,4445
2017-03-04 13:00:00,13,Saturday,March,Clear,4.560000000000002,0.0,1,5193
2017-03-04 14:00:00,14,Saturday,March,Clear,5.060000000000002,0.0,1,5062
2017-03-04 16:00:00,16,Saturday,March,Clear,5.2000000000000455,0.0,1,4843
2017-03-04 21:00:00,21,Saturday,March,Clear,2.0600000000000023,0.0,1,3532
2017-03-04 22:00:00,22,Saturday,March,Clear,2.5,0.0,1,3301
2017-03-04 23:00:00,23,Saturday,March,Clear,2.330000000000041,0.0,1,2188
2017-03-05 00:00:00,0,Sunday,March,Clear,2.2700000000000387,0.0,1,1546
2017-03-05 16:00:00,16,Sunday,March,Clouds,13.060000000000002,0.0,90,4684
2017-03-05 18:00:00,18,Sunday,March,Clouds,10.620000000000005,0.0,90,3749
2017-03-05 19:00:00,19,Sunday,March,Clouds,10.260000000000048,0.0,75,4253
2017-03-05 21:00:00,21,Sunday,March,Clouds,10.0,0.0,90,2198
2017-03-06 04:00:00,4,Monday,March,Drizzle,10.400000000000034,0.0,75,865
2017-03-06 06:00:00,6,Monday,March,Drizzle,10.470000000000027,0.0,75,5673
2017-03-06 07:00:00,7,Monday,March,Drizzle,10.600000000000023,0.0,90,6531
2017-03-06 09:00:00,9,Monday,March,Drizzle,10.930000000000007,0.0,90,4802
2017-03-06 13:00:00,13,Monday,March,Clouds,12.25,0.0,90,4711
2017-03-06 17:00:00,17,Monday,March,Thunderstorm,16.629999999999995,0.0,40,6199
2017-03-06 20:00:00,20,Monday,March,Rain,12.450000000000045,0.0,75,2402
2017-03-07 02:00:00,2,Tuesday,March,Snow,1.5,0.0,90,237
2017-03-07 05:00:00,5,Tuesday,March,Snow,-2.069999999999993,0.0,90,2746
2017-03-07 06:00:00,6,Tuesday,March,Snow,-1.5299999999999727,0.0,90,5966
2017-03-07 12:00:00,12,Tuesday,March,Clear,6.260000000000048,0.0,1,4961
2017-03-07 14:00:00,14,Tuesday,March,Clouds,7.470000000000027,0.0,90,5215
2017-03-07 18:00:00,18,Tuesday,March,Clear,7.140000000000043,0.0,1,4775
2017-03-07 22:00:00,22,Tuesday,March,Clear,3.07000000000005,0.0,1,2816
2017-03-07 23:00:00,23,Tuesday,March,Clouds,2.4700000000000273,0.0,75,1115
2017-03-08 02:00:00,2,Wednesday,March,Snow,-0.7399999999999523,0.0,90,303
2017-03-08 04:00:00,4,Wednesday,March,Snow,-2.4599999999999795,0.0,90,818
2017-03-08 10:00:00,10,Wednesday,March,Snow,-4.7999999999999545,0.0,75,4454
2017-03-08 16:00:00,16,Wednesday,March,Clouds,-0.060000000000002274,0.0,40,7107
2017-03-08 21:00:00,21,Wednesday,March,Clouds,-2.159999999999968,0.0,75,2544
2017-03-09 03:00:00,3,Thursday,March,Clear,-3.1499999999999773,0.0,1,322
2017-03-09 04:00:00,4,Thursday,March,Clear,-3.7999999999999545,0.0,1,830
2017-03-09 19:00:00,19,Thursday,March,Clouds,-3.9899999999999523,0.0,40,3494
2017-03-09 21:00:00,21,Thursday,March,Clear,-5.589999999999975,0.0,5,3124
2017-03-09 22:00:00,22,Thursday,March,Clear,-6.329999999999984,0.0,1,2820
2017-03-10 14:00:00,14,Friday,March,Clear,-8.599999999999966,0.0,1,5881
2017-03-10 17:00:00,17,Friday,March,Clear,-8.42999999999995,0.0,1,6514
2017-03-10 18:00:00,18,Friday,March,Clouds,-8.92999999999995,0.0,75,5445
2017-03-11 01:00:00,1,Saturday,March,Clear,-11.92999999999995,0.0,1,1107
2017-03-11 09:00:00,9,Saturday,March,Clouds,-12.269999999999982,0.0,40,4256
2017-03-11 12:00:00,12,Saturday,March,Clouds,-8.620000000000005,0.0,75,5096
2017-03-11 18:00:00,18,Saturday,March,Clouds,-6.939999999999998,0.0,90,4843
2017-03-11 20:00:00,20,Saturday,March,Clouds,-7.669999999999959,0.0,90,3443
2017-03-11 23:00:00,23,Saturday,March,Clear,-10.120000000000005,0.0,1,2645
2017-03-12 03:00:00,3,Sunday,March,Clear,-11.879999999999995,0.0,1,436
2017-03-12 11:00:00,11,Sunday,March,Clouds,-7.069999999999993,0.0,90,3935
2017-03-12 13:00:00,13,Sunday,March,Snow,-6.0,0.0,90,4610
2017-03-12 16:00:00,16,Sunday,March,Snow,-6.75,0.0,90,3302
2017-03-13 07:00:00,7,Monday,March,Snow,-9.870000000000005,0.0,1,5439
2017-03-13 16:00:00,16,Monday,March,Clouds,-3.569999999999993,0.0,40,6366
2017-03-13 18:00:00,18,Monday,March,Clouds,-3.7299999999999613,0.0,75,4568
2017-03-13 21:00:00,21,Monday,March,Clouds,-7.2999999999999545,0.0,40,2254
2017-03-14 00:00:00,0,Tuesday,March,Clear,-11.239999999999952,0.0,1,587
2017-03-14 06:00:00,6,Tuesday,March,Clear,-15.46999999999997,0.0,1,5639
2017-03-14 07:00:00,7,Tuesday,March,Clear,-16.0,0.0,1,6494
2017-03-14 09:00:00,9,Tuesday,March,Clear,-11.129999999999995,0.0,1,4947
2017-03-14 10:00:00,10,Tuesday,March,Clear,-8.269999999999982,0.0,1,4286
2017-03-14 17:00:00,17,Tuesday,March,Clear,-2.0600000000000023,0.0,1,6182
2017-03-14 22:00:00,22,Tuesday,March,Clear,-6.8700000000000045,0.0,1,1744
2017-03-15 02:00:00,2,Wednesday,March,Clear,-9.310000000000002,0.0,1,585
2017-03-15 05:00:00,5,Wednesday,March,Clear,-11.42999999999995,0.0,1,2855
2017-03-15 06:00:00,6,Wednesday,March,Clear,-12.199999999999989,0.0,1,5682
2017-03-15 07:00:00,7,Wednesday,March,Clear,-12.879999999999995,0.0,1,6628
2017-03-15 11:00:00,11,Wednesday,March,Clear,-4.0,0.0,1,4865
2017-03-15 12:00:00,12,Wednesday,March,Clear,-2.1299999999999955,0.0,1,4841
2017-03-15 15:00:00,15,Wednesday,March,Clear,-0.3299999999999841,0.0,1,5797
2017-03-15 17:00:00,17,Wednesday,March,Clear,-0.25,0.0,1,6233
2017-03-15 19:00:00,19,Wednesday,March,Clear,-1.92999999999995,0.0,1,3561
2017-03-15 20:00:00,20,Wednesday,March,Clouds,-2.3999999999999773,0.0,40,2964
2017-03-16 04:00:00,4,Thursday,March,Clouds,-5.509999999999991,0.0,75,1057
2017-03-16 09:00:00,9,Thursday,March,Clear,-2.92999999999995,0.0,1,5155
2017-03-16 10:00:00,10,Thursday,March,Clear,-0.7999999999999545,0.0,1,4617
2017-03-16 20:00:00,20,Thursday,March,Rain,2.0,0.0,90,3145
2017-03-17 01:00:00,1,Friday,March,Clouds,1.8700000000000045,0.0,40,480
2017-03-17 08:00:00,8,Friday,March,Mist,-0.46999999999997044,0.0,90,5538
2017-03-17 10:00:00,10,Friday,March,Haze,2.730000000000018,0.0,90,4822
2017-03-17 19:00:00,19,Friday,March,Rain,2.8700000000000045,0.0,90,3764
2017-03-17 20:00:00,20,Friday,March,Snow,2.3100000000000023,0.0,90,3312
2017-03-18 00:00:00,0,Saturday,March,Snow,1.4700000000000273,0.0,90,1556
2017-03-18 09:00:00,9,Saturday,March,Clouds,-1.3100000000000023,0.0,90,3771
2017-03-18 10:00:00,10,Saturday,March,Clouds,-1.3100000000000023,0.0,90,4262
2017-03-18 13:00:00,13,Saturday,March,Clouds,1.2700000000000387,0.0,90,5059
2017-03-18 14:00:00,14,Saturday,March,Clouds,1.990000000000009,0.0,40,4908
2017-03-18 19:00:00,19,Saturday,March,Clear,3.0,0.0,1,3596
2017-03-18 21:00:00,21,Saturday,March,Clear,0.060000000000002274,0.0,1,4354
2017-03-18 22:00:00,22,Saturday,March,Clear,-0.8100000000000023,0.0,1,3261
2017-03-19 01:00:00,1,Sunday,March,Clear,-1.0,0.0,1,1252
2017-03-19 06:00:00,6,Sunday,March,Clear,-0.7999999999999545,0.0,1,900
2017-03-19 11:00:00,11,Sunday,March,Clouds,5.060000000000002,0.0,90,4208
2017-03-19 13:00:00,13,Sunday,March,Clouds,7.53000000000003,0.0,90,4805
2017-03-19 14:00:00,14,Sunday,March,Clouds,8.200000000000045,0.0,75,4924
2017-03-19 17:00:00,17,Sunday,March,Clear,10.930000000000007,0.0,1,4206
2017-03-20 04:00:00,4,Monday,March,Clear,2.670000000000016,0.0,1,819
2017-03-20 06:00:00,6,Monday,March,Clouds,5.460000000000036,0.0,90,5474
2017-03-20 12:00:00,12,Monday,March,Clouds,8.25,0.0,75,4645
2017-03-20 14:00:00,14,Monday,March,Clouds,9.670000000000016,0.0,40,5076
2017-03-20 17:00:00,17,Monday,March,Clouds,12.330000000000041,0.0,40,6127
2017-03-20 19:00:00,19,Monday,March,Clear,9.810000000000002,0.0,1,3100
2017-03-20 22:00:00,22,Monday,March,Clear,4.990000000000009,0.0,1,1554
2017-03-21 00:00:00,0,Tuesday,March,Clear,4.3799999999999955,0.0,1,593
2017-03-21 02:00:00,2,Tuesday,March,Clear,2.930000000000007,0.0,1,260
2017-03-21 03:00:00,3,Tuesday,March,Clear,2.730000000000018,0.0,1,332
2017-03-21 05:00:00,5,Tuesday,March,Clear,0.7400000000000091,0.0,1,2703
2017-03-21 08:00:00,8,Tuesday,March,Clear,-2.7099999999999795,0.0,1,6345
2017-03-21 19:00:00,19,Tuesday,March,Clear,-0.37000000000000455,0.0,1,3608
2017-03-21 20:00:00,20,Tuesday,March,Clear,-1.599999999999966,0.0,1,3019
2017-03-21 22:00:00,22,Tuesday,March,Clear,-2.92999999999995,0.0,1,3887
2017-03-21 23:00:00,23,Tuesday,March,Clear,-3.3100000000000023,0.0,1,1251
2017-03-22 00:00:00,0,Wednesday,March,Clear,-4.8700000000000045,0.0,1,636
2017-03-22 10:00:00,10,Wednesday,March,Clouds,-3.0,0.0,20,4471
2017-03-22 15:00:00,15,Wednesday,March,Clouds,2.75,0.0,90,5789
2017-03-22 18:00:00,18,Wednesday,March,Clouds,3.4399999999999977,0.0,75,4575
2017-03-23 13:00:00,13,Thursday,March,Clouds,4.0,0.0,90,5128
2017-03-23 14:00:00,14,Thursday,March,Clouds,4.0,0.0,90,5463
2017-03-24 05:00:00,5,Friday,March,Mist,3.0,0.0,90,2501
2017-03-24 07:00:00,7,Friday,March,Mist,2.8700000000000045,0.0,92,6222
2017-03-24 08:00:00,8,Friday,March,Mist,2.6899999999999977,0.0,90,5803
2017-03-24 12:00:00,12,Friday,March,Mist,4.189999999999998,0.0,90,5614
2017-03-24 13:00:00,13,Friday,March,Clouds,5.57000000000005,0.0,90,5455
2017-03-24 17:00:00,17,Friday,March,Clouds,6.07000000000005,0.0,90,6024
2017-03-24 23:00:00,23,Friday,March,Mist,3.670000000000016,0.0,90,1801
2017-03-25 00:00:00,0,Saturday,March,Clouds,3.5300000000000296,0.0,90,1473
2017-03-25 03:00:00,3,Saturday,March,Clouds,2.8700000000000045,0.0,90,329
2017-03-25 04:00:00,4,Saturday,March,Clouds,2.730000000000018,0.0,90,271
2017-03-25 09:00:00,9,Saturday,March,Clouds,2.5300000000000296,0.0,90,4065
2017-03-25 17:00:00,17,Saturday,March,Clouds,6.07000000000005,0.0,90,4772
2017-03-26 03:00:00,3,Sunday,March,Drizzle,2.8600000000000136,0.0,90,329
2017-03-26 09:00:00,9,Sunday,March,Mist,2.07000000000005,0.0,90,2656
2017-03-26 15:00:00,15,Sunday,March,Clouds,5.270000000000039,0.0,90,4357
2017-03-26 21:00:00,21,Sunday,March,Mist,4.2000000000000455,0.0,90,2300
2017-03-26 22:00:00,22,Sunday,March,Mist,3.5,0.0,90,2095
2017-03-26 23:00:00,23,Sunday,March,Clouds,3.430000000000007,0.0,90,993
2017-03-27 02:00:00,2,Monday,March,Mist,3.07000000000005,0.0,90,276
2017-03-27 10:00:00,10,Monday,March,Clear,4.53000000000003,0.0,1,4219
2017-03-27 12:00:00,12,Monday,March,Clear,8.260000000000048,0.0,1,4734
2017-03-27 13:00:00,13,Monday,March,Clouds,10.0,0.0,90,4717
2017-03-27 19:00:00,19,Monday,March,Clouds,12.870000000000005,0.0,20,3435
2017-03-27 22:00:00,22,Monday,March,Clear,5.32000000000005,0.0,1,1884
2017-03-28 05:00:00,5,Tuesday,March,Mist,0.18999999999999773,0.0,1,2734
2017-03-28 09:00:00,9,Tuesday,March,Mist,2.180000000000007,0.0,1,5551
2017-03-28 10:00:00,10,Tuesday,March,Clear,6.260000000000048,0.0,5,4599
2017-03-28 14:00:00,14,Tuesday,March,Clouds,15.310000000000002,0.0,40,5296
2017-03-28 16:00:00,16,Tuesday,March,Clear,16.600000000000023,0.0,1,6725
2017-03-28 17:00:00,17,Tuesday,March,Clear,17.0,0.0,1,6280
2017-03-28 18:00:00,18,Tuesday,March,Clear,16.870000000000005,0.0,1,4546
2017-03-28 22:00:00,22,Tuesday,March,Clear,7.340000000000032,0.0,1,3512
2017-03-29 02:00:00,2,Wednesday,March,Clear,2.5,0.0,1,325
2017-03-29 08:00:00,8,Wednesday,March,Clouds,2.8600000000000136,0.0,90,6312
2017-03-29 09:00:00,9,Wednesday,March,Clouds,4.510000000000048,0.0,90,5335
2017-03-29 10:00:00,10,Wednesday,March,Clouds,6.270000000000039,0.0,90,4453
2017-03-29 22:00:00,22,Wednesday,March,Rain,6.400000000000034,0.0,40,1704
2017-03-30 07:00:00,7,Thursday,March,Mist,3.400000000000034,0.0,90,6695
2017-03-30 08:00:00,8,Thursday,March,Clouds,3.330000000000041,0.0,90,6098
2017-03-30 11:00:00,11,Thursday,March,Clouds,4.930000000000007,0.0,90,4938
2017-03-30 21:00:00,21,Thursday,March,Clouds,7.930000000000007,0.0,90,4129
2017-03-30 23:00:00,23,Thursday,March,Clouds,7.07000000000005,0.0,90,1491
2017-03-31 04:00:00,4,Friday,March,Clear,1.2100000000000364,0.0,1,840
2017-03-31 06:00:00,6,Friday,March,Clear,0.20000000000004547,0.0,1,5432
2017-03-31 08:00:00,8,Friday,March,Clouds,0.37000000000000455,0.0,40,5944
2017-03-31 12:00:00,12,Friday,March,Clouds,5.8700000000000045,0.0,40,5613
2017-03-31 16:00:00,16,Friday,March,Clouds,12.620000000000005,0.0,40,6701
2017-03-31 21:00:00,21,Friday,March,Clear,8.700000000000045,0.0,1,3126
2017-04-01 02:00:00,2,Saturday,April,Clear,2.0100000000000477,0.0,1,719
2017-04-01 14:00:00,14,Saturday,April,Clear,16.600000000000023,0.0,1,5031
2017-04-01 18:00:00,18,Saturday,April,Clouds,17.53000000000003,0.0,40,4547
2017-04-01 20:00:00,20,Saturday,April,Clear,14.82000000000005,0.0,1,3275
2017-04-01 23:00:00,23,Saturday,April,Clear,7.57000000000005,0.0,1,3485
2017-04-02 05:00:00,5,Sunday,April,Clear,4.400000000000034,0.0,1,648
2017-04-02 11:00:00,11,Sunday,April,Rain,8.800000000000011,0.0,90,3849
2017-04-02 12:00:00,12,Sunday,April,Rain,9.200000000000045,0.0,90,4383
2017-04-02 20:00:00,20,Sunday,April,Clouds,11.0,0.0,90,3676
2017-04-02 23:00:00,23,Sunday,April,Mist,9.730000000000018,0.0,40,1017
2017-04-03 00:00:00,0,Monday,April,Mist,9.400000000000034,0.0,75,628
2017-04-03 04:00:00,4,Monday,April,Mist,8.330000000000041,0.0,90,812
2017-04-03 07:00:00,7,Monday,April,Mist,8.060000000000002,0.0,90,6539
2017-04-03 10:00:00,10,Monday,April,Mist,8.5,0.0,90,3937
2017-04-03 15:00:00,15,Monday,April,Mist,10.730000000000018,0.0,90,5341
2017-04-03 17:00:00,17,Monday,April,Rain,10.370000000000005,0.0,90,6071
2017-04-03 18:00:00,18,Monday,April,Rain,10.25,0.0,90,4165
2017-04-04 04:00:00,4,Tuesday,April,Rain,7.470000000000027,0.0,1,955
2017-04-04 10:00:00,10,Tuesday,April,Clouds,9.129999999999995,0.0,75,4147
2017-04-04 18:00:00,18,Tuesday,April,Clear,15.79000000000002,0.0,1,4427
2017-04-04 19:00:00,19,Tuesday,April,Clouds,15.150000000000034,0.0,40,3412
2017-04-04 23:00:00,23,Tuesday,April,Clear,7.390000000000043,0.0,1,1231
2017-04-05 00:00:00,0,Wednesday,April,Clear,5.960000000000036,0.0,1,678
2017-04-05 07:00:00,7,Wednesday,April,Clouds,3.75,0.0,90,6828
2017-04-05 21:00:00,21,Wednesday,April,Clear,7.240000000000009,0.0,1,2692
2017-04-06 01:00:00,1,Thursday,April,Clear,4.400000000000034,0.0,1,434
2017-04-06 04:00:00,4,Thursday,April,Clear,1.990000000000009,0.0,1,838
2017-04-06 06:00:00,6,Thursday,April,Clear,1.1299999999999955,0.0,1,5624
2017-04-06 15:00:00,15,Thursday,April,Clear,11.930000000000007,0.0,5,5787
2017-04-06 23:00:00,23,Thursday,April,Clear,2.5600000000000023,0.0,1,1295
2017-04-07 00:00:00,0,Friday,April,Clear,1.25,0.0,1,975
2017-04-07 05:00:00,5,Friday,April,Clear,-2.3100000000000023,0.0,1,2599
2017-04-07 12:00:00,12,Friday,April,Clear,12.0,0.0,1,5311
2017-04-07 13:00:00,13,Friday,April,Clouds,13.0,0.0,40,5280
2017-04-07 18:00:00,18,Friday,April,Clouds,14.5,0.0,75,4984
2017-04-07 19:00:00,19,Friday,April,Clouds,14.129999999999995,0.0,75,4136
2017-04-08 05:00:00,5,Saturday,April,Clear,7.689999999999998,0.0,1,833
2017-04-08 08:00:00,8,Saturday,April,Clear,7.6200000000000045,0.0,1,3126
2017-04-08 10:00:00,10,Saturday,April,Clouds,11.260000000000048,0.0,75,3897
2017-04-08 11:00:00,11,Saturday,April,Clouds,13.680000000000007,0.0,75,4320
2017-04-08 12:00:00,12,Saturday,April,Clear,17.33000000000004,0.0,1,4552
2017-04-08 14:00:00,14,Saturday,April,Clear,19.25,0.0,1,4466
2017-04-08 15:00:00,15,Saturday,April,Clouds,19.370000000000005,0.0,90,4427
2017-04-08 17:00:00,17,Saturday,April,Clear,20.930000000000007,0.0,1,4097
2017-04-08 20:00:00,20,Saturday,April,Clouds,21.0,0.0,75,3007
2017-04-08 22:00:00,22,Saturday,April,Clear,18.79000000000002,0.0,1,3189
2017-04-09 01:00:00,1,Sunday,April,Clear,17.74000000000001,0.0,1,849
2017-04-09 03:00:00,3,Sunday,April,Clear,14.810000000000002,0.0,1,385
2017-04-09 07:00:00,7,Sunday,April,Clouds,9.689999999999998,0.0,90,1416
2017-04-09 11:00:00,11,Sunday,April,Clouds,16.670000000000016,0.0,75,3746
2017-04-09 17:00:00,17,Sunday,April,Thunderstorm,18.07000000000005,0.0,90,4165
2017-04-09 18:00:00,18,Sunday,April,Rain,16.27000000000004,0.0,90,3514
2017-04-09 19:00:00,19,Sunday,April,Rain,15.950000000000045,0.0,90,3319
2017-04-09 20:00:00,20,Sunday,April,Rain,15.080000000000041,0.0,90,2785
2017-04-10 06:00:00,6,Monday,April,Clouds,8.010000000000048,0.0,90,5394
2017-04-10 22:00:00,22,Monday,April,Snow,1.0,0.0,90,1352
2017-04-11 03:00:00,3,Tuesday,April,Rain,0.3100000000000023,0.0,90,331
2017-04-11 05:00:00,5,Tuesday,April,Clouds,0.37999999999999545,0.0,90,2623
2017-04-11 07:00:00,7,Tuesday,April,Clouds,0.6400000000000432,0.0,90,6622
2017-04-11 12:00:00,12,Tuesday,April,Haze,4.060000000000002,0.0,40,5037
2017-04-11 17:00:00,17,Tuesday,April,Clear,10.730000000000018,0.0,1,6368
2017-04-11 20:00:00,20,Tuesday,April,Clear,9.939999999999998,0.0,1,2987
2017-04-11 22:00:00,22,Tuesday,April,Clear,5.57000000000005,0.0,1,2018
2017-04-12 00:00:00,0,Wednesday,April,Clear,3.140000000000043,0.0,1,564
2017-04-12 05:00:00,5,Wednesday,April,Rain,3.2700000000000387,0.0,75,2624
2017-04-12 10:00:00,10,Wednesday,April,Clouds,7.28000000000003,0.0,90,4537
2017-04-12 15:00:00,15,Wednesday,April,Clouds,12.800000000000011,0.0,90,5712
2017-04-12 20:00:00,20,Wednesday,April,Rain,9.189999999999998,0.0,90,2898
2017-04-13 11:00:00,11,Thursday,April,Haze,8.75,0.0,90,5033
2017-04-13 17:00:00,17,Thursday,April,Clouds,11.25,0.0,90,6478
2017-04-13 20:00:00,20,Thursday,April,Clouds,11.0,0.0,90,3187
2017-04-13 22:00:00,22,Thursday,April,Clouds,10.129999999999995,0.0,90,2488
2017-04-14 06:00:00,6,Friday,April,Clouds,8.54000000000002,0.0,90,5055
2017-04-14 09:00:00,9,Friday,April,Clear,10.260000000000048,0.0,1,4809
2017-04-14 17:00:00,17,Friday,April,Rain,17.0,0.0,90,5557
2017-04-14 20:00:00,20,Friday,April,Haze,14.310000000000002,0.0,90,3101
2017-04-14 21:00:00,21,Friday,April,Rain,14.0,0.0,90,2872
2017-04-14 22:00:00,22,Friday,April,Mist,13.730000000000018,0.0,90,4752
2017-04-15 00:00:00,0,Saturday,April,Mist,13.730000000000018,0.0,90,1209
2017-04-15 03:00:00,3,Saturday,April,Thunderstorm,13.560000000000002,0.0,90,409
2017-04-15 05:00:00,5,Saturday,April,Thunderstorm,13.670000000000016,0.0,90,598
2017-04-15 07:00:00,7,Saturday,April,Mist,14.140000000000043,0.0,90,1908
2017-04-15 11:00:00,11,Saturday,April,Mist,15.460000000000036,0.0,90,4605
2017-04-15 21:00:00,21,Saturday,April,Rain,12.930000000000007,0.0,40,2704
2017-04-16 07:00:00,7,Sunday,April,Clear,7.57000000000005,0.0,5,1166
2017-04-16 11:00:00,11,Sunday,April,Clear,13.129999999999995,0.0,5,3899
2017-04-16 15:00:00,15,Sunday,April,Clouds,17.400000000000034,0.0,75,3998
2017-04-16 20:00:00,20,Sunday,April,Clear,16.400000000000034,0.0,1,3696
2017-04-17 00:00:00,0,Monday,April,Clouds,10.75,0.0,90,604
2017-04-17 03:00:00,3,Monday,April,Clouds,9.939999999999998,0.0,90,333
2017-04-17 07:00:00,7,Monday,April,Clouds,5.689999999999998,0.0,40,6557
2017-04-17 15:00:00,15,Monday,April,Clear,12.340000000000032,0.0,1,5934
2017-04-17 16:00:00,16,Monday,April,Clear,13.400000000000034,0.0,1,6733
2017-04-17 17:00:00,17,Monday,April,Clear,13.400000000000034,0.0,5,6280
2017-04-17 21:00:00,21,Monday,April,Clear,10.0,0.0,1,2399
2017-04-18 00:00:00,0,Tuesday,April,Clear,8.740000000000009,0.0,1,596
2017-04-18 05:00:00,5,Tuesday,April,Rain,9.410000000000025,0.0,90,2763
2017-04-18 08:00:00,8,Tuesday,April,Rain,10.400000000000034,0.0,90,5330
2017-04-18 12:00:00,12,Tuesday,April,Rain,13.590000000000032,0.0,75,5009
2017-04-18 20:00:00,20,Tuesday,April,Clouds,11.07000000000005,0.0,90,3226
2017-04-19 06:00:00,6,Wednesday,April,Clouds,6.939999999999998,0.0,90,5869
2017-04-19 07:00:00,7,Wednesday,April,Clouds,6.400000000000034,0.0,90,6123
2017-04-19 09:00:00,9,Wednesday,April,Clouds,7.1299999999999955,0.0,90,5298
2017-04-19 21:00:00,21,Wednesday,April,Rain,7.270000000000039,0.0,90,2356
2017-04-19 22:00:00,22,Wednesday,April,Rain,7.140000000000043,0.0,90,1693
2017-04-20 00:00:00,0,Thursday,April,Rain,6.610000000000014,0.0,90,592
2017-04-20 01:00:00,1,Thursday,April,Rain,6.5400000000000205,0.0,90,361
2017-04-20 02:00:00,2,Thursday,April,Rain,6.400000000000034,0.0,90,257
2017-04-20 15:00:00,15,Thursday,April,Clouds,7.470000000000027,0.0,90,5949
2017-04-21 03:00:00,3,Friday,April,Mist,1.9399999999999977,0.0,1,382
2017-04-21 04:00:00,4,Friday,April,Mist,1.3400000000000318,0.0,1,808
2017-04-21 11:00:00,11,Friday,April,Clouds,11.129999999999995,0.0,20,5240
2017-04-21 12:00:00,12,Friday,April,Clear,12.930000000000007,0.0,1,5329
2017-04-21 13:00:00,13,Friday,April,Clouds,14.560000000000002,0.0,40,5127
2017-04-21 15:00:00,15,Friday,April,Clouds,16.120000000000005,0.0,40,5993
2017-04-22 14:00:00,14,Saturday,April,Clouds,18.430000000000007,0.0,40,4904
2017-04-22 17:00:00,17,Saturday,April,Clear,20.060000000000002,0.0,5,5024
2017-04-22 18:00:00,18,Saturday,April,Clear,20.129999999999995,0.0,5,5581
2017-04-23 01:00:00,1,Sunday,April,Clear,10.670000000000016,0.0,1,867
2017-04-23 08:00:00,8,Sunday,April,Clouds,8.600000000000023,0.0,75,2159
2017-04-23 10:00:00,10,Sunday,April,Clear,10.939999999999998,0.0,1,3849
2017-04-23 15:00:00,15,Sunday,April,Clouds,17.28000000000003,0.0,90,4488
2017-04-23 17:00:00,17,Sunday,April,Clouds,18.150000000000034,0.0,90,4238
2017-04-24 01:00:00,1,Monday,April,Clear,8.150000000000034,0.0,1,353
2017-04-24 02:00:00,2,Monday,April,Clear,8.090000000000032,0.0,1,263
2017-04-24 05:00:00,5,Monday,April,Clear,7.080000000000041,0.0,1,2738
2017-04-24 07:00:00,7,Monday,April,Clear,8.870000000000005,0.0,1,6830
2017-04-24 08:00:00,8,Monday,April,Clear,10.590000000000032,0.0,1,6369
2017-04-24 12:00:00,12,Monday,April,Clouds,18.27000000000004,0.0,90,4660
2017-04-24 23:00:00,23,Monday,April,Rain,17.939999999999998,0.0,90,981
2017-04-25 03:00:00,3,Tuesday,April,Clouds,15.300000000000011,0.0,90,312
2017-04-25 08:00:00,8,Tuesday,April,Mist,12.140000000000043,0.0,75,6318
2017-04-25 16:00:00,16,Tuesday,April,Rain,13.740000000000009,0.0,90,6376
2017-04-25 22:00:00,22,Tuesday,April,Rain,10.939999999999998,0.0,90,1688
2017-04-26 00:00:00,0,Wednesday,April,Rain,9.610000000000014,0.0,90,582
2017-04-26 02:00:00,2,Wednesday,April,Rain,7.150000000000034,0.0,90,286
2017-04-26 07:00:00,7,Wednesday,April,Rain,2.430000000000007,0.0,90,5932
2017-04-26 11:00:00,11,Wednesday,April,Rain,2.730000000000018,0.0,90,4824
2017-04-27 02:00:00,2,Thursday,April,Mist,1.3400000000000318,0.0,90,251
2017-04-27 07:00:00,7,Thursday,April,Snow,0.3300000000000409,0.0,90,6302
2017-04-27 11:00:00,11,Thursday,April,Clouds,0.27000000000003865,0.0,90,5054
2017-04-27 15:00:00,15,Thursday,April,Clouds,0.9399999999999977,0.0,90,6015
2017-04-27 18:00:00,18,Thursday,April,Clouds,0.9399999999999977,0.0,90,4821
2017-04-27 22:00:00,22,Thursday,April,Clouds,1.1299999999999955,0.0,90,2065
2017-04-28 05:00:00,5,Friday,April,Clouds,2.0,0.0,90,2770
2017-04-28 08:00:00,8,Friday,April,Clear,2.2000000000000455,0.0,5,6092
2017-04-28 17:00:00,17,Friday,April,Clear,9.670000000000016,0.0,1,6152
2017-04-29 00:00:00,0,Saturday,April,Clear,4.07000000000005,0.0,1,1503
2017-04-29 01:00:00,1,Saturday,April,Clear,4.710000000000036,0.0,1,842
2017-04-29 03:00:00,3,Saturday,April,Clear,4.010000000000048,0.0,1,429
2017-04-29 04:00:00,4,Saturday,April,Clear,3.650000000000034,0.0,1,374
2017-04-29 09:00:00,9,Saturday,April,Clouds,4.430000000000007,0.0,75,4179
2017-04-29 12:00:00,12,Saturday,April,Clear,9.200000000000045,0.0,1,5252
2017-04-29 20:00:00,20,Saturday,April,Clouds,11.330000000000041,0.0,90,3263
2017-04-29 21:00:00,21,Saturday,April,Clouds,10.740000000000009,0.0,90,3160
2017-04-30 04:00:00,4,Sunday,April,Clouds,6.510000000000048,0.0,90,319
2017-04-30 07:00:00,7,Sunday,April,Clouds,5.720000000000027,0.0,90,1331
2017-04-30 09:00:00,9,Sunday,April,Rain,5.930000000000007,0.0,90,2887
2017-04-30 11:00:00,11,Sunday,April,Rain,5.930000000000007,0.0,90,3947
2017-04-30 12:00:00,12,Sunday,April,Rain,6.330000000000041,0.0,90,4119
2017-04-30 14:00:00,14,Sunday,April,Rain,6.800000000000011,0.0,90,4566
2017-04-30 17:00:00,17,Sunday,April,Clouds,8.120000000000005,0.0,90,4196
2017-04-30 19:00:00,19,Sunday,April,Rain,7.2000000000000455,0.0,90,2951
2017-04-30 23:00:00,23,Sunday,April,Rain,4.650000000000034,0.0,90,916
2017-05-01 00:00:00,0,Monday,May,Rain,3.4600000000000364,0.0,90,530
2017-05-01 06:00:00,6,Monday,May,Drizzle,2.8600000000000136,0.0,90,5444
2017-05-01 07:00:00,7,Monday,May,Drizzle,2.8500000000000227,0.0,90,6293
2017-05-01 14:00:00,14,Monday,May,Rain,3.1899999999999977,0.0,90,4877
2017-05-01 18:00:00,18,Monday,May,Rain,3.4600000000000364,0.0,90,4386
2017-05-01 19:00:00,19,Monday,May,Rain,3.730000000000018,0.0,90,3086
2017-05-02 01:00:00,1,Tuesday,May,Rain,3.330000000000041,0.0,90,363
2017-05-02 02:00:00,2,Tuesday,May,Rain,3.140000000000043,0.0,90,242
2017-05-02 06:00:00,6,Tuesday,May,Rain,3.8000000000000114,0.0,90,6022
2017-05-02 16:00:00,16,Tuesday,May,Clouds,15.060000000000002,0.0,75,6650
2017-05-02 22:00:00,22,Tuesday,May,Clear,9.689999999999998,0.0,5,1830
2017-05-03 04:00:00,4,Wednesday,May,Clear,6.660000000000025,0.0,1,1057
2017-05-03 06:00:00,6,Wednesday,May,Clear,5.1299999999999955,0.0,1,6054
2017-05-03 14:00:00,14,Wednesday,May,Clouds,17.710000000000036,0.0,75,5094
2017-05-03 17:00:00,17,Wednesday,May,Clouds,17.720000000000027,0.0,75,6467
2017-05-03 21:00:00,21,Wednesday,May,Clouds,14.629999999999995,0.0,40,2556
2017-05-04 01:00:00,1,Thursday,May,Haze,10.379999999999995,0.0,1,384
2017-05-04 08:00:00,8,Thursday,May,Clear,8.800000000000011,0.0,5,5847
2017-05-04 13:00:00,13,Thursday,May,Clouds,17.930000000000007,0.0,40,5097
2017-05-04 14:00:00,14,Thursday,May,Clouds,18.53000000000003,0.0,40,5559
2017-05-04 15:00:00,15,Thursday,May,Clouds,18.930000000000007,0.0,75,5931
2017-05-04 17:00:00,17,Thursday,May,Clouds,19.730000000000018,0.0,40,6402
2017-05-04 21:00:00,21,Thursday,May,Clear,15.879999999999995,0.0,1,2774
2017-05-04 23:00:00,23,Thursday,May,Clear,11.140000000000043,0.0,1,1316
2017-05-05 00:00:00,0,Friday,May,Clear,9.800000000000011,0.0,1,739
2017-05-05 05:00:00,5,Friday,May,Clear,5.270000000000039,0.0,1,2743
2017-05-05 09:00:00,9,Friday,May,Clear,13.32000000000005,0.0,1,5186
2017-05-05 11:00:00,11,Friday,May,Clear,17.180000000000007,0.0,5,5341
2017-05-05 15:00:00,15,Friday,May,Clear,23.0,0.0,1,6010
2017-05-05 16:00:00,16,Friday,May,Clouds,24.060000000000002,0.0,40,6528
2017-05-05 20:00:00,20,Friday,May,Clouds,23.930000000000007,0.0,40,3502
2017-05-06 00:00:00,0,Saturday,May,Clear,14.480000000000018,0.0,1,1418
2017-05-06 07:00:00,7,Saturday,May,Clear,5.8700000000000045,0.0,1,2328
2017-05-06 08:00:00,8,Saturday,May,Clear,7.330000000000041,0.0,1,3565
2017-05-06 11:00:00,11,Saturday,May,Clear,13.870000000000005,0.0,1,4613
2017-05-07 03:00:00,3,Sunday,May,Clouds,10.060000000000002,0.0,40,443
2017-05-07 05:00:00,5,Sunday,May,Clouds,9.25,0.0,75,578
2017-05-07 09:00:00,9,Sunday,May,Clouds,9.800000000000011,0.0,90,3270
2017-05-07 18:00:00,18,Sunday,May,Clouds,18.400000000000034,0.0,40,3991
2017-05-07 21:00:00,21,Sunday,May,Clouds,15.25,0.0,20,2418
2017-05-08 04:00:00,4,Monday,May,Clear,9.07000000000005,0.0,1,830
2017-05-08 06:00:00,6,Monday,May,Clear,8.0,0.0,1,5839
2017-05-08 08:00:00,8,Monday,May,Clear,8.260000000000048,0.0,1,5729
2017-05-08 16:00:00,16,Monday,May,Clear,20.32000000000005,0.0,1,6364
2017-05-08 17:00:00,17,Monday,May,Rain,20.57000000000005,0.0,1,5703
2017-05-08 18:00:00,18,Monday,May,Drizzle,19.470000000000027,0.0,90,4375
2017-05-08 20:00:00,20,Monday,May,Rain,17.010000000000048,0.0,75,2729
2017-05-08 21:00:00,21,Monday,May,Rain,15.54000000000002,0.0,75,2201
2017-05-08 23:00:00,23,Monday,May,Thunderstorm,12.140000000000043,0.0,90,955
2017-05-09 02:00:00,2,Tuesday,May,Drizzle,10.930000000000007,0.0,75,233
2017-05-09 04:00:00,4,Tuesday,May,Drizzle,10.430000000000007,0.0,1,837
2017-05-09 06:00:00,6,Tuesday,May,Clouds,10.0,0.0,90,6054
2017-05-09 08:00:00,8,Tuesday,May,Mist,10.57000000000005,0.0,20,6158
2017-05-09 15:00:00,15,Tuesday,May,Clouds,19.640000000000043,0.0,40,5746
2017-05-10 02:00:00,2,Wednesday,May,Clear,12.370000000000005,0.0,1,255
2017-05-10 05:00:00,5,Wednesday,May,Clear,9.140000000000043,0.0,1,2920
2017-05-10 09:00:00,9,Wednesday,May,Clouds,14.53000000000003,0.0,75,5062
2017-05-10 19:00:00,19,Wednesday,May,Clouds,19.0,0.0,40,3633
2017-05-11 06:00:00,6,Thursday,May,Clear,8.010000000000048,0.0,1,5905
2017-05-11 13:00:00,13,Thursday,May,Clear,15.670000000000016,0.0,1,5143
2017-05-11 15:00:00,15,Thursday,May,Clear,17.53000000000003,0.0,5,5997
2017-05-11 23:00:00,23,Thursday,May,Clear,12.260000000000048,0.0,1,2935
2017-05-12 00:00:00,0,Friday,May,Clear,10.689999999999998,0.0,1,1349
2017-05-12 04:00:00,4,Friday,May,Clear,6.57000000000005,0.0,1,929
2017-05-12 13:00:00,13,Friday,May,Clouds,19.730000000000018,0.0,40,5426
2017-05-12 14:00:00,14,Friday,May,Clouds,21.0,0.0,75,5573
2017-05-12 15:00:00,15,Friday,May,Clouds,21.560000000000002,0.0,75,5877
2017-05-13 01:00:00,1,Saturday,May,Clear,16.939999999999998,0.0,1,925
2017-05-13 07:00:00,7,Saturday,May,Clouds,11.939999999999998,0.0,20,2087
2017-05-13 13:00:00,13,Saturday,May,Clear,22.140000000000043,0.0,5,4918
2017-05-13 22:00:00,22,Saturday,May,Clear,20.210000000000036,0.0,5,3327
2017-05-14 04:00:00,4,Sunday,May,Clear,13.610000000000014,0.0,1,382
2017-05-14 05:00:00,5,Sunday,May,Clear,12.600000000000023,0.0,1,746
2017-05-14 07:00:00,7,Sunday,May,Clear,12.0,0.0,1,1411
2017-05-14 16:00:00,16,Sunday,May,Clouds,27.600000000000023,0.0,40,4855
2017-05-15 01:00:00,1,Monday,May,Clear,19.680000000000007,0.0,1,384
2017-05-15 04:00:00,4,Monday,May,Clear,17.140000000000043,0.0,1,793
2017-05-15 06:00:00,6,Monday,May,Clear,15.740000000000009,0.0,1,5723
2017-05-15 10:00:00,10,Monday,May,Clouds,17.860000000000014,0.0,90,4412
2017-05-15 14:00:00,14,Monday,May,Thunderstorm,16.810000000000002,0.0,90,4506
2017-05-15 22:00:00,22,Monday,May,Clear,16.340000000000032,0.0,1,1877
2017-05-16 01:00:00,1,Tuesday,May,Thunderstorm,14.470000000000027,0.0,1,366
2017-05-16 06:00:00,6,Tuesday,May,Thunderstorm,16.670000000000016,0.0,40,5847
2017-05-16 20:00:00,20,Tuesday,May,Clouds,25.140000000000043,0.0,40,2871
2017-05-16 23:00:00,23,Tuesday,May,Mist,20.410000000000025,0.0,90,1394
2017-05-17 06:00:00,6,Wednesday,May,Rain,16.400000000000034,0.0,90,5768
2017-05-17 08:00:00,8,Wednesday,May,Rain,16.600000000000023,0.0,90,5822
2017-05-17 09:00:00,9,Wednesday,May,Rain,16.730000000000018,0.0,90,5127
2017-05-17 11:00:00,11,Wednesday,May,Rain,17.870000000000005,0.0,90,4666
2017-05-17 13:00:00,13,Wednesday,May,Rain,18.939999999999998,0.0,90,4789
2017-05-17 14:00:00,14,Wednesday,May,Rain,19.470000000000027,0.0,90,5185
2017-05-17 15:00:00,15,Wednesday,May,Rain,20.0,0.0,40,5590
2017-05-17 16:00:00,16,Wednesday,May,Rain,19.600000000000023,0.0,90,6426
2017-05-17 17:00:00,17,Wednesday,May,Rain,18.939999999999998,0.0,90,5763
2017-05-17 19:00:00,19,Wednesday,May,Drizzle,17.410000000000025,0.0,90,3136
2017-05-17 20:00:00,20,Wednesday,May,Thunderstorm,15.740000000000009,0.0,90,2733
2017-05-17 21:00:00,21,Wednesday,May,Thunderstorm,14.730000000000018,0.0,90,2348
2017-05-18 01:00:00,1,Thursday,May,Rain,11.640000000000043,0.0,90,353
2017-05-18 02:00:00,2,Thursday,May,Rain,11.140000000000043,0.0,90,278
2017-05-18 03:00:00,3,Thursday,May,Rain,10.360000000000014,0.0,90,339
2017-05-18 16:00:00,16,Thursday,May,Clouds,11.5,0.0,90,6267
2017-05-18 22:00:00,22,Thursday,May,Clouds,8.810000000000002,0.0,40,2864
2017-05-18 23:00:00,23,Thursday,May,Clear,7.939999999999998,0.0,1,1365
2017-05-19 06:00:00,6,Friday,May,Clear,6.2000000000000455,0.0,1,5484
2017-05-19 07:00:00,7,Friday,May,Clear,5.8700000000000045,0.0,1,6490
2017-05-19 09:00:00,9,Friday,May,Clouds,7.0,0.0,90,4956
2017-05-19 10:00:00,10,Friday,May,Clouds,7.800000000000011,0.0,90,4620
2017-05-19 11:00:00,11,Friday,May,Clouds,8.260000000000048,0.0,90,4837
2017-05-19 17:00:00,17,Friday,May,Clear,12.360000000000014,0.0,1,5970
2017-05-19 18:00:00,18,Friday,May,Clouds,12.470000000000027,0.0,75,5043
2017-05-19 20:00:00,20,Friday,May,Clouds,11.629999999999995,0.0,90,3163
2017-05-19 21:00:00,21,Friday,May,Clouds,11.470000000000027,0.0,90,3201
2017-05-20 02:00:00,2,Saturday,May,Clouds,9.54000000000002,0.0,90,557
2017-05-20 05:00:00,5,Saturday,May,Clouds,8.689999999999998,0.0,90,688
2017-05-20 06:00:00,6,Saturday,May,Drizzle,8.400000000000034,0.0,90,1271
2017-05-20 08:00:00,8,Saturday,May,Rain,7.600000000000023,0.0,90,2994
2017-05-20 10:00:00,10,Saturday,May,Rain,6.740000000000009,0.0,90,3990
2017-05-20 14:00:00,14,Saturday,May,Rain,6.270000000000039,0.0,90,4260
2017-05-20 15:00:00,15,Saturday,May,Rain,6.730000000000018,0.0,90,4324
2017-05-20 16:00:00,16,Saturday,May,Rain,7.07000000000005,0.0,90,4278
2017-05-20 18:00:00,18,Saturday,May,Drizzle,7.8700000000000045,0.0,90,3770
2017-05-20 23:00:00,23,Saturday,May,Drizzle,8.800000000000011,0.0,90,2056
2017-05-21 01:00:00,1,Sunday,May,Drizzle,9.470000000000027,0.0,90,759
2017-05-21 02:00:00,2,Sunday,May,Mist,9.670000000000016,0.0,90,643
2017-05-21 07:00:00,7,Sunday,May,Rain,9.470000000000027,0.0,90,1190
2017-05-21 10:00:00,10,Sunday,May,Mist,9.600000000000023,0.0,90,3629
2017-05-21 11:00:00,11,Sunday,May,Mist,9.860000000000014,0.0,90,4238
2017-05-21 12:00:00,12,Sunday,May,Drizzle,10.0,0.0,90,4689
2017-05-21 13:00:00,13,Sunday,May,Rain,10.0,0.0,90,4461
2017-05-21 14:00:00,14,Sunday,May,Rain,9.600000000000023,0.0,90,4331
2017-05-21 20:00:00,20,Sunday,May,Rain,8.060000000000002,0.0,90,2723
2017-05-21 22:00:00,22,Sunday,May,Drizzle,7.600000000000023,0.0,90,1730
2017-05-22 00:00:00,0,Monday,May,Drizzle,7.710000000000036,0.0,90,581
2017-05-22 01:00:00,1,Monday,May,Drizzle,7.600000000000023,0.0,75,431
2017-05-22 14:00:00,14,Monday,May,Clouds,16.54000000000002,0.0,75,4957
2017-05-22 15:00:00,15,Monday,May,Clear,17.0,0.0,1,5462
2017-05-22 17:00:00,17,Monday,May,Clouds,17.80000000000001,0.0,40,5770
2017-05-22 21:00:00,21,Monday,May,Clouds,14.340000000000032,0.0,40,2575
2017-05-22 23:00:00,23,Monday,May,Rain,12.28000000000003,0.0,75,1137
2017-05-23 06:00:00,6,Tuesday,May,Clouds,9.54000000000002,0.0,40,5930
2017-05-23 07:00:00,7,Tuesday,May,Clouds,9.270000000000039,0.0,90,6873
2017-05-23 11:00:00,11,Tuesday,May,Rain,12.400000000000034,0.0,90,4517
2017-05-23 13:00:00,13,Tuesday,May,Rain,13.600000000000023,0.0,90,4771
2017-05-23 15:00:00,15,Tuesday,May,Rain,14.5,0.0,90,5762
2017-05-23 17:00:00,17,Tuesday,May,Rain,14.5,0.0,75,5837
2017-05-24 00:00:00,0,Wednesday,May,Clear,11.200000000000045,0.0,1,649
2017-05-24 03:00:00,3,Wednesday,May,Clouds,8.689999999999998,0.0,75,337
2017-05-25 06:00:00,6,Thursday,May,Mist,7.730000000000018,0.0,1,5898
2017-05-26 11:00:00,11,Friday,May,Clouds,19.310000000000002,0.0,90,4701
2017-05-26 17:00:00,17,Friday,May,Clouds,25.0,0.0,40,4927
2017-05-27 14:00:00,14,Saturday,May,Clouds,20.600000000000023,0.0,90,4028
2017-05-27 15:00:00,15,Saturday,May,Clouds,21.060000000000002,0.0,75,3915
2017-05-27 17:00:00,17,Saturday,May,Clear,21.200000000000045,0.0,1,3763
2017-05-27 19:00:00,19,Saturday,May,Clouds,21.33000000000004,0.0,40,2988
2017-05-28 01:00:00,1,Sunday,May,Clear,16.07000000000005,0.0,1,947
2017-05-28 03:00:00,3,Sunday,May,Clear,15.470000000000027,0.0,1,476
2017-05-28 05:00:00,5,Sunday,May,Clear,13.260000000000048,0.0,1,501
2017-05-28 09:00:00,9,Sunday,May,Clear,16.140000000000043,0.0,1,2877
2017-05-28 15:00:00,15,Sunday,May,Clouds,20.400000000000034,0.0,90,3657
2017-05-28 19:00:00,19,Sunday,May,Clouds,19.74000000000001,0.0,40,2990
2017-05-28 21:00:00,21,Sunday,May,Thunderstorm,15.560000000000002,0.0,40,2736
2017-05-29 00:00:00,0,Monday,May,Clouds,12.720000000000027,0.0,40,1538
2017-05-29 07:00:00,7,Monday,May,Clouds,12.07000000000005,0.0,75,1222
2017-05-29 10:00:00,10,Monday,May,Clouds,13.270000000000039,0.0,90,2609
2017-05-29 14:00:00,14,Monday,May,Rain,15.439999999999998,0.0,90,3855
2017-05-30 00:00:00,0,Tuesday,May,Clouds,12.870000000000005,0.0,40,636
2017-05-30 01:00:00,1,Tuesday,May,Clouds,12.129999999999995,0.0,40,329
2017-05-30 03:00:00,3,Tuesday,May,Clouds,11.560000000000002,0.0,75,313
2017-05-30 05:00:00,5,Tuesday,May,Clouds,11.470000000000027,0.0,40,2845
2017-05-30 09:00:00,9,Tuesday,May,Clouds,11.740000000000009,0.0,90,4909
2017-05-30 20:00:00,20,Tuesday,May,Clouds,13.670000000000016,0.0,90,2764
2017-05-31 01:00:00,1,Wednesday,May,Clouds,10.75,0.0,75,384
2017-05-31 03:00:00,3,Wednesday,May,Clear,10.939999999999998,0.0,1,359
2017-05-31 04:00:00,4,Wednesday,May,Clear,10.400000000000034,0.0,1,856
2017-05-31 07:00:00,7,Wednesday,May,Clear,9.53000000000003,0.0,1,6462
2017-05-31 08:00:00,8,Wednesday,May,Clouds,11.53000000000003,0.0,40,5895
2017-05-31 14:00:00,14,Wednesday,May,Clear,21.730000000000018,0.0,5,5027
2017-05-31 18:00:00,18,Wednesday,May,Clear,22.930000000000007,0.0,1,4484
2017-05-31 21:00:00,21,Wednesday,May,Clear,19.410000000000025,0.0,5,2806
2017-05-31 23:00:00,23,Wednesday,May,Clear,12.82000000000005,0.0,1,1213
2017-06-01 04:00:00,4,Thursday,June,Clear,6.670000000000016,0.0,1,848
2017-06-01 08:00:00,8,Thursday,June,Clear,11.240000000000009,0.0,5,5949
2017-06-01 11:00:00,11,Thursday,June,Clear,20.810000000000002,0.0,5,4909
2017-06-01 14:00:00,14,Thursday,June,Clouds,23.710000000000036,0.0,40,5228
2017-06-02 00:00:00,0,Friday,June,Clear,15.410000000000025,0.0,1,782
2017-06-02 06:00:00,6,Friday,June,Clear,11.07000000000005,0.0,1,5528
2017-06-02 07:00:00,7,Friday,June,Clouds,13.350000000000023,0.0,20,6385
2017-06-02 08:00:00,8,Friday,June,Clouds,16.629999999999995,0.0,20,5570
2017-06-02 12:00:00,12,Friday,June,Clouds,26.200000000000045,0.0,20,5071
2017-06-02 16:00:00,16,Friday,June,Clear,30.670000000000016,0.0,1,6053
2017-06-02 20:00:00,20,Friday,June,Clear,29.54000000000002,0.0,1,3558
2017-06-02 23:00:00,23,Friday,June,Thunderstorm,25.200000000000045,0.0,1,2251
2017-06-03 04:00:00,4,Saturday,June,Clear,23.33000000000004,0.0,1,658
2017-06-03 10:00:00,10,Saturday,June,Clouds,25.390000000000043,0.0,75,4248
2017-06-03 12:00:00,12,Saturday,June,Clear,28.129999999999995,0.0,1,4883
2017-06-03 13:00:00,13,Saturday,June,Clouds,29.470000000000027,0.0,75,4827
2017-06-03 15:00:00,15,Saturday,June,Rain,29.810000000000002,0.0,40,4549
2017-06-03 19:00:00,19,Saturday,June,Clear,29.400000000000034,0.0,1,3438
2017-06-04 09:00:00,9,Sunday,June,Clear,21.930000000000007,0.0,1,3289
2017-06-04 13:00:00,13,Sunday,June,Clear,29.220000000000027,0.0,1,4527
2017-06-04 17:00:00,17,Sunday,June,Clear,31.0,0.0,1,4536
2017-06-04 20:00:00,20,Sunday,June,Clear,28.470000000000027,0.0,1,3420
2017-06-05 00:00:00,0,Monday,June,Clear,20.379999999999995,0.0,1,799
2017-06-05 10:00:00,10,Monday,June,Clouds,18.32000000000005,0.0,40,4262
2017-06-05 16:00:00,16,Monday,June,Clear,26.870000000000005,0.0,1,6324
2017-06-05 19:00:00,19,Monday,June,Clear,26.80000000000001,0.0,5,3313
2017-06-05 21:00:00,21,Monday,June,Clear,24.140000000000043,0.0,1,2847
2017-06-06 12:00:00,12,Tuesday,June,Clear,23.27000000000004,0.0,1,4807
2017-06-06 15:00:00,15,Tuesday,June,Haze,26.0,0.0,1,5476
2017-06-06 17:00:00,17,Tuesday,June,Clear,26.930000000000007,0.0,1,5627
2017-06-06 23:00:00,23,Tuesday,June,Clear,19.0,0.0,1,1254
2017-06-07 08:00:00,8,Wednesday,June,Clouds,17.720000000000027,0.0,75,6009
2017-06-07 13:00:00,13,Wednesday,June,Clear,27.460000000000036,0.0,1,4793
2017-06-07 15:00:00,15,Wednesday,June,Clear,29.120000000000005,0.0,1,5642
2017-06-08 00:00:00,0,Thursday,June,Rain,20.950000000000045,0.0,90,920
2017-06-08 06:00:00,6,Thursday,June,Clouds,18.600000000000023,0.0,40,6083
2017-06-08 07:00:00,7,Thursday,June,Clouds,18.650000000000034,0.0,75,6473
2017-06-08 09:00:00,9,Thursday,June,Clouds,21.129999999999995,0.0,20,5031
2017-06-08 20:00:00,20,Thursday,June,Clear,26.74000000000001,0.0,1,3162
2017-06-08 22:00:00,22,Thursday,June,Clear,22.629999999999995,0.0,1,2537
2017-06-09 00:00:00,0,Friday,June,Clear,19.879999999999995,0.0,1,839
2017-06-09 01:00:00,1,Friday,June,Clear,19.0,0.0,1,469
2017-06-09 09:00:00,9,Friday,June,Clear,20.210000000000036,0.0,5,4876
2017-06-09 11:00:00,11,Friday,June,Clear,23.57000000000005,0.0,5,4866
2017-06-09 15:00:00,15,Friday,June,Clouds,27.79000000000002,0.0,40,5606
2017-06-09 20:00:00,20,Friday,June,Clear,27.930000000000007,0.0,1,3537
2017-06-09 22:00:00,22,Friday,June,Clouds,25.220000000000027,0.0,40,2951
2017-06-10 01:00:00,1,Saturday,June,Clear,23.390000000000043,0.0,1,994
2017-06-10 11:00:00,11,Saturday,June,Clear,29.28000000000003,0.0,5,4307
2017-06-10 12:00:00,12,Saturday,June,Clear,31.0,0.0,1,4857
2017-06-10 14:00:00,14,Saturday,June,Clouds,33.0,0.0,40,4600
2017-06-10 15:00:00,15,Saturday,June,Clouds,33.60000000000002,0.0,90,4550
2017-06-10 23:00:00,23,Saturday,June,Clear,24.950000000000045,0.0,1,2621
2017-06-11 00:00:00,0,Sunday,June,Clear,23.810000000000002,0.0,1,1743
2017-06-11 01:00:00,1,Sunday,June,Clouds,22.470000000000027,0.0,40,1123
2017-06-11 02:00:00,2,Sunday,June,Clear,22.210000000000036,0.0,1,718
2017-06-11 08:00:00,8,Sunday,June,Thunderstorm,22.54000000000002,0.0,20,1568
2017-06-11 10:00:00,10,Sunday,June,Thunderstorm,16.400000000000034,0.0,90,2709
2017-06-11 15:00:00,15,Sunday,June,Clouds,21.07000000000005,0.0,90,4510
2017-06-12 04:00:00,4,Monday,June,Fog,17.939999999999998,0.0,90,880
2017-06-12 08:00:00,8,Monday,June,Mist,18.060000000000002,0.0,20,5716
2017-06-12 13:00:00,13,Monday,June,Clouds,26.870000000000005,0.0,75,4843
2017-06-12 15:00:00,15,Monday,June,Thunderstorm,24.510000000000048,0.0,90,5287
2017-06-12 21:00:00,21,Monday,June,Clouds,22.25,0.0,75,2421
2017-06-13 00:00:00,0,Tuesday,June,Clear,19.75,0.0,1,750
2017-06-13 01:00:00,1,Tuesday,June,Mist,19.400000000000034,0.0,1,423
2017-06-13 04:00:00,4,Tuesday,June,Clear,18.930000000000007,0.0,1,883
2017-06-13 05:00:00,5,Tuesday,June,Clear,19.07000000000005,0.0,1,3010
2017-06-13 06:00:00,6,Tuesday,June,Clear,19.07000000000005,0.0,1,5800
2017-06-13 10:00:00,10,Tuesday,June,Clear,22.860000000000014,0.0,1,4357
2017-06-14 02:00:00,2,Wednesday,June,Rain,18.600000000000023,0.0,90,310
2017-06-14 03:00:00,3,Wednesday,June,Rain,18.600000000000023,0.0,40,369
2017-06-14 06:00:00,6,Wednesday,June,Rain,18.600000000000023,0.0,90,5880
2017-06-14 11:00:00,11,Wednesday,June,Clouds,23.80000000000001,0.0,75,4866
2017-06-14 20:00:00,20,Wednesday,June,Clouds,26.870000000000005,0.0,40,3089
2017-06-15 01:00:00,1,Thursday,June,Clear,19.860000000000014,0.0,1,563
2017-06-15 03:00:00,3,Thursday,June,Clear,18.0,0.0,1,381
2017-06-15 04:00:00,4,Thursday,June,Clear,17.640000000000043,0.0,1,872
2017-06-15 12:00:00,12,Thursday,June,Clouds,25.27000000000004,0.0,40,4944
2017-06-15 21:00:00,21,Thursday,June,Clear,26.470000000000027,0.0,1,3312
2017-06-15 22:00:00,22,Thursday,June,Clear,23.200000000000045,0.0,1,2700
2017-06-16 02:00:00,2,Friday,June,Clear,18.0,0.0,1,411
2017-06-16 05:00:00,5,Friday,June,Clear,16.99000000000001,0.0,1,2746
2017-06-16 06:00:00,6,Friday,June,Clouds,18.0,0.0,40,4912
2017-06-16 10:00:00,10,Friday,June,Clouds,22.129999999999995,0.0,75,4563
2017-06-16 18:00:00,18,Friday,June,Rain,26.060000000000002,0.0,90,4619
2017-06-16 23:00:00,23,Friday,June,Clear,20.75,0.0,1,384
2017-06-17 05:00:00,5,Saturday,June,Mist,14.740000000000009,0.0,1,993
2017-06-17 08:00:00,8,Saturday,June,Clear,19.210000000000036,0.0,1,2782
2017-06-17 10:00:00,10,Saturday,June,Clouds,23.53000000000003,0.0,75,4167
2017-06-17 15:00:00,15,Saturday,June,Clouds,27.189999999999998,0.0,75,4516
2017-06-18 00:00:00,0,Sunday,June,Rain,17.060000000000002,0.0,75,1387
2017-06-18 09:00:00,9,Sunday,June,Clouds,17.189999999999998,0.0,75,2736
2017-06-18 13:00:00,13,Sunday,June,Clouds,20.470000000000027,0.0,75,4642
2017-06-18 15:00:00,15,Sunday,June,Clouds,21.33000000000004,0.0,75,4374
2017-06-18 19:00:00,19,Sunday,June,Clear,21.470000000000027,0.0,1,3740
2017-06-18 21:00:00,21,Sunday,June,Clouds,19.870000000000005,0.0,40,2755
2017-06-19 01:00:00,1,Monday,June,Clouds,15.629999999999995,0.0,75,466
2017-06-19 02:00:00,2,Monday,June,Clouds,16.400000000000034,0.0,90,358
2017-06-19 04:00:00,4,Monday,June,Rain,16.129999999999995,0.0,1,878
2017-06-19 10:00:00,10,Monday,June,Clouds,18.210000000000036,0.0,75,4166
2017-06-19 13:00:00,13,Monday,June,Clouds,20.29000000000002,0.0,75,4863
2017-06-19 15:00:00,15,Monday,June,Thunderstorm,21.0,0.0,75,5464
2017-06-19 17:00:00,17,Monday,June,Clouds,21.850000000000023,0.0,75,5659
2017-06-20 02:00:00,2,Tuesday,June,Clear,14.640000000000043,0.0,1,318
2017-06-20 06:00:00,6,Tuesday,June,Rain,15.57000000000005,0.0,90,5457
2017-06-20 10:00:00,10,Tuesday,June,Clouds,17.730000000000018,0.0,40,4424
2017-06-20 12:00:00,12,Tuesday,June,Clear,20.640000000000043,0.0,1,4841
2017-06-20 14:00:00,14,Tuesday,June,Clouds,22.140000000000043,0.0,40,5049
2017-06-20 16:00:00,16,Tuesday,June,Clouds,23.28000000000003,0.0,40,6395
2017-06-20 20:00:00,20,Tuesday,June,Clouds,22.5,0.0,90,2872
2017-06-21 03:00:00,3,Wednesday,June,Clear,12.430000000000007,0.0,1,381
2017-06-21 09:00:00,9,Wednesday,June,Clear,18.57000000000005,0.0,1,4987
2017-06-21 19:00:00,19,Wednesday,June,Clear,26.340000000000032,0.0,1,3462
2017-06-21 21:00:00,21,Wednesday,June,Clouds,24.0,0.0,75,2792
2017-06-22 01:00:00,1,Thursday,June,Thunderstorm,21.400000000000034,0.0,75,514
2017-06-22 02:00:00,2,Thursday,June,Rain,21.129999999999995,0.0,1,336
2017-06-22 05:00:00,5,Thursday,June,Thunderstorm,19.189999999999998,0.0,1,2880
2017-06-22 15:00:00,15,Thursday,June,Rain,19.439999999999998,0.0,90,5652
2017-06-23 04:00:00,4,Friday,June,Clear,14.470000000000027,0.0,1,1023
2017-06-23 11:00:00,11,Friday,June,Clouds,19.0,0.0,75,5367
2017-06-23 14:00:00,14,Friday,June,Clouds,20.850000000000023,0.0,90,5295
2017-06-23 15:00:00,15,Friday,June,Clouds,21.400000000000034,0.0,75,5606
2017-06-23 16:00:00,16,Friday,June,Clouds,21.610000000000014,0.0,90,5868
2017-06-23 19:00:00,19,Friday,June,Rain,20.0,0.0,90,3857
2017-06-23 22:00:00,22,Friday,June,Rain,17.25,0.0,1,3507
2017-06-24 03:00:00,3,Saturday,June,Clouds,13.54000000000002,0.0,40,461
2017-06-24 05:00:00,5,Saturday,June,Clear,11.879999999999995,0.0,1,1042
2017-06-24 07:00:00,7,Saturday,June,Clouds,12.270000000000039,0.0,75,2304
2017-06-24 08:00:00,8,Saturday,June,Clear,12.800000000000011,0.0,1,3141
2017-06-24 15:00:00,15,Saturday,June,Thunderstorm,16.210000000000036,0.0,90,4573
2017-06-24 21:00:00,21,Saturday,June,Clouds,15.54000000000002,0.0,40,3322
2017-06-24 22:00:00,22,Saturday,June,Rain,14.670000000000016,0.0,40,3431
2017-06-25 00:00:00,0,Sunday,June,Clear,13.07000000000005,0.0,1,1751
2017-06-25 07:00:00,7,Sunday,June,Clouds,12.470000000000027,0.0,90,1628
2017-06-25 12:00:00,12,Sunday,June,Rain,14.990000000000009,0.0,90,4398
2017-06-25 23:00:00,23,Sunday,June,Clouds,13.939999999999998,0.0,40,1255
2017-06-26 06:00:00,6,Monday,June,Clear,8.810000000000002,0.0,1,5431
2017-06-26 12:00:00,12,Monday,June,Clouds,18.129999999999995,0.0,75,4714
2017-06-26 14:00:00,14,Monday,June,Clouds,19.560000000000002,0.0,75,4762
2017-06-26 15:00:00,15,Monday,June,Clouds,20.27000000000004,0.0,40,5442
2017-06-26 18:00:00,18,Monday,June,Clouds,20.370000000000005,0.0,75,4185
2017-06-26 20:00:00,20,Monday,June,Clouds,20.33000000000004,0.0,20,2836
2017-06-26 23:00:00,23,Monday,June,Clear,13.080000000000041,0.0,1,1173
2017-06-27 01:00:00,1,Tuesday,June,Clear,11.410000000000025,0.0,1,429
2017-06-27 05:00:00,5,Tuesday,June,Clear,9.629999999999995,0.0,1,2909
2017-06-27 11:00:00,11,Tuesday,June,Clouds,20.930000000000007,0.0,40,4529
2017-06-27 13:00:00,13,Tuesday,June,Clear,22.430000000000007,0.0,1,4691
2017-06-27 20:00:00,20,Tuesday,June,Clear,23.140000000000043,0.0,1,2965
2017-06-27 23:00:00,23,Tuesday,June,Clear,20.200000000000045,0.0,1,1113
2017-06-28 01:00:00,1,Wednesday,June,Drizzle,19.33000000000004,0.0,1,389
2017-06-28 07:00:00,7,Wednesday,June,Rain,17.07000000000005,0.0,90,5320
2017-06-28 12:00:00,12,Wednesday,June,Rain,19.600000000000023,0.0,90,4891
2017-06-28 16:00:00,16,Wednesday,June,Thunderstorm,25.210000000000036,0.0,75,6374
2017-06-28 22:00:00,22,Wednesday,June,Clouds,21.810000000000002,0.0,40,2240
2017-06-29 00:00:00,0,Thursday,June,Rain,20.33000000000004,0.0,1,847
2017-06-29 02:00:00,2,Thursday,June,Clouds,19.460000000000036,0.0,90,464
2017-06-29 04:00:00,4,Thursday,June,Clouds,18.27000000000004,0.0,75,1002
2017-06-29 07:00:00,7,Thursday,June,Clouds,18.140000000000043,0.0,90,6747
2017-06-29 08:00:00,8,Thursday,June,Mist,18.200000000000045,0.0,90,5679
2017-06-29 10:00:00,10,Thursday,June,Mist,18.689999999999998,0.0,90,4381
2017-06-29 14:00:00,14,Thursday,June,Clouds,21.140000000000043,0.0,90,5081
2017-06-29 17:00:00,17,Thursday,June,Clouds,23.060000000000002,0.0,90,5804
2017-06-29 19:00:00,19,Thursday,June,Clouds,23.129999999999995,0.0,75,3625
2017-06-29 20:00:00,20,Thursday,June,Thunderstorm,23.0,0.0,75,3329
2017-06-30 00:00:00,0,Friday,June,Rain,19.75,0.0,1,830
2017-06-30 01:00:00,1,Friday,June,Rain,19.54000000000002,0.0,1,531
2017-06-30 05:00:00,5,Friday,June,Thunderstorm,17.0,0.0,90,2664
2017-06-30 06:00:00,6,Friday,June,Rain,16.29000000000002,0.0,1,5219
2017-06-30 14:00:00,14,Friday,June,Clouds,24.400000000000034,0.0,75,5392
2017-06-30 15:00:00,15,Friday,June,Rain,24.340000000000032,0.0,75,5602
2017-06-30 17:00:00,17,Friday,June,Thunderstorm,21.700000000000045,0.0,90,4756
2017-06-30 18:00:00,18,Friday,June,Rain,21.660000000000025,0.0,1,3988
2017-06-30 22:00:00,22,Friday,June,Thunderstorm,19.25,0.0,1,3318
2017-07-01 00:00:00,0,Saturday,July,Rain,18.200000000000045,0.0,40,1320
2017-07-01 06:00:00,6,Saturday,July,Clear,15.870000000000005,0.0,1,1769
2017-07-01 09:00:00,9,Saturday,July,Clear,18.0,0.0,1,3257
2017-07-01 10:00:00,10,Saturday,July,Clouds,19.180000000000007,0.0,40,3768
2017-07-01 12:00:00,12,Saturday,July,Clouds,21.200000000000045,0.0,75,4091
2017-07-01 16:00:00,16,Saturday,July,Clouds,22.930000000000007,0.0,40,3783
2017-07-01 19:00:00,19,Saturday,July,Clear,22.80000000000001,0.0,1,3146
2017-07-02 02:00:00,2,Sunday,July,Clouds,19.33000000000004,0.0,40,770
2017-07-02 13:00:00,13,Sunday,July,Clouds,23.27000000000004,0.0,40,3908
2017-07-02 19:00:00,19,Sunday,July,Clear,25.53000000000003,0.0,1,3117
2017-07-02 21:00:00,21,Sunday,July,Clear,22.670000000000016,0.0,5,2854
2017-07-02 22:00:00,22,Sunday,July,Clear,20.32000000000005,0.0,1,2523
2017-07-03 01:00:00,1,Monday,July,Clear,15.470000000000027,0.0,1,619
2017-07-03 04:00:00,4,Monday,July,Mist,13.800000000000011,0.0,1,935
2017-07-03 08:00:00,8,Monday,July,Clear,17.260000000000048,0.0,1,3356
2017-07-03 12:00:00,12,Monday,July,Clear,24.689999999999998,0.0,1,4222
2017-07-03 13:00:00,13,Monday,July,Clear,25.140000000000043,0.0,1,4364
2017-07-03 18:00:00,18,Monday,July,Clear,27.129999999999995,0.0,1,3567
2017-07-03 20:00:00,20,Monday,July,Clouds,25.74000000000001,0.0,40,2690
2017-07-03 23:00:00,23,Monday,July,Clear,21.410000000000025,0.0,1,1606
2017-07-04 05:00:00,5,Tuesday,July,Clear,18.200000000000045,0.0,1,775
2017-07-04 06:00:00,6,Tuesday,July,Clear,18.400000000000034,0.0,1,1125
2017-07-04 10:00:00,10,Tuesday,July,Clouds,23.129999999999995,0.0,40,2385
2017-07-04 11:00:00,11,Tuesday,July,Clouds,24.860000000000014,0.0,20,2921
2017-07-04 17:00:00,17,Tuesday,July,Clouds,29.370000000000005,0.0,40,3398
2017-07-04 18:00:00,18,Tuesday,July,Clouds,29.600000000000023,0.0,40,2943
2017-07-05 01:00:00,1,Wednesday,July,Thunderstorm,23.0,0.0,90,698
2017-07-05 21:00:00,21,Wednesday,July,Clear,28.82000000000005,0.0,5,2505
2017-07-06 03:00:00,3,Thursday,July,Thunderstorm,23.930000000000007,0.0,1,305
2017-07-06 05:00:00,5,Thursday,July,Thunderstorm,23.260000000000048,0.0,1,2741
2017-07-06 08:00:00,8,Thursday,July,Thunderstorm,22.400000000000034,0.0,40,5356
2017-07-06 17:00:00,17,Thursday,July,Clouds,32.80000000000001,0.0,40,5833
2017-07-06 20:00:00,20,Thursday,July,Clouds,30.74000000000001,0.0,20,2996
2017-07-06 22:00:00,22,Thursday,July,Clouds,27.470000000000027,0.0,40,2328
2017-07-06 23:00:00,23,Thursday,July,Clear,26.340000000000032,0.0,1,1482
2017-07-07 02:00:00,2,Friday,July,Clear,21.480000000000018,0.0,1,364
2017-07-07 11:00:00,11,Friday,July,Clear,24.200000000000045,0.0,1,4784
2017-07-07 12:00:00,12,Friday,July,Clear,25.600000000000023,0.0,1,5012
2017-07-07 13:00:00,13,Friday,July,Clouds,26.53000000000003,0.0,40,5032
2017-07-07 16:00:00,16,Friday,July,Rain,25.930000000000007,0.0,75,5625
2017-07-07 17:00:00,17,Friday,July,Rain,25.439999999999998,0.0,40,5750
2017-07-08 12:00:00,12,Saturday,July,Clouds,24.370000000000005,0.0,75,4442
2017-07-08 19:00:00,19,Saturday,July,Clouds,27.27000000000004,0.0,40,3353
2017-07-08 20:00:00,20,Saturday,July,Clouds,26.129999999999995,0.0,20,3164
2017-07-08 23:00:00,23,Saturday,July,Clear,19.939999999999998,0.0,1,2183
2017-07-09 08:00:00,8,Sunday,July,Rain,19.07000000000005,0.0,40,2043
2017-07-09 10:00:00,10,Sunday,July,Rain,20.28000000000003,0.0,75,3325
2017-07-09 11:00:00,11,Sunday,July,Rain,20.74000000000001,0.0,75,3922
2017-07-09 18:00:00,18,Sunday,July,Clear,27.07000000000005,0.0,1,3870
2017-07-10 05:00:00,5,Monday,July,Mist,19.200000000000045,0.0,75,2862
2017-07-10 07:00:00,7,Monday,July,Mist,19.129999999999995,0.0,90,6597
2017-07-10 08:00:00,8,Monday,July,Clouds,19.57000000000005,0.0,90,5827
2017-07-10 12:00:00,12,Monday,July,Clouds,24.680000000000007,0.0,40,4751
2017-07-10 13:00:00,13,Monday,July,Clouds,26.140000000000043,0.0,75,4752
2017-07-10 16:00:00,16,Monday,July,Clouds,28.200000000000045,0.0,40,6107
2017-07-10 18:00:00,18,Monday,July,Clear,28.600000000000023,0.0,1,4167
2017-07-11 06:00:00,6,Tuesday,July,Mist,15.470000000000027,0.0,1,5814
2017-07-11 21:00:00,21,Tuesday,July,Clear,26.610000000000014,0.0,1,3115
2017-07-12 01:00:00,1,Wednesday,July,Rain,24.0,0.0,1,453
2017-07-12 05:00:00,5,Wednesday,July,Clear,20.5,0.0,1,2960
2017-07-12 11:00:00,11,Wednesday,July,Clouds,27.29000000000002,0.0,40,4669
2017-07-12 14:00:00,14,Wednesday,July,Clouds,29.150000000000034,0.0,40,5356
2017-07-12 16:00:00,16,Wednesday,July,Clouds,29.150000000000034,0.0,75,6673
2017-07-12 23:00:00,23,Wednesday,July,Clouds,21.210000000000036,0.0,90,1292
2017-07-13 01:00:00,1,Thursday,July,Rain,19.629999999999995,0.0,90,434
2017-07-13 03:00:00,3,Thursday,July,Mist,17.650000000000034,0.0,1,348
2017-07-13 09:00:00,9,Thursday,July,Clouds,14.080000000000041,0.0,90,4959
2017-07-13 15:00:00,15,Thursday,July,Clouds,18.810000000000002,0.0,90,5799
2017-07-13 20:00:00,20,Thursday,July,Clouds,17.870000000000005,0.0,90,3127
2017-07-13 21:00:00,21,Thursday,July,Rain,17.27000000000004,0.0,90,3123
2017-07-14 08:00:00,8,Friday,July,Clouds,15.930000000000007,0.0,90,5772
2017-07-14 10:00:00,10,Friday,July,Clouds,18.0,0.0,75,4526
2017-07-14 11:00:00,11,Friday,July,Clouds,18.5,0.0,90,4980
2017-07-14 13:00:00,13,Friday,July,Clouds,20.07000000000005,0.0,90,5074
2017-07-14 19:00:00,19,Friday,July,Clear,23.310000000000002,0.0,5,3872
2017-07-14 22:00:00,22,Friday,July,Clear,19.129999999999995,0.0,5,3834
2017-07-15 12:00:00,12,Saturday,July,Clear,28.260000000000048,0.0,5,4484
2017-07-15 15:00:00,15,Saturday,July,Clear,31.930000000000007,0.0,1,4133
2017-07-15 16:00:00,16,Saturday,July,Clouds,32.400000000000034,0.0,40,4187
2017-07-15 23:00:00,23,Saturday,July,Clear,23.680000000000007,0.0,1,2239
2017-07-16 05:00:00,5,Sunday,July,Clear,18.670000000000016,0.0,1,586
2017-07-16 13:00:00,13,Sunday,July,Clouds,25.870000000000005,0.0,75,4425
2017-07-16 22:00:00,22,Sunday,July,Clear,22.57000000000005,0.0,1,2334
2017-07-17 05:00:00,5,Monday,July,Clear,18.400000000000034,0.0,1,2812
2017-07-17 06:00:00,6,Monday,July,Clear,18.33000000000004,0.0,1,5572
2017-07-17 07:00:00,7,Monday,July,Clear,18.939999999999998,0.0,1,6391
2017-07-17 14:00:00,14,Monday,July,Clouds,30.689999999999998,0.0,20,5009
2017-07-17 23:00:00,23,Monday,July,Thunderstorm,21.08000000000004,0.0,90,1016
2017-07-18 04:00:00,4,Tuesday,July,Rain,21.470000000000027,0.0,1,845
2017-07-18 06:00:00,6,Tuesday,July,Clear,21.640000000000043,0.0,1,5773
2017-07-18 12:00:00,12,Tuesday,July,Rain,25.129999999999995,0.0,1,4842
2017-07-18 20:00:00,20,Tuesday,July,Clouds,24.710000000000036,0.0,20,3014
2017-07-19 01:00:00,1,Wednesday,July,Mist,17.410000000000025,0.0,1,478
2017-07-19 04:00:00,4,Wednesday,July,Mist,15.5,0.0,1,1035
2017-07-19 05:00:00,5,Wednesday,July,Mist,14.860000000000014,0.0,1,3104
2017-07-19 08:00:00,8,Wednesday,July,Haze,19.379999999999995,0.0,20,5899
2017-07-19 12:00:00,12,Wednesday,July,Clouds,26.140000000000043,0.0,40,4911
2017-07-19 13:00:00,13,Wednesday,July,Clouds,27.07000000000005,0.0,75,5125
2017-07-19 16:00:00,16,Wednesday,July,Thunderstorm,23.79000000000002,0.0,75,6401
2017-07-20 01:00:00,1,Thursday,July,Rain,20.920000000000016,0.0,75,495
2017-07-20 02:00:00,2,Thursday,July,Mist,20.54000000000002,0.0,40,361
2017-07-20 04:00:00,4,Thursday,July,Mist,19.27000000000004,0.0,90,930
2017-07-20 05:00:00,5,Thursday,July,Mist,18.870000000000005,0.0,90,3008
2017-07-20 09:00:00,9,Thursday,July,Fog,21.220000000000027,0.0,75,5051
2017-07-20 10:00:00,10,Thursday,July,Haze,22.07000000000005,0.0,75,4371
2017-07-20 13:00:00,13,Thursday,July,Clouds,27.0,0.0,75,5105
2017-07-20 20:00:00,20,Thursday,July,Clouds,28.870000000000005,0.0,20,3346
2017-07-20 23:00:00,23,Thursday,July,Mist,21.58000000000004,0.0,1,1525
2017-07-21 00:00:00,0,Friday,July,Mist,20.650000000000034,0.0,1,888
2017-07-21 12:00:00,12,Friday,July,Rain,23.860000000000014,0.0,90,5074
2017-07-21 14:00:00,14,Friday,July,Rain,23.930000000000007,0.0,40,5341
2017-07-21 15:00:00,15,Friday,July,Clouds,25.53000000000003,0.0,20,5640
2017-07-21 17:00:00,17,Friday,July,Clouds,27.340000000000032,0.0,75,5362
2017-07-21 20:00:00,20,Friday,July,Clouds,26.650000000000034,0.0,75,3321
2017-07-21 22:00:00,22,Friday,July,Rain,24.27000000000004,0.0,75,3196
2017-07-22 03:00:00,3,Saturday,July,Clear,20.870000000000005,0.0,1,585
2017-07-22 07:00:00,7,Saturday,July,Clear,20.400000000000034,0.0,1,1996
2017-07-22 10:00:00,10,Saturday,July,Clear,23.930000000000007,0.0,1,3738
2017-07-22 13:00:00,13,Saturday,July,Clear,28.79000000000002,0.0,1,4457
2017-07-22 14:00:00,14,Saturday,July,Clear,29.640000000000043,0.0,1,4826
2017-07-22 15:00:00,15,Saturday,July,Clouds,30.400000000000034,0.0,75,4332
2017-07-23 01:00:00,1,Sunday,July,Clear,20.010000000000048,0.0,1,1129
2017-07-23 03:00:00,3,Sunday,July,Clear,20.140000000000043,0.0,1,413
2017-07-23 05:00:00,5,Sunday,July,Clouds,19.720000000000027,0.0,40,500
2017-07-23 08:00:00,8,Sunday,July,Clouds,19.600000000000023,0.0,20,1822
2017-07-23 16:00:00,16,Sunday,July,Clouds,23.650000000000034,0.0,75,4720
2017-07-24 01:00:00,1,Monday,July,Clouds,16.410000000000025,0.0,75,403
2017-07-24 04:00:00,4,Monday,July,Fog,14.07000000000005,0.0,1,836
2017-07-24 05:00:00,5,Monday,July,Mist,13.879999999999995,0.0,1,2838
2017-07-24 10:00:00,10,Monday,July,Clear,19.28000000000003,0.0,1,4030
2017-07-24 11:00:00,11,Monday,July,Clouds,20.860000000000014,0.0,20,4406
2017-07-24 20:00:00,20,Monday,July,Clouds,23.57000000000005,0.0,75,2792
2017-07-24 22:00:00,22,Monday,July,Clouds,21.210000000000036,0.0,75,1752
2017-07-24 23:00:00,23,Monday,July,Clear,20.28000000000003,0.0,1,1121
2017-07-25 00:00:00,0,Tuesday,July,Rain,19.670000000000016,0.0,1,701
2017-07-25 11:00:00,11,Tuesday,July,Clouds,22.54000000000002,0.0,75,4644
2017-07-25 13:00:00,13,Tuesday,July,Clouds,25.870000000000005,0.0,75,5102
2017-07-26 05:00:00,5,Wednesday,July,Thunderstorm,22.460000000000036,0.0,90,2900
2017-07-26 07:00:00,7,Wednesday,July,Rain,21.610000000000014,0.0,90,6510
2017-07-26 09:00:00,9,Wednesday,July,Drizzle,21.930000000000007,0.0,90,5034
2017-07-26 14:00:00,14,Wednesday,July,Clouds,25.78000000000003,0.0,75,5278
2017-07-26 17:00:00,17,Wednesday,July,Clear,28.07000000000005,0.0,1,6519
2017-07-26 19:00:00,19,Wednesday,July,Clear,27.53000000000003,0.0,1,3664
2017-07-26 20:00:00,20,Wednesday,July,Clouds,26.860000000000014,0.0,40,3345
2017-07-26 21:00:00,21,Wednesday,July,Clouds,24.80000000000001,0.0,40,3385
2017-07-27 00:00:00,0,Thursday,July,Mist,19.57000000000005,0.0,1,1064
2017-07-27 04:00:00,4,Thursday,July,Clear,18.060000000000002,0.0,1,910
2017-07-27 08:00:00,8,Thursday,July,Clear,19.120000000000005,0.0,5,6096
2017-07-27 19:00:00,19,Thursday,July,Clouds,28.210000000000036,0.0,40,3683
2017-07-27 23:00:00,23,Thursday,July,Clear,21.140000000000043,0.0,1,1755
2017-07-28 01:00:00,1,Friday,July,Clear,20.0,0.0,1,757
2017-07-28 03:00:00,3,Friday,July,Mist,18.0,0.0,1,458
2017-07-28 04:00:00,4,Friday,July,Mist,17.600000000000023,0.0,1,923
2017-07-28 05:00:00,5,Friday,July,Mist,16.930000000000007,0.0,1,2810
2017-07-28 11:00:00,11,Friday,July,Clouds,24.53000000000003,0.0,40,4931
2017-07-28 12:00:00,12,Friday,July,Clouds,26.27000000000004,0.0,40,5399
2017-07-28 17:00:00,17,Friday,July,Clouds,28.33000000000004,0.0,40,5775
2017-07-28 18:00:00,18,Friday,July,Clouds,28.129999999999995,0.0,40,4745
2017-07-28 19:00:00,19,Friday,July,Clouds,28.0,0.0,20,3706
2017-07-29 00:00:00,0,Saturday,July,Clear,18.870000000000005,0.0,1,1789
2017-07-29 01:00:00,1,Saturday,July,Clear,18.07000000000005,0.0,1,997
2017-07-29 04:00:00,4,Saturday,July,Clear,15.720000000000027,0.0,1,342
2017-07-29 05:00:00,5,Saturday,July,Clear,15.210000000000036,0.0,1,612
2017-07-29 07:00:00,7,Saturday,July,Clouds,14.710000000000036,0.0,20,1365
2017-07-29 08:00:00,8,Saturday,July,Clouds,17.660000000000025,0.0,20,2373
2017-07-29 17:00:00,17,Saturday,July,Clear,27.930000000000007,0.0,1,4517
2017-07-29 18:00:00,18,Saturday,July,Clouds,27.870000000000005,0.0,20,4189
2017-07-29 19:00:00,19,Saturday,July,Clouds,27.930000000000007,0.0,20,3394
2017-07-29 22:00:00,22,Saturday,July,Clouds,21.720000000000027,0.0,20,3246
2017-07-29 23:00:00,23,Saturday,July,Clear,19.930000000000007,0.0,1,2484
2017-07-30 02:00:00,2,Sunday,July,Clear,16.860000000000014,0.0,1,797
2017-07-30 06:00:00,6,Sunday,July,Mist,15.670000000000016,0.0,1,886
2017-07-30 07:00:00,7,Sunday,July,Mist,15.350000000000023,0.0,20,1127
2017-07-30 08:00:00,8,Sunday,July,Clear,18.07000000000005,0.0,1,1911
2017-07-30 11:00:00,11,Sunday,July,Clear,25.29000000000002,0.0,1,3867
2017-07-30 14:00:00,14,Sunday,July,Clear,28.140000000000043,0.0,1,4755
2017-07-30 15:00:00,15,Sunday,July,Clouds,28.600000000000023,0.0,40,4883
2017-07-30 19:00:00,19,Sunday,July,Clouds,28.0,0.0,75,3914
2017-07-31 01:00:00,1,Monday,July,Clear,19.220000000000027,0.0,1,521
2017-07-31 03:00:00,3,Monday,July,Clear,18.220000000000027,0.0,1,372
2017-07-31 08:00:00,8,Monday,July,Clouds,19.590000000000032,0.0,40,5631
2017-07-31 21:00:00,21,Monday,July,Clouds,24.930000000000007,0.0,20,2555
2017-07-31 23:00:00,23,Monday,July,Clear,21.5,0.0,1,1143
2017-08-01 00:00:00,0,Tuesday,August,Clear,21.430000000000007,0.0,1,700
2017-08-01 03:00:00,3,Tuesday,August,Clear,19.29000000000002,0.0,1,385
2017-08-01 04:00:00,4,Tuesday,August,Clear,18.379999999999995,0.0,1,926
2017-08-01 06:00:00,6,Tuesday,August,Clear,18.150000000000034,0.0,1,5840
2017-08-01 12:00:00,12,Tuesday,August,Clear,26.920000000000016,0.0,1,5132
2017-08-01 13:00:00,13,Tuesday,August,Clouds,27.920000000000016,0.0,75,5034
2017-08-01 16:00:00,16,Tuesday,August,Thunderstorm,30.140000000000043,0.0,40,6651
2017-08-02 00:00:00,0,Wednesday,August,Mist,21.07000000000005,0.0,1,708
2017-08-02 06:00:00,6,Wednesday,August,Clear,18.0,0.0,1,5724
2017-08-02 08:00:00,8,Wednesday,August,Clouds,18.28000000000003,0.0,40,6029
2017-08-02 10:00:00,10,Wednesday,August,Clouds,22.0,0.0,75,4506
2017-08-02 14:00:00,14,Wednesday,August,Clear,26.200000000000045,0.0,1,5289
2017-08-02 18:00:00,18,Wednesday,August,Clouds,25.730000000000018,0.0,75,4655
2017-08-02 21:00:00,21,Wednesday,August,Clouds,21.28000000000003,0.0,75,2837
2017-08-02 23:00:00,23,Wednesday,August,Clouds,20.5,0.0,75,1210
2017-08-03 01:00:00,1,Thursday,August,Rain,18.78000000000003,0.0,90,394
2017-08-03 04:00:00,4,Thursday,August,Thunderstorm,16.930000000000007,0.0,90,896
2017-08-03 07:00:00,7,Thursday,August,Thunderstorm,15.660000000000025,0.0,90,5801
2017-08-03 10:00:00,10,Thursday,August,Rain,13.640000000000043,0.0,90,4365
2017-08-03 12:00:00,12,Thursday,August,Rain,13.07000000000005,0.0,90,5009
2017-08-03 18:00:00,18,Thursday,August,Clouds,13.470000000000027,0.0,90,4746
2017-08-03 19:00:00,19,Thursday,August,Rain,13.600000000000023,0.0,90,3430
2017-08-03 20:00:00,20,Thursday,August,Rain,13.270000000000039,0.0,90,3123
2017-08-04 06:00:00,6,Friday,August,Clouds,12.260000000000048,0.0,75,5426
2017-08-04 11:00:00,11,Friday,August,Clear,18.600000000000023,0.0,1,4954
2017-08-04 13:00:00,13,Friday,August,Clouds,21.930000000000007,0.0,40,5206
2017-08-04 16:00:00,16,Friday,August,Clouds,24.430000000000007,0.0,40,6066
2017-08-04 20:00:00,20,Friday,August,Clouds,22.57000000000005,0.0,40,3206
2017-08-04 21:00:00,21,Friday,August,Clouds,19.870000000000005,0.0,75,3216
2017-08-04 22:00:00,22,Friday,August,Clouds,18.0,0.0,40,3001
2017-08-05 00:00:00,0,Saturday,August,Clear,15.360000000000014,0.0,1,1472
2017-08-05 04:00:00,4,Saturday,August,Clear,12.57000000000005,0.0,1,468
2017-08-05 06:00:00,6,Saturday,August,Mist,11.57000000000005,0.0,1,1431
2017-08-05 14:00:00,14,Saturday,August,Clear,24.0,0.0,1,4512
2017-08-05 23:00:00,23,Saturday,August,Clear,16.930000000000007,0.0,1,3893
2017-08-06 01:00:00,1,Sunday,August,Mist,15.270000000000039,0.0,40,1151
2017-08-06 04:00:00,4,Sunday,August,Clear,15.400000000000034,0.0,1,414
2017-08-06 06:00:00,6,Sunday,August,Rain,15.640000000000043,0.0,1,1055
2017-08-06 11:00:00,11,Sunday,August,Clouds,20.80000000000001,0.0,75,4317
2017-08-06 14:00:00,14,Sunday,August,Thunderstorm,22.720000000000027,0.0,90,4186
2017-08-06 17:00:00,17,Sunday,August,Thunderstorm,21.860000000000014,0.0,75,4073
2017-08-07 05:00:00,5,Monday,August,Mist,12.78000000000003,0.0,1,2878
2017-08-07 12:00:00,12,Monday,August,Clouds,22.730000000000018,0.0,40,4857
2017-08-07 13:00:00,13,Monday,August,Clouds,24.129999999999995,0.0,40,4900
2017-08-07 18:00:00,18,Monday,August,Clouds,26.29000000000002,0.0,40,4747
2017-08-08 01:00:00,1,Tuesday,August,Clear,16.27000000000004,0.0,1,395
2017-08-08 02:00:00,2,Tuesday,August,Clear,15.57000000000005,0.0,1,321
2017-08-08 05:00:00,5,Tuesday,August,Clear,14.400000000000034,0.0,1,2983
2017-08-08 10:00:00,10,Tuesday,August,Clear,21.689999999999998,0.0,1,4362
2017-08-08 12:00:00,12,Tuesday,August,Clear,24.860000000000014,0.0,1,4902
2017-08-08 15:00:00,15,Tuesday,August,Clouds,26.720000000000027,0.0,40,5927
2017-08-08 18:00:00,18,Tuesday,August,Clouds,27.129999999999995,0.0,40,5408
2017-08-09 02:00:00,2,Wednesday,August,Clear,17.220000000000027,0.0,1,306
2017-08-09 10:00:00,10,Wednesday,August,Rain,19.33000000000004,0.0,75,4368
2017-08-09 12:00:00,12,Wednesday,August,Rain,19.730000000000018,0.0,90,4675
2017-08-09 14:00:00,14,Wednesday,August,Rain,18.160000000000025,0.0,90,4975
2017-08-09 20:00:00,20,Wednesday,August,Rain,18.57000000000005,0.0,90,2938
2017-08-10 00:00:00,0,Thursday,August,Thunderstorm,18.140000000000043,0.0,90,622
2017-08-10 03:00:00,3,Thursday,August,Mist,16.400000000000034,0.0,40,355
2017-08-10 06:00:00,6,Thursday,August,Mist,16.0,0.0,75,5800
2017-08-10 09:00:00,9,Thursday,August,Mist,17.350000000000023,0.0,75,5068
2017-08-10 15:00:00,15,Thursday,August,Rain,21.860000000000014,0.0,75,5784
2017-08-10 18:00:00,18,Thursday,August,Clouds,21.860000000000014,0.0,75,4692
2017-08-10 21:00:00,21,Thursday,August,Clouds,19.470000000000027,0.0,40,3271
2017-08-10 22:00:00,22,Thursday,August,Clear,18.129999999999995,0.0,1,2248
2017-08-11 01:00:00,1,Friday,August,Mist,16.140000000000043,0.0,1,431
2017-08-11 11:00:00,11,Friday,August,Clear,20.660000000000025,0.0,5,4991
2017-08-11 15:00:00,15,Friday,August,Clear,24.0,0.0,1,5521
2017-08-11 17:00:00,17,Friday,August,Clouds,25.0,0.0,40,5363
2017-08-11 19:00:00,19,Friday,August,Clear,24.08000000000004,0.0,1,3960
2017-08-12 02:00:00,2,Saturday,August,Clouds,15.07000000000005,0.0,40,638
2017-08-12 05:00:00,5,Saturday,August,Mist,12.29000000000002,0.0,1,811
2017-08-12 09:00:00,9,Saturday,August,Clear,17.0,0.0,5,3355
2017-08-12 12:00:00,12,Saturday,August,Clear,23.33000000000004,0.0,1,4528
2017-08-12 13:00:00,13,Saturday,August,Clear,24.360000000000014,0.0,1,4632
2017-08-12 17:00:00,17,Saturday,August,Clouds,25.470000000000027,0.0,75,4719
2017-08-12 21:00:00,21,Saturday,August,Clouds,20.200000000000045,0.0,75,3442
2017-08-13 00:00:00,0,Sunday,August,Clear,16.870000000000005,0.0,1,1655
2017-08-13 01:00:00,1,Sunday,August,Clear,15.740000000000009,0.0,1,982
2017-08-13 10:00:00,10,Sunday,August,Clouds,17.57000000000005,0.0,90,3288
2017-08-13 13:00:00,13,Sunday,August,Rain,20.710000000000036,0.0,75,4254
2017-08-13 14:00:00,14,Sunday,August,Rain,20.710000000000036,0.0,75,4639
2017-08-13 20:00:00,20,Sunday,August,Rain,20.0,0.0,75,2859
2017-08-13 21:00:00,21,Sunday,August,Rain,18.930000000000007,0.0,90,2368
2017-08-13 23:00:00,23,Sunday,August,Thunderstorm,18.5,0.0,90,1065
2017-08-14 01:00:00,1,Monday,August,Rain,17.29000000000002,0.0,90,392
2017-08-14 03:00:00,3,Monday,August,Rain,16.670000000000016,0.0,40,337
2017-08-14 04:00:00,4,Monday,August,Rain,16.57000000000005,0.0,90,873
2017-08-14 06:00:00,6,Monday,August,Rain,16.430000000000007,0.0,1,5655
2017-08-14 11:00:00,11,Monday,August,Mist,18.29000000000002,0.0,90,4518
2017-08-14 16:00:00,16,Monday,August,Clouds,22.200000000000045,0.0,75,6419
2017-08-14 19:00:00,19,Monday,August,Clouds,22.54000000000002,0.0,75,3266
2017-08-14 21:00:00,21,Monday,August,Clouds,20.140000000000043,0.0,40,2441
2017-08-15 03:00:00,3,Tuesday,August,Mist,14.670000000000016,0.0,1,376
2017-08-15 08:00:00,8,Tuesday,August,Fog,14.330000000000041,0.0,20,6088
2017-08-15 11:00:00,11,Tuesday,August,Clear,18.54000000000002,0.0,1,4751
2017-08-15 15:00:00,15,Tuesday,August,Clear,24.170000000000016,0.0,1,5752
2017-08-15 19:00:00,19,Tuesday,August,Clouds,23.0,0.0,90,3509
2017-08-15 22:00:00,22,Tuesday,August,Clear,19.54000000000002,0.0,5,1926
2017-08-16 10:00:00,10,Wednesday,August,Rain,18.860000000000014,0.0,90,4389
2017-08-16 12:00:00,12,Wednesday,August,Clouds,21.310000000000002,0.0,90,5053
2017-08-16 13:00:00,13,Wednesday,August,Clouds,21.77000000000004,0.0,90,4857
2017-08-16 22:00:00,22,Wednesday,August,Rain,21.210000000000036,0.0,90,2039
2017-08-16 23:00:00,23,Wednesday,August,Rain,21.07000000000005,0.0,90,1368
2017-08-17 03:00:00,3,Thursday,August,Rain,20.230000000000018,0.0,90,311
2017-08-17 12:00:00,12,Thursday,August,Mist,18.850000000000023,0.0,90,5125
2017-08-17 20:00:00,20,Thursday,August,Clouds,21.54000000000002,0.0,90,3414
2017-08-17 23:00:00,23,Thursday,August,Clouds,18.79000000000002,0.0,40,1483
2017-08-18 02:00:00,2,Friday,August,Clear,16.07000000000005,0.0,1,341
2017-08-18 06:00:00,6,Friday,August,Mist,14.850000000000023,0.0,1,5156
2017-08-18 07:00:00,7,Friday,August,Clear,14.79000000000002,0.0,1,6180
2017-08-18 10:00:00,10,Friday,August,Rain,18.57000000000005,0.0,1,4562
2017-08-18 11:00:00,11,Friday,August,Rain,18.689999999999998,0.0,1,4837
2017-08-18 13:00:00,13,Friday,August,Thunderstorm,19.860000000000014,0.0,90,5104
2017-08-18 14:00:00,14,Friday,August,Rain,20.140000000000043,0.0,1,5611
2017-08-18 18:00:00,18,Friday,August,Clouds,22.710000000000036,0.0,90,4575
2017-08-18 22:00:00,22,Friday,August,Clear,17.650000000000034,0.0,1,2990
2017-08-18 23:00:00,23,Friday,August,Mist,16.930000000000007,0.0,1,2054
2017-08-19 00:00:00,0,Saturday,August,Mist,16.470000000000027,0.0,1,1406
2017-08-19 03:00:00,3,Saturday,August,Mist,14.400000000000034,0.0,90,398
2017-08-19 05:00:00,5,Saturday,August,Fog,13.0,0.0,40,889
2017-08-19 06:00:00,6,Saturday,August,Mist,12.710000000000036,0.0,1,1435
2017-08-19 11:00:00,11,Saturday,August,Haze,21.0,0.0,5,4184
2017-08-20 00:00:00,0,Sunday,August,Clear,19.08000000000004,0.0,1,2352
2017-08-20 05:00:00,5,Sunday,August,Clear,18.0,0.0,1,603
2017-08-20 10:00:00,10,Sunday,August,Clouds,22.5,0.0,90,3540
2017-08-20 12:00:00,12,Sunday,August,Clear,25.710000000000036,0.0,1,4452
2017-08-20 13:00:00,13,Sunday,August,Clear,26.80000000000001,0.0,1,4448
2017-08-20 16:00:00,16,Sunday,August,Clear,28.140000000000043,0.0,1,4401
2017-08-21 02:00:00,2,Monday,August,Mist,18.140000000000043,0.0,1,268
2017-08-21 19:00:00,19,Monday,August,Rain,20.710000000000036,0.0,75,3110
2017-08-21 21:00:00,21,Monday,August,Clouds,20.640000000000043,0.0,40,2579
2017-08-22 04:00:00,4,Tuesday,August,Clear,17.210000000000036,0.0,1,917
2017-08-22 05:00:00,5,Tuesday,August,Clear,16.600000000000023,0.0,1,3005
2017-08-22 07:00:00,7,Tuesday,August,Clear,14.860000000000014,0.0,1,6345
2017-08-22 08:00:00,8,Tuesday,August,Clear,15.200000000000045,0.0,1,5760
2017-08-22 10:00:00,10,Tuesday,August,Clouds,17.640000000000043,0.0,40,4475
2017-08-22 18:00:00,18,Tuesday,August,Clouds,22.600000000000023,0.0,40,4576
2017-08-22 19:00:00,19,Tuesday,August,Clouds,22.220000000000027,0.0,40,3448
2017-08-23 01:00:00,1,Wednesday,August,Clear,15.07000000000005,0.0,1,428
2017-08-23 15:00:00,15,Wednesday,August,Clouds,23.140000000000043,0.0,40,5871
2017-08-23 19:00:00,19,Wednesday,August,Clear,22.80000000000001,0.0,5,3604
2017-08-23 20:00:00,20,Wednesday,August,Clear,21.5,0.0,1,3429
2017-08-24 00:00:00,0,Thursday,August,Rain,16.54000000000002,0.0,90,657
2017-08-24 11:00:00,11,Thursday,August,Clear,17.920000000000016,0.0,5,4909
2017-08-24 14:00:00,14,Thursday,August,Clear,21.210000000000036,0.0,5,5369
2017-08-24 17:00:00,17,Thursday,August,Clouds,22.129999999999995,0.0,40,6124
2017-08-24 20:00:00,20,Thursday,August,Clouds,19.53000000000003,0.0,90,3362
2017-08-24 23:00:00,23,Thursday,August,Clouds,16.939999999999998,0.0,75,1423
2017-08-25 06:00:00,6,Friday,August,Rain,15.57000000000005,0.0,90,5094
2017-08-25 08:00:00,8,Friday,August,Rain,14.800000000000011,0.0,90,5842
2017-08-25 09:00:00,9,Friday,August,Rain,14.670000000000016,0.0,90,5316
2017-08-26 05:00:00,5,Saturday,August,Rain,15.870000000000005,0.0,90,858
2017-08-26 07:00:00,7,Saturday,August,Rain,15.720000000000027,0.0,90,2249
2017-08-26 19:00:00,19,Saturday,August,Rain,18.640000000000043,0.0,90,3472
2017-08-27 00:00:00,0,Sunday,August,Mist,18.140000000000043,0.0,90,2169
2017-08-27 03:00:00,3,Sunday,August,Mist,17.860000000000014,0.0,75,423
2017-08-27 04:00:00,4,Sunday,August,Mist,17.400000000000034,0.0,40,356
2017-08-27 05:00:00,5,Sunday,August,Mist,17.400000000000034,0.0,75,562
2017-08-27 07:00:00,7,Sunday,August,Mist,17.200000000000045,0.0,90,1665
2017-08-27 11:00:00,11,Sunday,August,Rain,19.390000000000043,0.0,75,4320
2017-08-27 14:00:00,14,Sunday,August,Clouds,21.860000000000014,0.0,90,4958
2017-08-27 16:00:00,16,Sunday,August,Rain,21.850000000000023,0.0,90,4709
2017-08-28 01:00:00,1,Monday,August,Clear,17.200000000000045,0.0,1,400
2017-08-28 06:00:00,6,Monday,August,Clouds,16.28000000000003,0.0,90,5600
2017-08-28 07:00:00,7,Monday,August,Clouds,15.990000000000009,0.0,90,6691
2017-08-28 15:00:00,15,Monday,August,Clouds,21.360000000000014,0.0,75,5826
2017-08-28 22:00:00,22,Monday,August,Clear,17.200000000000045,0.0,5,1728
2017-08-29 01:00:00,1,Tuesday,August,Mist,14.28000000000003,0.0,1,374
2017-08-29 03:00:00,3,Tuesday,August,Mist,13.450000000000045,0.0,1,337
2017-08-29 09:00:00,9,Tuesday,August,Fog,16.210000000000036,0.0,40,5783
2017-08-29 11:00:00,11,Tuesday,August,Clouds,20.920000000000016,0.0,40,5078
2017-08-29 17:00:00,17,Tuesday,August,Clouds,25.640000000000043,0.0,40,6454
2017-08-29 18:00:00,18,Tuesday,August,Clouds,25.0,0.0,20,5000
2017-08-29 19:00:00,19,Tuesday,August,Clouds,24.670000000000016,0.0,40,3470
2017-08-30 02:00:00,2,Wednesday,August,Clear,17.720000000000027,0.0,1,270
2017-08-30 07:00:00,7,Wednesday,August,Mist,16.390000000000043,0.0,5,6391
2017-08-30 11:00:00,11,Wednesday,August,Clouds,23.420000000000016,0.0,40,5189
2017-08-30 12:00:00,12,Wednesday,August,Clear,25.0,0.0,1,5005
2017-08-30 14:00:00,14,Wednesday,August,Clouds,26.99000000000001,0.0,20,5661
2017-08-30 16:00:00,16,Wednesday,August,Rain,25.930000000000007,0.0,40,6799
2017-08-30 23:00:00,23,Wednesday,August,Clear,17.0,0.0,1,1204
2017-08-31 00:00:00,0,Thursday,August,Clear,16.08000000000004,0.0,1,705
2017-08-31 02:00:00,2,Thursday,August,Clear,14.439999999999998,0.0,1,282
2017-08-31 03:00:00,3,Thursday,August,Clear,13.600000000000023,0.0,1,317
2017-08-31 07:00:00,7,Thursday,August,Mist,12.200000000000045,0.0,5,6581
2017-08-31 10:00:00,10,Thursday,August,Clear,15.0,0.0,1,5206
2017-08-31 11:00:00,11,Thursday,August,Clear,16.80000000000001,0.0,5,5424
2017-08-31 12:00:00,12,Thursday,August,Clear,18.710000000000036,0.0,1,5568
2017-08-31 16:00:00,16,Thursday,August,Clear,21.200000000000045,0.0,1,6788
2017-08-31 18:00:00,18,Thursday,August,Haze,20.930000000000007,0.0,1,5658
2017-09-01 02:00:00,2,Friday,September,Haze,12.420000000000016,0.0,1,357
2017-09-01 10:00:00,10,Friday,September,Clear,13.930000000000007,0.0,1,5293
2017-09-01 11:00:00,11,Friday,September,Clear,15.78000000000003,0.0,1,5419
2017-09-01 12:00:00,12,Friday,September,Clear,17.57000000000005,0.0,1,5823
2017-09-02 05:00:00,5,Saturday,September,Rain,17.33000000000004,0.0,90,745
2017-09-02 06:00:00,6,Saturday,September,Rain,17.0,0.0,90,1512
2017-09-02 20:00:00,20,Saturday,September,Clear,22.360000000000014,0.0,1,3108
2017-09-03 00:00:00,0,Sunday,September,Clear,15.990000000000009,0.0,1,1517
2017-09-03 03:00:00,3,Sunday,September,Mist,14.330000000000041,0.0,1,373
2017-09-03 05:00:00,5,Sunday,September,Clear,14.050000000000011,0.0,1,521
2017-09-03 09:00:00,9,Sunday,September,Clear,17.07000000000005,0.0,1,3406
2017-09-03 14:00:00,14,Sunday,September,Clear,27.30000000000001,0.0,1,4612
2017-09-03 16:00:00,16,Sunday,September,Clouds,28.53000000000003,0.0,40,4159
2017-09-03 20:00:00,20,Sunday,September,Clear,25.710000000000036,0.0,5,3118
2017-09-04 02:00:00,2,Monday,September,Clouds,21.920000000000016,0.0,75,441
2017-09-04 11:00:00,11,Monday,September,Haze,20.129999999999995,0.0,20,3830
2017-09-04 12:00:00,12,Monday,September,Haze,21.0,0.0,1,4059
2017-09-04 13:00:00,13,Monday,September,Haze,22.210000000000036,0.0,40,4290
2017-09-04 17:00:00,17,Monday,September,Rain,14.689999999999998,0.0,75,3883
2017-09-04 22:00:00,22,Monday,September,Clear,11.78000000000003,0.0,1,1708
2017-09-05 00:00:00,0,Tuesday,September,Clouds,11.930000000000007,0.0,40,574
2017-09-05 06:00:00,6,Tuesday,September,Clear,10.590000000000032,0.0,1,5545
2017-09-05 12:00:00,12,Tuesday,September,Clouds,16.150000000000034,0.0,75,5041
2017-09-05 13:00:00,13,Tuesday,September,Clouds,16.640000000000043,0.0,75,4805
2017-09-05 16:00:00,16,Tuesday,September,Clouds,16.200000000000045,0.0,90,6572
2017-09-05 17:00:00,17,Tuesday,September,Rain,16.27000000000004,0.0,90,6092
2017-09-05 18:00:00,18,Tuesday,September,Rain,15.79000000000002,0.0,90,4306
2017-09-06 04:00:00,4,Wednesday,September,Clouds,10.5,0.0,90,889
2017-09-06 10:00:00,10,Wednesday,September,Clear,13.57000000000005,0.0,1,4548
2017-09-06 12:00:00,12,Wednesday,September,Clouds,16.5,0.0,75,4991
2017-09-06 13:00:00,13,Wednesday,September,Clouds,17.220000000000027,0.0,75,4835
2017-09-06 22:00:00,22,Wednesday,September,Clouds,12.25,0.0,75,1609
2017-09-07 07:00:00,7,Thursday,September,Clouds,8.730000000000018,0.0,75,6685
2017-09-07 09:00:00,9,Thursday,September,Clouds,10.660000000000025,0.0,75,5486
2017-09-07 10:00:00,10,Thursday,September,Clouds,12.420000000000016,0.0,75,4620
2017-09-07 17:00:00,17,Thursday,September,Clouds,23.0,0.0,75,6478
2017-09-07 18:00:00,18,Thursday,September,Clouds,22.420000000000016,0.0,75,4703
2017-09-07 19:00:00,19,Thursday,September,Clear,21.78000000000003,0.0,1,3621
2017-09-07 22:00:00,22,Thursday,September,Clouds,15.800000000000011,0.0,75,1896
2017-09-08 00:00:00,0,Friday,September,Clouds,13.5,0.0,75,634
2017-09-08 04:00:00,4,Friday,September,Clear,11.870000000000005,0.0,1,853
2017-09-08 05:00:00,5,Friday,September,Clouds,11.420000000000016,0.0,20,2978
2017-09-08 08:00:00,8,Friday,September,Clear,10.200000000000045,0.0,5,6232
2017-09-08 10:00:00,10,Friday,September,Clear,12.930000000000007,0.0,5,4526
2017-09-08 13:00:00,13,Friday,September,Clear,17.79000000000002,0.0,1,5265
2017-09-08 17:00:00,17,Friday,September,Clear,19.870000000000005,0.0,1,6423
2017-09-08 21:00:00,21,Friday,September,Clear,13.990000000000009,0.0,1,2997
2017-09-08 22:00:00,22,Friday,September,Clear,12.860000000000014,0.0,1,2440
2017-09-08 23:00:00,23,Friday,September,Clear,12.270000000000039,0.0,1,1831
2017-09-09 02:00:00,2,Saturday,September,Clear,11.430000000000007,0.0,1,583
2017-09-09 07:00:00,7,Saturday,September,Clouds,11.129999999999995,0.0,20,2218
2017-09-09 09:00:00,9,Saturday,September,Clear,12.590000000000032,0.0,5,3540
2017-09-09 15:00:00,15,Saturday,September,Clear,22.79000000000002,0.0,1,4424
2017-09-09 19:00:00,19,Saturday,September,Clouds,22.340000000000032,0.0,40,3547
2017-09-09 21:00:00,21,Saturday,September,Clouds,19.710000000000036,0.0,40,3107
2017-09-09 22:00:00,22,Saturday,September,Clouds,19.07000000000005,0.0,40,2458
2017-09-10 04:00:00,4,Sunday,September,Clouds,16.78000000000003,0.0,40,315
2017-09-10 05:00:00,5,Sunday,September,Clouds,16.57000000000005,0.0,75,513
2017-09-10 07:00:00,7,Sunday,September,Clouds,16.220000000000027,0.0,90,1468
2017-09-10 09:00:00,9,Sunday,September,Clouds,16.360000000000014,0.0,75,2747
2017-09-10 10:00:00,10,Sunday,September,Clouds,17.33000000000004,0.0,75,3450
2017-09-10 15:00:00,15,Sunday,September,Clear,25.0,0.0,1,4135
2017-09-10 21:00:00,21,Sunday,September,Clouds,21.870000000000005,0.0,75,2213
2017-09-10 22:00:00,22,Sunday,September,Clouds,21.350000000000023,0.0,40,1591
2017-09-11 01:00:00,1,Monday,September,Clear,19.200000000000045,0.0,1,396
2017-09-11 13:00:00,13,Monday,September,Clouds,23.930000000000007,0.0,20,4834
2017-09-11 14:00:00,14,Monday,September,Clear,24.860000000000014,0.0,5,5411
2017-09-11 15:00:00,15,Monday,September,Clear,25.930000000000007,0.0,1,6445
2017-09-11 22:00:00,22,Monday,September,Mist,18.420000000000016,0.0,1,1382
2017-09-12 04:00:00,4,Tuesday,September,Mist,14.379999999999995,0.0,1,918
2017-09-12 08:00:00,8,Tuesday,September,Mist,14.590000000000032,0.0,1,5836
2017-09-12 09:00:00,9,Tuesday,September,Mist,16.720000000000027,0.0,5,5633
2017-09-12 10:00:00,10,Tuesday,September,Mist,19.310000000000002,0.0,90,4477
2017-09-12 13:00:00,13,Tuesday,September,Clear,26.460000000000036,0.0,1,4887
2017-09-12 14:00:00,14,Tuesday,September,Clear,27.08000000000004,0.0,1,5332
2017-09-12 15:00:00,15,Tuesday,September,Clear,28.129999999999995,0.0,5,6114
2017-09-13 11:00:00,11,Wednesday,September,Clouds,25.33000000000004,0.0,20,4677
2017-09-13 12:00:00,12,Wednesday,September,Clear,26.30000000000001,0.0,1,4966
2017-09-13 18:00:00,18,Wednesday,September,Clouds,28.660000000000025,0.0,75,4869
2017-09-13 21:00:00,21,Wednesday,September,Mist,23.600000000000023,0.0,40,2508
2017-09-13 22:00:00,22,Wednesday,September,Clear,22.620000000000005,0.0,5,1960
2017-09-13 23:00:00,23,Wednesday,September,Clear,22.370000000000005,0.0,1,1065
2017-09-14 03:00:00,3,Thursday,September,Mist,19.870000000000005,0.0,1,348
2017-09-14 10:00:00,10,Thursday,September,Clear,22.33000000000004,0.0,1,4603
2017-09-14 13:00:00,13,Thursday,September,Clear,27.640000000000043,0.0,1,5184
2017-09-14 15:00:00,15,Thursday,September,Clouds,29.80000000000001,0.0,20,5975
2017-09-14 20:00:00,20,Thursday,September,Clear,26.640000000000043,0.0,5,3381
2017-09-14 21:00:00,21,Thursday,September,Clear,24.80000000000001,0.0,5,3239
2017-09-14 23:00:00,23,Thursday,September,Clear,24.129999999999995,0.0,1,1263
2017-09-15 05:00:00,5,Friday,September,Clear,20.80000000000001,0.0,1,3068
2017-09-15 06:00:00,6,Friday,September,Clear,19.99000000000001,0.0,1,5776
2017-09-15 07:00:00,7,Friday,September,Clear,19.350000000000023,0.0,1,6744
2017-09-15 10:00:00,10,Friday,September,Clear,22.140000000000043,0.0,1,4842
2017-09-15 15:00:00,15,Friday,September,Clear,26.140000000000043,0.0,1,5996
2017-09-15 19:00:00,19,Friday,September,Clear,26.54000000000002,0.0,1,4224
2017-09-16 00:00:00,0,Saturday,September,Clouds,24.140000000000043,0.0,75,1397
2017-09-16 01:00:00,1,Saturday,September,Clear,24.28000000000003,0.0,1,877
2017-09-16 09:00:00,9,Saturday,September,Mist,20.80000000000001,0.0,1,3853
2017-09-16 13:00:00,13,Saturday,September,Thunderstorm,21.27000000000004,0.0,90,5169
2017-09-16 15:00:00,15,Saturday,September,Clouds,22.010000000000048,0.0,90,4334
2017-09-16 16:00:00,16,Saturday,September,Clouds,21.730000000000018,0.0,75,4687
2017-09-16 19:00:00,19,Saturday,September,Drizzle,19.939999999999998,0.0,40,3477
2017-09-16 21:00:00,21,Saturday,September,Rain,16.939999999999998,0.0,90,2929
2017-09-17 05:00:00,5,Sunday,September,Clear,11.670000000000016,0.0,1,478
2017-09-17 07:00:00,7,Sunday,September,Clear,10.640000000000043,0.0,1,1257
2017-09-17 10:00:00,10,Sunday,September,Clouds,12.0,0.0,75,3811
2017-09-17 14:00:00,14,Sunday,September,Clouds,17.28000000000003,0.0,20,4171
2017-09-17 17:00:00,17,Sunday,September,Clouds,18.57000000000005,0.0,40,4200
2017-09-17 19:00:00,19,Sunday,September,Clear,17.27000000000004,0.0,1,3471
2017-09-17 20:00:00,20,Sunday,September,Clear,14.800000000000011,0.0,1,2912
2017-09-18 01:00:00,1,Monday,September,Rain,10.400000000000034,0.0,40,338
2017-09-18 06:00:00,6,Monday,September,Clouds,12.430000000000007,0.0,75,5877
2017-09-18 07:00:00,7,Monday,September,Clouds,12.28000000000003,0.0,75,6415
2017-09-18 08:00:00,8,Monday,September,Rain,12.600000000000023,0.0,90,5641
2017-09-18 09:00:00,9,Monday,September,Rain,12.870000000000005,0.0,75,5515
2017-09-18 16:00:00,16,Monday,September,Rain,13.140000000000043,0.0,90,6430
2017-09-18 18:00:00,18,Monday,September,Rain,13.720000000000027,0.0,90,4323
2017-09-19 01:00:00,1,Tuesday,September,Mist,14.460000000000036,0.0,90,317
2017-09-19 10:00:00,10,Tuesday,September,Mist,17.57000000000005,0.0,1,4557
2017-09-19 13:00:00,13,Tuesday,September,Clouds,23.33000000000004,0.0,75,4762
2017-09-19 15:00:00,15,Tuesday,September,Clouds,25.0,0.0,75,5823
2017-09-19 16:00:00,16,Tuesday,September,Clouds,26.0,0.0,40,6741
2017-09-19 20:00:00,20,Tuesday,September,Clouds,23.360000000000014,0.0,75,2977
2017-09-19 23:00:00,23,Tuesday,September,Clouds,22.27000000000004,0.0,75,997
2017-09-20 07:00:00,7,Wednesday,September,Clouds,20.850000000000023,0.0,20,6646
2017-09-20 08:00:00,8,Wednesday,September,Clouds,20.340000000000032,0.0,20,6260
2017-09-20 10:00:00,10,Wednesday,September,Clouds,20.400000000000034,0.0,90,4632
2017-09-20 20:00:00,20,Wednesday,September,Clear,18.80000000000001,0.0,5,3262
2017-09-20 22:00:00,22,Wednesday,September,Clear,13.850000000000023,0.0,1,2355
2017-09-20 23:00:00,23,Wednesday,September,Mist,12.770000000000039,0.0,1,1961
2017-09-21 02:00:00,2,Thursday,September,Clear,10.850000000000023,0.0,1,297
2017-09-21 04:00:00,4,Thursday,September,Mist,9.140000000000043,0.0,1,907
2017-09-21 15:00:00,15,Thursday,September,Clear,26.140000000000043,0.0,5,5823
2017-09-21 16:00:00,16,Thursday,September,Clouds,27.0,0.0,20,6899
2017-09-21 18:00:00,18,Thursday,September,Clear,27.57000000000005,0.0,1,5174
2017-09-21 22:00:00,22,Thursday,September,Clouds,24.870000000000005,0.0,40,2423
2017-09-22 03:00:00,3,Friday,September,Clear,24.07000000000005,0.0,1,370
2017-09-22 06:00:00,6,Friday,September,Thunderstorm,23.360000000000014,0.0,1,5747
2017-09-22 07:00:00,7,Friday,September,Rain,23.28000000000003,0.0,75,6778
2017-09-22 11:00:00,11,Friday,September,Mist,26.060000000000002,0.0,75,4979
2017-09-22 16:00:00,16,Friday,September,Clouds,33.129999999999995,0.0,40,6103
2017-09-22 17:00:00,17,Friday,September,Clear,33.43000000000001,0.0,1,5502
2017-09-22 20:00:00,20,Friday,September,Clouds,30.140000000000043,0.0,40,3471
2017-09-23 00:00:00,0,Saturday,September,Clear,27.340000000000032,0.0,1,1330
2017-09-23 02:00:00,2,Saturday,September,Clear,26.129999999999995,0.0,1,581
2017-09-23 10:00:00,10,Saturday,September,Clouds,24.930000000000007,0.0,75,4394
2017-09-23 17:00:00,17,Saturday,September,Clouds,30.090000000000032,0.0,75,5159
2017-09-23 19:00:00,19,Saturday,September,Haze,27.590000000000032,0.0,75,4416
2017-09-24 01:00:00,1,Sunday,September,Clear,21.840000000000032,0.0,1,873
2017-09-24 08:00:00,8,Sunday,September,Clouds,20.230000000000018,0.0,40,2302
2017-09-24 12:00:00,12,Sunday,September,Clouds,28.760000000000048,0.0,75,4386
2017-09-24 13:00:00,13,Sunday,September,Clouds,29.920000000000016,0.0,40,4329
2017-09-24 16:00:00,16,Sunday,September,Clouds,31.08000000000004,0.0,75,4397
2017-09-24 17:00:00,17,Sunday,September,Clouds,31.0,0.0,75,4287
2017-09-24 18:00:00,18,Sunday,September,Clear,30.460000000000036,0.0,1,3963
2017-09-24 21:00:00,21,Sunday,September,Rain,23.060000000000002,0.0,40,2253
2017-09-24 22:00:00,22,Sunday,September,Rain,22.460000000000036,0.0,90,1717
2017-09-25 01:00:00,1,Monday,September,Rain,20.060000000000002,0.0,75,396
2017-09-25 06:00:00,6,Monday,September,Rain,16.33000000000004,0.0,90,5527
2017-09-25 07:00:00,7,Monday,September,Rain,15.600000000000023,0.0,90,6386
2017-09-25 10:00:00,10,Monday,September,Drizzle,14.79000000000002,0.0,90,4359
2017-09-25 11:00:00,11,Monday,September,Rain,15.150000000000034,0.0,90,4596
2017-09-25 14:00:00,14,Monday,September,Clouds,16.720000000000027,0.0,90,5071
2017-09-26 02:00:00,2,Tuesday,September,Rain,14.080000000000041,0.0,90,229
2017-09-26 04:00:00,4,Tuesday,September,Rain,14.330000000000041,0.0,90,894
2017-09-26 06:00:00,6,Tuesday,September,Rain,14.160000000000025,0.0,90,5591
2017-09-26 10:00:00,10,Tuesday,September,Drizzle,14.460000000000036,0.0,90,4506
2017-09-26 19:00:00,19,Tuesday,September,Clouds,16.400000000000034,0.0,90,3438
2017-09-27 01:00:00,1,Wednesday,September,Clear,11.54000000000002,0.0,1,379
2017-09-27 04:00:00,4,Wednesday,September,Clouds,9.870000000000005,0.0,40,855
2017-09-27 06:00:00,6,Wednesday,September,Clear,8.78000000000003,0.0,1,6013
2017-09-27 08:00:00,8,Wednesday,September,Clouds,8.400000000000034,0.0,20,5930
2017-09-27 10:00:00,10,Wednesday,September,Clouds,11.07000000000005,0.0,20,4582
2017-09-27 13:00:00,13,Wednesday,September,Clouds,15.860000000000014,0.0,40,4948
2017-09-27 17:00:00,17,Wednesday,September,Clouds,17.670000000000016,0.0,40,6315
2017-09-27 18:00:00,18,Wednesday,September,Clear,17.930000000000007,0.0,5,4708
2017-09-27 20:00:00,20,Wednesday,September,Clear,14.410000000000025,0.0,1,3216
2017-09-28 13:00:00,13,Thursday,September,Clouds,19.53000000000003,0.0,75,5022
2017-09-28 16:00:00,16,Thursday,September,Clouds,22.33000000000004,0.0,75,6781
2017-09-28 18:00:00,18,Thursday,September,Clouds,21.200000000000045,0.0,75,4857
2017-09-28 23:00:00,23,Thursday,September,Clear,14.470000000000027,0.0,1,1494
2017-09-29 10:00:00,10,Friday,September,Clear,11.53000000000003,0.0,1,4750
2017-09-29 12:00:00,12,Friday,September,Clouds,14.5,0.0,40,5708
2017-09-29 21:00:00,21,Friday,September,Clear,11.140000000000043,0.0,5,3113
2017-09-29 23:00:00,23,Friday,September,Clear,8.850000000000023,0.0,1,1880
2017-09-30 00:00:00,0,Saturday,September,Clear,8.28000000000003,0.0,1,1265
2017-09-30 05:00:00,5,Saturday,September,Mist,7.0,0.0,1,798
2017-09-30 06:00:00,6,Saturday,September,Mist,6.710000000000036,0.0,1,1544
2017-09-30 13:00:00,13,Saturday,September,Clouds,18.400000000000034,0.0,40,5409
2017-09-30 17:00:00,17,Saturday,September,Clouds,19.340000000000032,0.0,75,4925
2017-09-30 21:00:00,21,Saturday,September,Clouds,16.710000000000036,0.0,75,3706
2017-10-01 01:00:00,1,Sunday,October,Clouds,15.400000000000034,0.0,75,894
2017-10-01 02:00:00,2,Sunday,October,Rain,15.29000000000002,0.0,90,617
2017-10-01 07:00:00,7,Sunday,October,Rain,12.930000000000007,0.0,75,1838
2017-10-01 10:00:00,10,Sunday,October,Rain,14.189999999999998,0.0,90,5265
2017-10-01 13:00:00,13,Sunday,October,Rain,14.439999999999998,0.0,90,5108
2017-10-02 00:00:00,0,Monday,October,Thunderstorm,16.420000000000016,0.0,75,581
2017-10-02 02:00:00,2,Monday,October,Thunderstorm,14.57000000000005,0.0,90,241
2017-10-02 03:00:00,3,Monday,October,Rain,12.930000000000007,0.0,90,334
2017-10-02 06:00:00,6,Monday,October,Rain,12.78000000000003,0.0,40,5683
2017-10-02 07:00:00,7,Monday,October,Clouds,12.840000000000032,0.0,90,6577
2017-10-02 12:00:00,12,Monday,October,Rain,17.420000000000016,0.0,90,4683
2017-10-02 13:00:00,13,Monday,October,Mist,18.33000000000004,0.0,90,4670
2017-10-02 14:00:00,14,Monday,October,Clouds,19.78000000000003,0.0,90,4994
2017-10-02 19:00:00,19,Monday,October,Rain,17.77000000000004,0.0,90,2631
2017-10-03 13:00:00,13,Tuesday,October,Clouds,20.670000000000016,0.0,75,4939
2017-10-03 14:00:00,14,Tuesday,October,Mist,19.5,0.0,90,5270
2017-10-03 16:00:00,16,Tuesday,October,Clouds,16.920000000000016,0.0,90,6706
2017-10-03 22:00:00,22,Tuesday,October,Clear,11.730000000000018,0.0,1,1768
2017-10-03 23:00:00,23,Tuesday,October,Clear,11.210000000000036,0.0,1,1084
2017-10-04 00:00:00,0,Wednesday,October,Clear,10.28000000000003,0.0,1,533
2017-10-04 01:00:00,1,Wednesday,October,Clear,10.0,0.0,1,328
2017-10-04 06:00:00,6,Wednesday,October,Clear,8.140000000000043,0.0,1,5971
2017-10-04 19:00:00,19,Wednesday,October,Clear,13.360000000000014,0.0,5,3687
2017-10-05 01:00:00,1,Thursday,October,Clouds,6.689999999999998,0.0,75,344
2017-10-05 03:00:00,3,Thursday,October,Clouds,7.650000000000034,0.0,75,345
2017-10-05 08:00:00,8,Thursday,October,Rain,10.310000000000002,0.0,90,4907
2017-10-05 09:00:00,9,Thursday,October,Rain,11.140000000000043,0.0,90,5389
2017-10-05 10:00:00,10,Thursday,October,Clouds,12.420000000000016,0.0,90,4613
2017-10-05 12:00:00,12,Thursday,October,Clouds,14.840000000000032,0.0,90,5100
2017-10-05 14:00:00,14,Thursday,October,Clouds,16.680000000000007,0.0,90,5369
2017-10-05 19:00:00,19,Thursday,October,Clouds,14.53000000000003,0.0,90,3724
2017-10-06 04:00:00,4,Friday,October,Mist,9.670000000000016,0.0,1,833
2017-10-06 08:00:00,8,Friday,October,Fog,8.28000000000003,0.0,75,5817
2017-10-06 09:00:00,9,Friday,October,Fog,10.0,0.0,90,5022
2017-10-06 23:00:00,23,Friday,October,Rain,13.0,0.0,90,2776
2017-10-07 00:00:00,0,Saturday,October,Rain,13.0,0.0,90,1802
2017-10-07 08:00:00,8,Saturday,October,Mist,12.0,0.0,90,3039
2017-10-07 09:00:00,9,Saturday,October,Rain,12.210000000000036,0.0,90,3654
2017-10-07 19:00:00,19,Saturday,October,Clear,17.470000000000027,0.0,5,3993
2017-10-08 03:00:00,3,Sunday,October,Clear,10.54000000000002,0.0,1,435
2017-10-08 16:00:00,16,Sunday,October,Clear,21.07000000000005,0.0,5,4550
2017-10-08 18:00:00,18,Sunday,October,Clear,19.54000000000002,0.0,1,4294
2017-10-08 20:00:00,20,Sunday,October,Clear,15.0,0.0,1,2992
2017-10-08 21:00:00,21,Sunday,October,Clear,13.720000000000027,0.0,5,2286
2017-10-08 23:00:00,23,Sunday,October,Clear,12.0,0.0,1,955
2017-10-09 05:00:00,5,Monday,October,Clear,7.710000000000036,0.0,1,2818
2017-10-09 07:00:00,7,Monday,October,Clouds,7.2900000000000205,0.0,20,6517
2017-10-09 11:00:00,11,Monday,October,Clouds,12.140000000000043,0.0,90,4377
2017-10-09 12:00:00,12,Monday,October,Clouds,12.600000000000023,0.0,75,4735
2017-10-09 19:00:00,19,Monday,October,Rain,8.5,0.0,90,3108
2017-10-09 22:00:00,22,Monday,October,Clouds,5.930000000000007,0.0,20,1433
2017-10-09 23:00:00,23,Monday,October,Clear,5.07000000000005,0.0,1,993
2017-10-10 01:00:00,1,Tuesday,October,Clouds,3.1899999999999977,0.0,20,334
2017-10-10 05:00:00,5,Tuesday,October,Clear,0.8000000000000114,0.0,1,2974
2017-10-10 06:00:00,6,Tuesday,October,Fog,0.4000000000000341,0.0,1,5936
2017-10-10 07:00:00,7,Tuesday,October,Fog,0.4600000000000364,0.0,1,6174
2017-10-10 14:00:00,14,Tuesday,October,Clear,10.140000000000043,0.0,1,5293
2017-10-10 20:00:00,20,Tuesday,October,Clear,7.930000000000007,0.0,1,2836
2017-10-10 23:00:00,23,Tuesday,October,Clear,4.5400000000000205,0.0,1,1187
2017-10-11 02:00:00,2,Wednesday,October,Clear,2.6000000000000227,0.0,1,253
2017-10-11 03:00:00,3,Wednesday,October,Clear,2.4700000000000273,0.0,1,334
2017-10-11 14:00:00,14,Wednesday,October,Clouds,12.07000000000005,0.0,90,5183
2017-10-11 15:00:00,15,Wednesday,October,Clouds,12.460000000000036,0.0,90,5869
2017-10-11 19:00:00,19,Wednesday,October,Clouds,12.140000000000043,0.0,75,3567
2017-10-11 20:00:00,20,Wednesday,October,Clouds,11.080000000000041,0.0,40,2901
2017-10-12 05:00:00,5,Thursday,October,Drizzle,12.350000000000023,0.0,90,2982
2017-10-12 21:00:00,21,Thursday,October,Clear,13.660000000000025,0.0,5,3064
2017-10-13 00:00:00,0,Friday,October,Clear,12.400000000000034,0.0,1,640
2017-10-13 01:00:00,1,Friday,October,Clouds,12.07000000000005,0.0,40,411
2017-10-13 17:00:00,17,Friday,October,Clouds,15.5,0.0,20,6183
2017-10-13 18:00:00,18,Friday,October,Clouds,14.330000000000041,0.0,40,5002
2017-10-13 21:00:00,21,Friday,October,Clouds,7.140000000000043,0.0,20,3709
2017-10-13 22:00:00,22,Friday,October,Clear,6.860000000000014,0.0,1,3930
2017-10-14 02:00:00,2,Saturday,October,Clear,5.140000000000043,0.0,1,547
2017-10-14 12:00:00,12,Saturday,October,Clouds,12.730000000000018,0.0,75,5332
2017-10-14 13:00:00,13,Saturday,October,Rain,13.57000000000005,0.0,40,5253
2017-10-14 15:00:00,15,Saturday,October,Rain,13.5,0.0,75,5301
2017-10-14 21:00:00,21,Saturday,October,Drizzle,8.430000000000007,0.0,90,3065
2017-10-15 03:00:00,3,Sunday,October,Rain,6.460000000000036,0.0,90,457
2017-10-15 04:00:00,4,Sunday,October,Rain,6.0,0.0,90,407
2017-10-15 18:00:00,18,Sunday,October,Rain,10.310000000000002,0.0,75,4236
2017-10-15 19:00:00,19,Sunday,October,Drizzle,9.29000000000002,0.0,90,3412
2017-10-15 21:00:00,21,Sunday,October,Clouds,8.0,0.0,90,2211
2017-10-16 02:00:00,2,Monday,October,Clear,4.07000000000005,0.0,1,241
2017-10-16 03:00:00,3,Monday,October,Clear,3.4700000000000273,0.0,1,314
2017-10-16 04:00:00,4,Monday,October,Mist,3.2800000000000296,0.0,40,854
2017-10-16 06:00:00,6,Monday,October,Mist,2.7100000000000364,0.0,1,5835
2017-10-16 09:00:00,9,Monday,October,Mist,3.07000000000005,0.0,1,5151
2017-10-16 12:00:00,12,Monday,October,Clear,12.350000000000023,0.0,1,4673
2017-10-16 13:00:00,13,Monday,October,Clear,14.189999999999998,0.0,5,4880
2017-10-16 21:00:00,21,Monday,October,Clear,12.79000000000002,0.0,1,2274
2017-10-17 00:00:00,0,Tuesday,October,Clear,11.740000000000009,0.0,1,1044
2017-10-17 01:00:00,1,Tuesday,October,Clear,10.600000000000023,0.0,1,354
2017-10-17 04:00:00,4,Tuesday,October,Clear,7.5400000000000205,0.0,1,894
2017-10-17 09:00:00,9,Tuesday,October,Clear,6.0,0.0,1,5391
2017-10-17 12:00:00,12,Tuesday,October,Clear,15.390000000000043,0.0,1,4815
2017-10-17 13:00:00,13,Tuesday,October,Clouds,17.79000000000002,0.0,40,4948
2017-10-17 14:00:00,14,Tuesday,October,Clouds,19.930000000000007,0.0,40,5120
2017-10-17 16:00:00,16,Tuesday,October,Clear,22.460000000000036,0.0,1,6700
2017-10-17 20:00:00,20,Tuesday,October,Clear,15.220000000000027,0.0,5,2965
2017-10-17 21:00:00,21,Tuesday,October,Clear,14.330000000000041,0.0,1,2546
2017-10-17 23:00:00,23,Tuesday,October,Clear,14.140000000000043,0.0,1,1031
2017-10-18 00:00:00,0,Wednesday,October,Clear,14.0,0.0,1,557
2017-10-18 03:00:00,3,Wednesday,October,Clear,12.53000000000003,0.0,1,365
2017-10-18 05:00:00,5,Wednesday,October,Clear,10.870000000000005,0.0,1,3054
2017-10-18 12:00:00,12,Wednesday,October,Clear,17.07000000000005,0.0,1,5032
2017-10-18 17:00:00,17,Wednesday,October,Clouds,21.33000000000004,0.0,75,6384
2017-10-18 19:00:00,19,Wednesday,October,Clouds,17.54000000000002,0.0,75,3971
2017-10-19 04:00:00,4,Thursday,October,Clear,6.860000000000014,0.0,1,882
2017-10-19 06:00:00,6,Thursday,October,Clear,4.939999999999998,0.0,1,5535
2017-10-19 13:00:00,13,Thursday,October,Clouds,18.460000000000036,0.0,75,5145
2017-10-19 15:00:00,15,Thursday,October,Clouds,22.0,0.0,40,5893
2017-10-19 17:00:00,17,Thursday,October,Clouds,22.710000000000036,0.0,40,5975
2017-10-19 19:00:00,19,Thursday,October,Clouds,18.58000000000004,0.0,40,3723
2017-10-19 23:00:00,23,Thursday,October,Clear,14.430000000000007,0.0,1,1354
2017-10-20 00:00:00,0,Friday,October,Clear,14.210000000000036,0.0,1,748
2017-10-20 01:00:00,1,Friday,October,Clear,13.730000000000018,0.0,1,427
2017-10-20 02:00:00,2,Friday,October,Clear,13.270000000000039,0.0,1,318
2017-10-20 07:00:00,7,Friday,October,Clear,12.270000000000039,0.0,5,5827
2017-10-20 08:00:00,8,Friday,October,Clouds,12.330000000000041,0.0,40,5358
2017-10-20 18:00:00,18,Friday,October,Clouds,23.53000000000003,0.0,75,5202
2017-10-20 21:00:00,21,Friday,October,Clear,20.0,0.0,1,2903
2017-10-20 22:00:00,22,Friday,October,Clear,19.29000000000002,0.0,1,3247
2017-10-21 03:00:00,3,Saturday,October,Clear,17.689999999999998,0.0,1,453
2017-10-21 04:00:00,4,Saturday,October,Clear,17.430000000000007,0.0,1,436
2017-10-21 08:00:00,8,Saturday,October,Rain,16.010000000000048,0.0,90,2651
2017-10-21 10:00:00,10,Saturday,October,Rain,15.710000000000036,0.0,90,3843
2017-10-21 11:00:00,11,Saturday,October,Rain,15.640000000000043,0.0,75,4534
2017-10-21 13:00:00,13,Saturday,October,Clouds,17.0,0.0,90,4680
2017-10-21 20:00:00,20,Saturday,October,Rain,16.27000000000004,0.0,90,3000
2017-10-22 01:00:00,1,Sunday,October,Clear,10.930000000000007,0.0,1,811
2017-10-22 11:00:00,11,Sunday,October,Clouds,10.129999999999995,0.0,40,4116
2017-10-22 14:00:00,14,Sunday,October,Clouds,16.07000000000005,0.0,20,4445
2017-10-22 16:00:00,16,Sunday,October,Clear,17.210000000000036,0.0,5,4786
2017-10-22 22:00:00,22,Sunday,October,Clear,11.200000000000045,0.0,1,2431
2017-10-23 00:00:00,0,Monday,October,Clear,12.129999999999995,0.0,1,638
2017-10-23 01:00:00,1,Monday,October,Clouds,12.420000000000016,0.0,90,369
2017-10-23 08:00:00,8,Monday,October,Clouds,9.330000000000041,0.0,75,6076
2017-10-23 16:00:00,16,Monday,October,Clouds,12.29000000000002,0.0,90,6726
2017-10-23 23:00:00,23,Monday,October,Clouds,8.54000000000002,0.0,90,953
2017-10-24 00:00:00,0,Tuesday,October,Clouds,7.710000000000036,0.0,90,545
2017-10-24 01:00:00,1,Tuesday,October,Clouds,6.800000000000011,0.0,90,328
2017-10-24 02:00:00,2,Tuesday,October,Clouds,6.2900000000000205,0.0,90,237
2017-10-24 03:00:00,3,Tuesday,October,Clouds,6.0,0.0,75,347
2017-10-24 06:00:00,6,Tuesday,October,Drizzle,6.07000000000005,0.0,90,6039
2017-10-24 07:00:00,7,Tuesday,October,Clouds,5.670000000000016,0.0,90,6442
2017-10-24 10:00:00,10,Tuesday,October,Clouds,4.57000000000005,0.0,40,4518
2017-10-24 13:00:00,13,Tuesday,October,Clear,7.850000000000023,0.0,1,4880
2017-10-24 20:00:00,20,Tuesday,October,Clouds,7.140000000000043,0.0,40,3028
2017-10-25 00:00:00,0,Wednesday,October,Clouds,5.670000000000016,0.0,40,597
2017-10-25 16:00:00,16,Wednesday,October,Clouds,12.850000000000023,0.0,40,6630
2017-10-25 19:00:00,19,Wednesday,October,Clouds,10.140000000000043,0.0,75,3450
2017-10-25 22:00:00,22,Wednesday,October,Haze,8.360000000000014,0.0,1,1912
2017-10-26 01:00:00,1,Thursday,October,Clear,8.0,0.0,1,378
2017-10-26 04:00:00,4,Thursday,October,Clear,7.270000000000039,0.0,1,900
2017-10-26 06:00:00,6,Thursday,October,Clear,7.920000000000016,0.0,1,5982
2017-10-26 11:00:00,11,Thursday,October,Clouds,10.57000000000005,0.0,75,4872
2017-10-26 15:00:00,15,Thursday,October,Clouds,9.670000000000016,0.0,90,6134
2017-10-26 20:00:00,20,Thursday,October,Drizzle,3.5,0.0,90,3222
2017-10-26 23:00:00,23,Thursday,October,Drizzle,1.7300000000000182,0.0,90,1617
2017-10-27 06:00:00,6,Friday,October,Snow,1.5,0.0,90,5356
2017-10-27 11:00:00,11,Friday,October,Snow,0.57000000000005,0.0,90,4705
2017-10-27 14:00:00,14,Friday,October,Snow,0.7100000000000364,0.0,90,5120
2017-10-27 18:00:00,18,Friday,October,Snow,1.1299999999999955,0.0,90,4634
2017-10-27 21:00:00,21,Friday,October,Snow,0.7800000000000296,0.0,75,2905
2017-10-28 02:00:00,2,Saturday,October,Clear,0.07000000000005002,0.0,1,556
2017-10-28 08:00:00,8,Saturday,October,Clouds,-0.06999999999999318,0.0,90,2950
2017-10-28 12:00:00,12,Saturday,October,Clouds,0.57000000000005,0.0,90,5002
2017-10-28 16:00:00,16,Saturday,October,Clouds,1.1400000000000432,0.0,90,5234
2017-10-28 18:00:00,18,Saturday,October,Clouds,0.9300000000000068,0.0,75,4634
2017-10-28 19:00:00,19,Saturday,October,Clear,0.29000000000002046,0.0,1,3847
2017-10-28 20:00:00,20,Saturday,October,Clouds,-0.6599999999999682,0.0,20,3337
2017-10-28 22:00:00,22,Saturday,October,Clear,-1.2099999999999795,0.0,1,4461
2017-10-29 00:00:00,0,Sunday,October,Clear,-1.2099999999999795,0.0,1,1622
2017-10-29 05:00:00,5,Sunday,October,Clouds,-1.0699999999999932,0.0,75,478
2017-10-29 08:00:00,8,Sunday,October,Clouds,-0.06999999999999318,0.0,90,1840
2017-10-29 14:00:00,14,Sunday,October,Rain,4.420000000000016,0.0,90,4373
2017-10-29 15:00:00,15,Sunday,October,Drizzle,5.28000000000003,0.0,90,4514
2017-10-29 18:00:00,18,Sunday,October,Rain,5.600000000000023,0.0,90,3973
2017-10-29 20:00:00,20,Sunday,October,Rain,4.78000000000003,0.0,5,2653
2017-10-29 23:00:00,23,Sunday,October,Rain,4.53000000000003,0.0,90,2100
2017-10-30 00:00:00,0,Monday,October,Rain,4.640000000000043,0.0,90,563
2017-10-30 02:00:00,2,Monday,October,Clouds,3.0,0.0,40,293
2017-10-30 04:00:00,4,Monday,October,Clouds,3.2000000000000455,0.0,90,813
2017-10-30 05:00:00,5,Monday,October,Clouds,3.0,0.0,90,2822
2017-10-30 06:00:00,6,Monday,October,Rain,2.8500000000000227,0.0,90,5869
2017-10-30 18:00:00,18,Monday,October,Drizzle,1.07000000000005,0.0,90,4381
2017-10-30 19:00:00,19,Monday,October,Snow,0.6400000000000432,0.0,90,2970
2017-10-30 23:00:00,23,Monday,October,Snow,0.0,0.0,90,998
2017-10-31 04:00:00,4,Tuesday,October,Clouds,-0.8700000000000045,0.0,90,872
2017-10-31 22:00:00,22,Tuesday,October,Clear,-2.6499999999999773,0.0,1,2933
2017-11-01 13:00:00,13,Wednesday,November,Snow,1.7100000000000364,0.0,75,5008
2017-11-01 15:00:00,15,Wednesday,November,Snow,1.2900000000000205,0.0,90,5328
2017-11-01 22:00:00,22,Wednesday,November,Mist,1.9300000000000068,0.0,90,1713
2017-11-02 05:00:00,5,Thursday,November,Mist,1.8700000000000045,0.0,90,2914
2017-11-02 06:00:00,6,Thursday,November,Mist,2.0,0.0,90,5674
2017-11-02 10:00:00,10,Thursday,November,Mist,2.930000000000007,0.0,90,4606
2017-11-02 12:00:00,12,Thursday,November,Mist,3.730000000000018,0.0,75,5066
2017-11-02 17:00:00,17,Thursday,November,Clouds,3.430000000000007,0.0,90,6488
2017-11-02 21:00:00,21,Thursday,November,Clouds,2.4700000000000273,0.0,90,3094
2017-11-02 23:00:00,23,Thursday,November,Clouds,2.3500000000000227,0.0,90,1336
2017-11-03 00:00:00,0,Friday,November,Clouds,2.2200000000000273,0.0,90,768
2017-11-03 06:00:00,6,Friday,November,Clear,-2.5299999999999727,0.0,1,5524
2017-11-03 13:00:00,13,Friday,November,Clouds,0.9300000000000068,0.0,90,5484
2017-11-03 15:00:00,15,Friday,November,Snow,1.07000000000005,0.0,1,5860
2017-11-03 19:00:00,19,Friday,November,Snow,-0.3599999999999568,0.0,90,3437
2017-11-04 01:00:00,1,Saturday,November,Snow,0.57000000000005,0.0,90,658
2017-11-04 03:00:00,3,Saturday,November,Snow,1.0,0.0,90,352
2017-11-04 08:00:00,8,Saturday,November,Mist,1.7300000000000182,0.0,90,2790
2017-11-04 09:00:00,9,Saturday,November,Mist,1.8700000000000045,0.0,90,3489
2017-11-04 10:00:00,10,Saturday,November,Mist,2.2700000000000387,0.0,90,3979
2017-11-04 16:00:00,16,Saturday,November,Mist,4.660000000000025,0.0,90,4894
2017-11-04 23:00:00,23,Saturday,November,Drizzle,5.1299999999999955,0.0,90,2042
2017-11-05 02:00:00,2,Sunday,November,Mist,5.600000000000023,0.0,90,361
2017-11-05 15:00:00,15,Sunday,November,Clouds,0.1400000000000432,0.0,90,4525
2017-11-05 17:00:00,17,Sunday,November,Clouds,-0.5699999999999932,0.0,90,4235
2017-11-05 18:00:00,18,Sunday,November,Clouds,-1.0,0.0,90,3765
2017-11-05 21:00:00,21,Sunday,November,Clouds,-1.92999999999995,0.0,90,1912
2017-11-06 00:00:00,0,Monday,November,Clear,-3.359999999999957,0.0,1,469
2017-11-06 05:00:00,5,Monday,November,Clear,-6.0,0.0,1,2853
2017-11-06 06:00:00,6,Monday,November,Clear,-6.139999999999986,0.0,1,5836
2017-11-06 10:00:00,10,Monday,November,Clear,-3.1999999999999886,0.0,1,4298
2017-11-06 18:00:00,18,Monday,November,Clouds,-0.8700000000000045,0.0,90,4152
2017-11-06 20:00:00,20,Monday,November,Clouds,-1.92999999999995,0.0,75,2263
2017-11-07 02:00:00,2,Tuesday,November,Clouds,-2.079999999999984,0.0,90,244
2017-11-07 03:00:00,3,Tuesday,November,Clouds,-1.8599999999999568,0.0,90,377
2017-11-07 04:00:00,4,Tuesday,November,Clouds,-1.7099999999999795,0.0,90,899
2017-11-07 05:00:00,5,Tuesday,November,Clouds,-1.7199999999999704,0.0,90,3031
2017-11-07 10:00:00,10,Tuesday,November,Clouds,-2.509999999999991,0.0,90,4518
2017-11-07 15:00:00,15,Tuesday,November,Clear,1.4300000000000068,0.0,5,5747
2017-11-07 16:00:00,16,Tuesday,November,Clear,1.2200000000000273,0.0,1,6705
2017-11-07 20:00:00,20,Tuesday,November,Clear,-2.1299999999999955,0.0,1,2581
2017-11-07 21:00:00,21,Tuesday,November,Clear,-2.269999999999982,0.0,1,2265
2017-11-07 22:00:00,22,Tuesday,November,Clouds,-2.4699999999999704,0.0,75,1631
2017-11-07 23:00:00,23,Tuesday,November,Clouds,-2.159999999999968,0.0,75,1073
2017-11-08 05:00:00,5,Wednesday,November,Clear,-2.7999999999999545,0.0,1,2985
2017-11-08 06:00:00,6,Wednesday,November,Clear,-2.9399999999999977,0.0,1,6126
2017-11-08 10:00:00,10,Wednesday,November,Clouds,-0.5699999999999932,0.0,90,4195
2017-11-08 11:00:00,11,Wednesday,November,Clouds,0.18999999999999773,0.0,20,4553
2017-11-09 06:00:00,6,Thursday,November,Snow,-5.92999999999995,0.0,75,5970
2017-11-09 07:00:00,7,Thursday,November,Snow,-7.139999999999986,0.0,90,6530
2017-11-09 09:00:00,9,Thursday,November,Snow,-7.599999999999966,0.0,40,5710
2017-11-09 13:00:00,13,Thursday,November,Clear,-6.0,0.0,1,5340
2017-11-09 18:00:00,18,Thursday,November,Clear,-8.46999999999997,0.0,1,4758
2017-11-09 23:00:00,23,Thursday,November,Clear,-11.199999999999989,0.0,1,1471
2017-11-10 00:00:00,0,Friday,November,Clear,-11.46999999999997,0.0,1,812
2017-11-10 06:00:00,6,Friday,November,Clear,-11.639999999999986,0.0,1,5554
2017-11-10 11:00:00,11,Friday,November,Haze,-7.92999999999995,0.0,40,4964
2017-11-10 23:00:00,23,Friday,November,Snow,-4.359999999999957,0.0,90,1739
2017-11-11 01:00:00,1,Saturday,November,Snow,-3.859999999999957,0.0,90,649
2017-11-11 03:00:00,3,Saturday,November,Clouds,-2.5399999999999636,0.0,90,541
2017-11-11 04:00:00,4,Saturday,November,Clouds,-2.1499999999999773,0.0,90,555
2017-11-11 05:00:00,5,Saturday,November,Clouds,-1.2899999999999636,0.0,90,1057
2017-11-11 08:00:00,8,Saturday,November,Clouds,-0.6899999999999977,0.0,90,3446
2017-11-11 11:00:00,11,Saturday,November,Clouds,1.7900000000000205,0.0,20,4714
2017-11-12 02:00:00,2,Sunday,November,Haze,-3.569999999999993,0.0,1,724
2017-11-12 07:00:00,7,Sunday,November,Clouds,-3.4599999999999795,0.0,20,1260
2017-11-12 10:00:00,10,Sunday,November,Clear,-0.6499999999999773,0.0,1,3540
2017-11-12 11:00:00,11,Sunday,November,Clouds,0.21000000000003638,0.0,90,3858
2017-11-12 13:00:00,13,Sunday,November,Clouds,0.7100000000000364,0.0,90,4114
2017-11-12 14:00:00,14,Sunday,November,Clouds,1.0,0.0,75,4163
2017-11-12 16:00:00,16,Sunday,November,Clouds,1.9300000000000068,0.0,40,4746
2017-11-12 22:00:00,22,Sunday,November,Mist,-3.7299999999999613,0.0,1,1342
2017-11-12 23:00:00,23,Sunday,November,Mist,-4.069999999999993,0.0,1,929
2017-11-13 01:00:00,1,Monday,November,Mist,-4.259999999999991,0.0,1,302
2017-11-13 07:00:00,7,Monday,November,Mist,-3.5,0.0,75,6505
2017-11-13 08:00:00,8,Monday,November,Mist,-2.7899999999999636,0.0,75,6117
2017-11-13 09:00:00,9,Monday,November,Mist,-1.7399999999999523,0.0,75,5190
2017-11-13 16:00:00,16,Monday,November,Clouds,6.590000000000032,0.0,75,6604
2017-11-13 17:00:00,17,Monday,November,Clouds,6.140000000000043,0.0,75,5936
2017-11-14 03:00:00,3,Tuesday,November,Mist,3.8700000000000045,0.0,90,346
2017-11-14 17:00:00,17,Tuesday,November,Mist,6.400000000000034,0.0,90,6091
2017-11-14 20:00:00,20,Tuesday,November,Drizzle,6.07000000000005,0.0,90,2778
2017-11-14 21:00:00,21,Tuesday,November,Drizzle,6.0,0.0,90,3722
2017-11-14 22:00:00,22,Tuesday,November,Rain,6.400000000000034,0.0,90,2381
2017-11-15 00:00:00,0,Wednesday,November,Drizzle,6.470000000000027,0.0,90,608
2017-11-15 01:00:00,1,Wednesday,November,Drizzle,6.600000000000023,0.0,90,318
2017-11-15 10:00:00,10,Wednesday,November,Mist,1.6400000000000432,0.0,90,4687
2017-11-15 16:00:00,16,Wednesday,November,Clouds,0.27000000000003865,0.0,90,6923
2017-11-15 18:00:00,18,Wednesday,November,Clouds,-1.1999999999999886,0.0,90,4660
2017-11-15 20:00:00,20,Wednesday,November,Clouds,-1.599999999999966,0.0,90,2914
2017-11-16 04:00:00,4,Thursday,November,Clouds,-1.7899999999999636,0.0,90,916
2017-11-16 10:00:00,10,Thursday,November,Clouds,-1.7399999999999523,0.0,90,4678
2017-11-16 17:00:00,17,Thursday,November,Clouds,-0.2899999999999636,0.0,90,6125
2017-11-16 18:00:00,18,Thursday,November,Clouds,-0.06999999999999318,0.0,90,4724
2017-11-16 21:00:00,21,Thursday,November,Clouds,0.5,0.0,40,3069
2017-11-16 22:00:00,22,Thursday,November,Clouds,0.7100000000000364,0.0,75,3643
2017-11-17 02:00:00,2,Friday,November,Clear,1.670000000000016,0.0,1,316
2017-11-17 13:00:00,13,Friday,November,Drizzle,2.7700000000000387,0.0,90,5105
2017-11-17 19:00:00,19,Friday,November,Mist,2.8600000000000136,0.0,90,3774
2017-11-17 22:00:00,22,Friday,November,Haze,2.5300000000000296,0.0,75,2630
2017-11-18 03:00:00,3,Saturday,November,Mist,1.5,0.0,90,433
2017-11-18 05:00:00,5,Saturday,November,Mist,1.3600000000000136,0.0,90,801
2017-11-18 17:00:00,17,Saturday,November,Clear,-0.8599999999999568,0.0,1,4852
2017-11-18 21:00:00,21,Saturday,November,Clear,-5.0,0.0,5,3011
2017-11-19 00:00:00,0,Sunday,November,Clear,-6.269999999999982,0.0,1,1529
2017-11-19 04:00:00,4,Sunday,November,Clear,-7.539999999999964,0.0,1,407
2017-11-19 07:00:00,7,Sunday,November,Clear,-8.539999999999964,0.0,1,1498
2017-11-19 08:00:00,8,Sunday,November,Clear,-8.359999999999957,0.0,1,2214
2017-11-19 09:00:00,9,Sunday,November,Clear,-7.139999999999986,0.0,1,3432
2017-11-19 14:00:00,14,Sunday,November,Clouds,2.2100000000000364,0.0,40,4121
2017-11-19 15:00:00,15,Sunday,November,Clouds,3.6299999999999955,0.0,40,4329
2017-11-19 16:00:00,16,Sunday,November,Clouds,4.310000000000002,0.0,40,4555
2017-11-19 18:00:00,18,Sunday,November,Clouds,0.6000000000000227,0.0,40,3560
2017-11-19 21:00:00,21,Sunday,November,Clear,0.6000000000000227,0.0,5,1898
2017-11-19 22:00:00,22,Sunday,November,Clear,1.0,0.0,1,1413
2017-11-19 23:00:00,23,Sunday,November,Clear,0.4600000000000364,0.0,1,991
2017-11-20 04:00:00,4,Monday,November,Clear,-1.1299999999999955,0.0,1,848
2017-11-20 05:00:00,5,Monday,November,Clear,-1.2099999999999795,0.0,1,2851
2017-11-20 07:00:00,7,Monday,November,Clear,-1.42999999999995,0.0,1,6600
2017-11-20 14:00:00,14,Monday,November,Clouds,6.5,0.0,90,5095
2017-11-20 16:00:00,16,Monday,November,Clouds,7.140000000000043,0.0,75,6629
2017-11-20 19:00:00,19,Monday,November,Clouds,6.640000000000043,0.0,75,3029
2017-11-20 21:00:00,21,Monday,November,Clouds,6.140000000000043,0.0,75,2595
2017-11-20 22:00:00,22,Monday,November,Clear,5.800000000000011,0.0,1,3268
2017-11-21 08:00:00,8,Tuesday,November,Snow,-3.599999999999966,0.0,75,5932
2017-11-21 12:00:00,12,Tuesday,November,Snow,-3.4599999999999795,0.0,40,5069
2017-11-21 16:00:00,16,Tuesday,November,Clear,-2.0,0.0,5,6669
2017-11-22 01:00:00,1,Wednesday,November,Clear,-8.269999999999982,0.0,1,422
2017-11-22 09:00:00,9,Wednesday,November,Clear,-8.859999999999957,0.0,1,5036
2017-11-22 11:00:00,11,Wednesday,November,Clouds,-5.669999999999959,0.0,75,5165
2017-11-22 18:00:00,18,Wednesday,November,Snow,-1.8100000000000023,0.0,90,4347
2017-11-22 19:00:00,19,Wednesday,November,Snow,-1.3999999999999773,0.0,90,3179
2017-11-22 21:00:00,21,Wednesday,November,Clouds,-0.5399999999999636,0.0,90,2638
2017-11-22 23:00:00,23,Wednesday,November,Clouds,-0.7999999999999545,0.0,90,1474
2017-11-23 07:00:00,7,Thursday,November,Clear,-5.779999999999973,0.0,5,991
2017-11-23 10:00:00,10,Thursday,November,Clear,-1.2199999999999704,0.0,5,2817
2017-11-23 13:00:00,13,Thursday,November,Clear,4.660000000000025,0.0,5,3049
2017-11-23 14:00:00,14,Thursday,November,Clear,5.930000000000007,0.0,5,2935
2017-11-23 16:00:00,16,Thursday,November,Clouds,6.860000000000014,0.0,40,3212
2017-11-23 22:00:00,22,Thursday,November,Clear,5.0,0.0,1,1962
2017-11-24 05:00:00,5,Friday,November,Clear,6.600000000000023,0.0,1,1045
2017-11-24 10:00:00,10,Friday,November,Clouds,9.129999999999995,0.0,40,3405
2017-11-24 14:00:00,14,Friday,November,Drizzle,14.930000000000007,0.0,40,4749
2017-11-24 18:00:00,18,Friday,November,Clear,7.939999999999998,0.0,5,5325
2017-11-25 00:00:00,0,Saturday,November,Clear,4.470000000000027,0.0,1,1079
2017-11-25 01:00:00,1,Saturday,November,Clear,3.930000000000007,0.0,1,655
2017-11-25 03:00:00,3,Saturday,November,Clear,3.2000000000000455,0.0,1,372
2017-11-25 09:00:00,9,Saturday,November,Clear,0.4000000000000341,0.0,5,3054
2017-11-25 10:00:00,10,Saturday,November,Clear,1.0,0.0,5,3914
2017-11-26 05:00:00,5,Sunday,November,Clear,-3.3100000000000023,0.0,1,602
2017-11-26 06:00:00,6,Sunday,November,Clear,-2.569999999999993,0.0,1,965
2017-11-26 13:00:00,13,Sunday,November,Clouds,7.930000000000007,0.0,40,4860
2017-11-26 17:00:00,17,Sunday,November,Clear,7.930000000000007,0.0,1,4794
2017-11-26 22:00:00,22,Sunday,November,Clouds,1.7200000000000273,0.0,75,1640
2017-11-26 23:00:00,23,Sunday,November,Clear,0.57000000000005,0.0,1,1009
2017-11-27 05:00:00,5,Monday,November,Clear,0.28000000000002956,0.0,1,2875
2017-11-27 06:00:00,6,Monday,November,Mist,1.07000000000005,0.0,1,5636
2017-11-27 17:00:00,17,Monday,November,Clear,13.79000000000002,0.0,1,5937
2017-11-27 18:00:00,18,Monday,November,Clouds,12.730000000000018,0.0,75,4171
2017-11-28 00:00:00,0,Tuesday,November,Clear,11.670000000000016,0.0,1,569
2017-11-28 01:00:00,1,Tuesday,November,Clear,10.670000000000016,0.0,1,317
2017-11-28 06:00:00,6,Tuesday,November,Clear,7.140000000000043,0.0,1,5917
2017-11-28 08:00:00,8,Tuesday,November,Clouds,6.270000000000039,0.0,75,6075
2017-11-28 12:00:00,12,Tuesday,November,Clear,8.430000000000007,0.0,1,4980
2017-11-28 13:00:00,13,Tuesday,November,Clear,10.57000000000005,0.0,1,4837
2017-11-28 14:00:00,14,Tuesday,November,Clouds,11.140000000000043,0.0,20,5024
2017-11-28 17:00:00,17,Tuesday,November,Clear,8.879999999999995,0.0,1,5922
2017-11-28 19:00:00,19,Tuesday,November,Clear,5.330000000000041,0.0,5,3162
2017-11-28 22:00:00,22,Tuesday,November,Clear,2.2700000000000387,0.0,1,1532
2017-11-29 01:00:00,1,Wednesday,November,Clear,-0.5999999999999659,0.0,1,310
2017-11-29 03:00:00,3,Wednesday,November,Clear,-2.2199999999999704,0.0,1,376
2017-11-29 04:00:00,4,Wednesday,November,Clear,-4.269999999999982,0.0,1,883
2017-11-29 05:00:00,5,Wednesday,November,Clear,-5.0,0.0,1,3034
2017-11-29 08:00:00,8,Wednesday,November,Clouds,-5.359999999999957,0.0,40,6020
2017-11-29 10:00:00,10,Wednesday,November,Clouds,-0.46999999999997044,0.0,40,4690
2017-11-29 12:00:00,12,Wednesday,November,Clouds,3.400000000000034,0.0,75,4982
2017-11-29 13:00:00,13,Wednesday,November,Clear,5.0,0.0,1,4983
2017-11-29 14:00:00,14,Wednesday,November,Clouds,6.640000000000043,0.0,40,5223
2017-11-29 17:00:00,17,Wednesday,November,Clouds,5.920000000000016,0.0,75,6347
2017-11-29 18:00:00,18,Wednesday,November,Clear,4.930000000000007,0.0,1,4914
2017-11-29 19:00:00,19,Wednesday,November,Clear,4.430000000000007,0.0,1,3716
2017-11-29 22:00:00,22,Wednesday,November,Clear,4.78000000000003,0.0,1,1780
2017-11-30 00:00:00,0,Thursday,November,Clear,5.930000000000007,0.0,1,732
2017-11-30 10:00:00,10,Thursday,November,Clear,3.150000000000034,0.0,5,4643
2017-11-30 13:00:00,13,Thursday,November,Clear,7.260000000000048,0.0,5,5138
2017-11-30 14:00:00,14,Thursday,November,Clear,8.0,0.0,1,5338
2017-11-30 17:00:00,17,Thursday,November,Clear,6.340000000000032,0.0,1,6241
2017-11-30 18:00:00,18,Thursday,November,Clear,3.730000000000018,0.0,1,4668
2017-12-01 13:00:00,13,Friday,December,Clear,8.0,0.0,1,5565
2017-12-01 14:00:00,14,Friday,December,Clear,8.710000000000036,0.0,1,5711
2017-12-01 15:00:00,15,Friday,December,Clear,9.53000000000003,0.0,1,6284
2017-12-01 17:00:00,17,Friday,December,Clouds,8.400000000000034,0.0,90,6000
2017-12-01 18:00:00,18,Friday,December,Clouds,7.150000000000034,0.0,90,5037
2017-12-01 19:00:00,19,Friday,December,Clouds,6.220000000000027,0.0,90,4086
2017-12-01 20:00:00,20,Friday,December,Clouds,5.590000000000032,0.0,75,3480
2017-12-02 00:00:00,0,Saturday,December,Clear,1.07000000000005,0.0,1,1479
2017-12-02 04:00:00,4,Saturday,December,Clear,-1.599999999999966,0.0,1,539
2017-12-02 06:00:00,6,Saturday,December,Clear,-3.2899999999999636,0.0,1,1666
2017-12-02 10:00:00,10,Saturday,December,Clear,0.060000000000002274,0.0,1,4562
2017-12-02 16:00:00,16,Saturday,December,Clear,7.930000000000007,0.0,5,5397
2017-12-02 19:00:00,19,Saturday,December,Clear,0.6500000000000341,0.0,5,4140
2017-12-02 22:00:00,22,Saturday,December,Clear,-2.2799999999999727,0.0,1,2623
2017-12-03 14:00:00,14,Sunday,December,Clear,7.920000000000016,0.0,1,4383
2017-12-03 23:00:00,23,Sunday,December,Clouds,8.78000000000003,0.0,40,1105
2017-12-04 00:00:00,0,Monday,December,Clear,9.210000000000036,0.0,1,573
2017-12-04 01:00:00,1,Monday,December,Clear,9.57000000000005,0.0,1,358
2017-12-05 04:00:00,4,Tuesday,December,Haze,-5.729999999999961,0.0,75,853
2017-12-05 05:00:00,5,Tuesday,December,Haze,-6.599999999999966,0.0,90,2637
2017-12-05 07:00:00,7,Tuesday,December,Clear,-7.779999999999973,0.0,1,2334
2017-12-05 08:00:00,8,Tuesday,December,Snow,-8.42999999999995,0.0,75,2160
2017-12-06 04:00:00,4,Wednesday,December,Clear,-8.389999999999986,0.0,1,1072
2017-12-06 08:00:00,8,Wednesday,December,Clear,-8.769999999999982,0.0,5,5113
2017-12-06 19:00:00,19,Wednesday,December,Snow,-7.739999999999952,0.0,90,3061
2017-12-06 22:00:00,22,Wednesday,December,Clouds,-7.7999999999999545,0.0,40,1652
2017-12-06 23:00:00,23,Wednesday,December,Clear,-8.0,0.0,1,1093
2017-12-07 03:00:00,3,Thursday,December,Clear,-10.289999999999964,0.0,1,376
2017-12-07 09:00:00,9,Thursday,December,Clouds,-12.870000000000005,0.0,75,4958
2017-12-07 11:00:00,11,Thursday,December,Clear,-10.799999999999955,0.0,1,4774
2017-12-07 12:00:00,12,Thursday,December,Clouds,-9.539999999999964,0.0,75,4981
2017-12-07 13:00:00,13,Thursday,December,Clouds,-8.399999999999977,0.0,40,5035
2017-12-07 17:00:00,17,Thursday,December,Clouds,-8.069999999999993,0.0,40,5865
2017-12-07 18:00:00,18,Thursday,December,Clear,-8.079999999999984,0.0,1,4712
2017-12-07 19:00:00,19,Thursday,December,Clouds,-7.579999999999984,0.0,75,3445
2017-12-07 20:00:00,20,Thursday,December,Clouds,-6.71999999999997,0.0,90,2995
2017-12-07 22:00:00,22,Thursday,December,Clouds,-6.339999999999975,0.0,90,1923
2017-12-08 04:00:00,4,Friday,December,Clouds,-4.92999999999995,0.0,40,865
2017-12-08 06:00:00,6,Friday,December,Clouds,-5.349999999999966,0.0,40,5276
2017-12-08 08:00:00,8,Friday,December,Clouds,-5.539999999999964,0.0,90,5448
2017-12-08 15:00:00,15,Friday,December,Clouds,-2.069999999999993,0.0,90,5931
2017-12-08 16:00:00,16,Friday,December,Clouds,-2.0,0.0,90,6150
2017-12-08 18:00:00,18,Friday,December,Clouds,-1.92999999999995,0.0,90,4564
2017-12-08 22:00:00,22,Friday,December,Snow,-0.5999999999999659,0.0,90,2728
2017-12-09 04:00:00,4,Saturday,December,Snow,-4.669999999999959,0.0,90,471
2017-12-09 08:00:00,8,Saturday,December,Snow,-6.789999999999964,0.0,90,3024
2017-12-09 11:00:00,11,Saturday,December,Snow,-7.339999999999975,0.0,75,4928
2017-12-09 14:00:00,14,Saturday,December,Clouds,-6.069999999999993,0.0,90,5255
2017-12-09 17:00:00,17,Saturday,December,Clouds,-6.269999999999982,0.0,75,5536
2017-12-10 00:00:00,0,Sunday,December,Clear,-5.1299999999999955,0.0,1,1370
2017-12-10 04:00:00,4,Sunday,December,Clouds,-6.399999999999977,0.0,40,392
2017-12-10 10:00:00,10,Sunday,December,Clouds,-2.5,0.0,90,3616
2017-12-10 13:00:00,13,Sunday,December,Clouds,-1.7999999999999545,0.0,90,4352
2017-12-10 19:00:00,19,Sunday,December,Clear,-5.4599999999999795,0.0,5,2966
2017-12-10 21:00:00,21,Sunday,December,Mist,-7.0,0.0,1,2069
2017-12-10 22:00:00,22,Sunday,December,Mist,-5.789999999999964,0.0,1,1732
2017-12-10 23:00:00,23,Sunday,December,Mist,-5.009999999999991,0.0,90,999
2017-12-11 10:00:00,10,Monday,December,Mist,-0.5,0.0,90,4049
2017-12-11 16:00:00,16,Monday,December,Clouds,0.08000000000004093,0.0,90,6076
2017-12-12 03:00:00,3,Tuesday,December,Clear,-11.859999999999957,0.0,1,339
2017-12-12 04:00:00,4,Tuesday,December,Clear,-12.599999999999966,0.0,1,939
2017-12-12 07:00:00,7,Tuesday,December,Clear,-14.0,0.0,5,5928
2017-12-12 11:00:00,11,Tuesday,December,Clouds,-11.009999999999991,0.0,75,4714
2017-12-12 12:00:00,12,Tuesday,December,Clouds,-9.539999999999964,0.0,90,4948
2017-12-12 17:00:00,17,Tuesday,December,Clouds,-6.789999999999964,0.0,90,5923
2017-12-12 19:00:00,19,Tuesday,December,Clouds,-6.649999999999977,0.0,75,3282
2017-12-13 01:00:00,1,Wednesday,December,Clear,-2.7999999999999545,0.0,1,391
2017-12-13 03:00:00,3,Wednesday,December,Clouds,-1.6399999999999864,0.0,75,395
2017-12-13 05:00:00,5,Wednesday,December,Clear,-1.5399999999999636,0.0,1,3108
2017-12-13 12:00:00,12,Wednesday,December,Haze,-3.7899999999999636,0.0,90,4787
2017-12-13 16:00:00,16,Wednesday,December,Snow,-4.069999999999993,0.0,90,6621
2017-12-14 01:00:00,1,Thursday,December,Clouds,-9.069999999999993,0.0,90,392
2017-12-14 02:00:00,2,Thursday,December,Clouds,-8.289999999999964,0.0,90,298
2017-12-14 03:00:00,3,Thursday,December,Mist,-7.849999999999966,0.0,90,372
2017-12-14 09:00:00,9,Thursday,December,Snow,-9.139999999999986,0.0,75,5360
2017-12-14 10:00:00,10,Thursday,December,Snow,-7.789999999999964,0.0,90,4607
2017-12-14 11:00:00,11,Thursday,December,Snow,-7.0,0.0,90,4881
2017-12-15 02:00:00,2,Friday,December,Snow,-5.1299999999999955,0.0,90,358
2017-12-15 04:00:00,4,Friday,December,Snow,-4.92999999999995,0.0,90,836
2017-12-15 09:00:00,9,Friday,December,Clouds,-5.8700000000000045,0.0,90,5222
2017-12-15 10:00:00,10,Friday,December,Snow,-5.46999999999997,0.0,75,4949
2017-12-15 12:00:00,12,Friday,December,Mist,-4.7999999999999545,0.0,90,5368
2017-12-15 15:00:00,15,Friday,December,Clouds,-3.1499999999999773,0.0,90,6048
2017-12-15 16:00:00,16,Friday,December,Clouds,-3.0,0.0,90,6669
2017-12-15 17:00:00,17,Friday,December,Clouds,-3.069999999999993,0.0,90,5666
2017-12-15 18:00:00,18,Friday,December,Snow,-2.92999999999995,0.0,90,4776
2017-12-16 01:00:00,1,Saturday,December,Snow,-2.069999999999993,0.0,40,817
2017-12-16 04:00:00,4,Saturday,December,Clouds,-2.669999999999959,0.0,40,441
2017-12-16 11:00:00,11,Saturday,December,Mist,-2.7399999999999523,0.0,75,4303
2017-12-16 15:00:00,15,Saturday,December,Haze,-2.2199999999999704,0.0,90,5448
2017-12-16 16:00:00,16,Saturday,December,Haze,-2.1399999999999864,0.0,90,6122
2017-12-17 01:00:00,1,Sunday,December,Clouds,-5.639999999999986,0.0,40,759
2017-12-17 02:00:00,2,Sunday,December,Clear,-6.569999999999993,0.0,1,557
2017-12-17 05:00:00,5,Sunday,December,Mist,-6.1299999999999955,0.0,90,501
2017-12-17 17:00:00,17,Sunday,December,Mist,-2.359999999999957,0.0,90,4183
2017-12-17 23:00:00,23,Sunday,December,Mist,-3.0,0.0,90,979
2017-12-18 04:00:00,4,Monday,December,Mist,-2.92999999999995,0.0,40,905
2017-12-18 12:00:00,12,Monday,December,Clouds,1.0600000000000023,0.0,75,4860
2017-12-18 18:00:00,18,Monday,December,Clouds,3.2100000000000364,0.0,90,4434
2017-12-18 20:00:00,20,Monday,December,Clouds,4.660000000000025,0.0,90,2397
2017-12-18 21:00:00,21,Monday,December,Clouds,4.660000000000025,0.0,75,2125
2017-12-19 06:00:00,6,Tuesday,December,Clear,1.2700000000000387,0.0,1,5784
2017-12-19 08:00:00,8,Tuesday,December,Clouds,0.07000000000005002,0.0,40,5791
2017-12-19 13:00:00,13,Tuesday,December,Clouds,1.2800000000000296,0.0,75,4997
2017-12-19 14:00:00,14,Tuesday,December,Clouds,1.4600000000000364,0.0,75,5385
2017-12-19 20:00:00,20,Tuesday,December,Clouds,-2.92999999999995,0.0,75,2794
2017-12-19 21:00:00,21,Tuesday,December,Clouds,-3.1399999999999864,0.0,75,2461
2017-12-20 14:00:00,14,Wednesday,December,Snow,-7.849999999999966,0.0,90,5026
2017-12-20 15:00:00,15,Wednesday,December,Snow,-8.079999999999984,0.0,90,5549
2017-12-20 20:00:00,20,Wednesday,December,Clouds,-7.46999999999997,0.0,90,2648
2017-12-21 09:00:00,9,Thursday,December,Clouds,-7.0,0.0,75,4975
2017-12-21 14:00:00,14,Thursday,December,Snow,-5.1299999999999955,0.0,75,5493
2017-12-21 23:00:00,23,Thursday,December,Clear,-5.92999999999995,0.0,1,1450
2017-12-22 02:00:00,2,Friday,December,Clouds,-6.639999999999986,0.0,90,329
2017-12-22 07:00:00,7,Friday,December,Clouds,-7.21999999999997,0.0,90,4955
2017-12-22 08:00:00,8,Friday,December,Clouds,-7.399999999999977,0.0,90,4509
2017-12-22 09:00:00,9,Friday,December,Snow,-7.310000000000002,0.0,90,4515
2017-12-22 13:00:00,13,Friday,December,Clear,-5.669999999999959,0.0,1,5349
2017-12-22 14:00:00,14,Friday,December,Clear,-4.789999999999964,0.0,1,5581
2017-12-22 17:00:00,17,Friday,December,Clouds,-4.289999999999964,0.0,75,4871
2017-12-23 04:00:00,4,Saturday,December,Snow,-9.599999999999966,0.0,90,359
2017-12-23 05:00:00,5,Saturday,December,Snow,-10.199999999999989,0.0,40,596
2017-12-23 08:00:00,8,Saturday,December,Clear,-12.289999999999964,0.0,5,2008
2017-12-23 16:00:00,16,Saturday,December,Clear,-5.599999999999966,0.0,1,4144
2017-12-23 17:00:00,17,Saturday,December,Clear,-6.329999999999984,0.0,5,3994
2017-12-23 23:00:00,23,Saturday,December,Clouds,-8.399999999999977,0.0,75,1840
2017-12-24 06:00:00,6,Sunday,December,Clouds,-8.289999999999964,0.0,90,839
2017-12-24 11:00:00,11,Sunday,December,Snow,-7.399999999999977,0.0,90,3200
2017-12-24 13:00:00,13,Sunday,December,Snow,-6.289999999999964,0.0,90,3400
2017-12-24 14:00:00,14,Sunday,December,Snow,-6.0,0.0,90,3694
2017-12-24 17:00:00,17,Sunday,December,Clear,-7.0,0.0,1,3196
2017-12-24 18:00:00,18,Sunday,December,Snow,-7.92999999999995,0.0,75,2549
2017-12-24 21:00:00,21,Sunday,December,Snow,-11.289999999999964,0.0,75,2576
2017-12-25 04:00:00,4,Monday,December,Clouds,-17.21999999999997,0.0,40,339
2017-12-25 05:00:00,5,Monday,December,Clouds,-17.46999999999997,0.0,75,520
2017-12-25 06:00:00,6,Monday,December,Snow,-17.0,0.0,90,798
2017-12-25 11:00:00,11,Monday,December,Clouds,-19.569999999999965,0.0,75,2653
2017-12-25 19:00:00,19,Monday,December,Clear,-19.579999999999984,0.0,5,3100
2017-12-26 02:00:00,2,Tuesday,December,Clear,-21.859999999999985,0.0,1,213
2017-12-26 03:00:00,3,Tuesday,December,Clear,-21.99999999999997,0.0,1,261
2017-12-26 05:00:00,5,Tuesday,December,Clear,-22.359999999999985,0.0,1,1761
2017-12-26 07:00:00,7,Tuesday,December,Clear,-22.859999999999985,0.0,5,3203
2017-12-26 08:00:00,8,Tuesday,December,Clouds,-22.589999999999975,0.0,20,2982
2017-12-26 11:00:00,11,Tuesday,December,Clear,-21.00999999999999,0.0,5,3983
2017-12-26 16:00:00,16,Tuesday,December,Clear,-17.539999999999964,0.0,5,5282
2017-12-26 20:00:00,20,Tuesday,December,Clear,-20.21999999999997,0.0,5,2369
2017-12-26 21:00:00,21,Tuesday,December,Clear,-19.619999999999976,0.0,5,2031
2017-12-27 05:00:00,5,Wednesday,December,Clear,-23.309999999999974,0.0,1,2287
2017-12-27 11:00:00,11,Wednesday,December,Clear,-20.079999999999984,0.0,5,4401
2017-12-27 17:00:00,17,Wednesday,December,Clear,-15.579999999999984,0.0,1,5397
2017-12-27 18:00:00,18,Wednesday,December,Clouds,-17.00999999999999,0.0,75,4295
2017-12-27 23:00:00,23,Wednesday,December,Clear,-16.25,0.0,1,1310
2017-12-28 03:00:00,3,Thursday,December,Snow,-15.859999999999957,0.0,90,373
2017-12-28 05:00:00,5,Thursday,December,Snow,-15.71999999999997,0.0,90,2217
2017-12-28 07:00:00,7,Thursday,December,Snow,-15.539999999999964,0.0,90,3699
2017-12-28 11:00:00,11,Thursday,December,Snow,-14.46999999999997,0.0,75,3433
2017-12-28 17:00:00,17,Thursday,December,Snow,-12.5,0.0,90,4520
2017-12-28 19:00:00,19,Thursday,December,Snow,-12.509999999999991,0.0,90,2849
2017-12-28 22:00:00,22,Thursday,December,Snow,-13.149999999999977,0.0,90,1916
2017-12-29 01:00:00,1,Friday,December,Snow,-16.079999999999984,0.0,75,437
2017-12-29 08:00:00,8,Friday,December,Clouds,-18.619999999999976,0.0,90,3897
2017-12-29 14:00:00,14,Friday,December,Snow,-17.0,0.0,90,4750
2017-12-29 15:00:00,15,Friday,December,Snow,-16.539999999999964,0.0,90,4767
2017-12-29 18:00:00,18,Friday,December,Snow,-16.539999999999964,0.0,90,3929
2017-12-29 19:00:00,19,Friday,December,Snow,-16.620000000000005,0.0,90,3016
2017-12-30 02:00:00,2,Saturday,December,Clear,-22.079999999999984,0.0,1,487
2017-12-30 10:00:00,10,Saturday,December,Clear,-25.359999999999985,0.0,5,3188
2017-12-30 12:00:00,12,Saturday,December,Clear,-23.619999999999976,0.0,5,4160
2017-12-30 16:00:00,16,Saturday,December,Clouds,-21.46999999999997,0.0,40,4288
2017-12-30 20:00:00,20,Saturday,December,Clouds,-22.46999999999997,0.0,40,2597
2017-12-30 21:00:00,21,Saturday,December,Clouds,-21.919999999999987,0.0,75,2271
2017-12-31 03:00:00,3,Sunday,December,Clear,-22.789999999999964,0.0,1,303
2017-12-31 06:00:00,6,Sunday,December,Clear,-24.839999999999975,0.0,1,808
2017-12-31 11:00:00,11,Sunday,December,Clear,-25.779999999999973,0.0,1,3404
2017-12-31 14:00:00,14,Sunday,December,Clear,-21.99999999999997,0.0,1,3410
2017-12-31 15:00:00,15,Sunday,December,Clear,-21.21999999999997,0.0,1,3635
2017-12-31 16:00:00,16,Sunday,December,Clear,-20.68999999999997,0.0,1,3802
2017-12-31 19:00:00,19,Sunday,December,Clear,-23.309999999999974,0.0,1,2995
2017-12-31 22:00:00,22,Sunday,December,Clear,-23.649999999999977,0.0,1,2041
2018-01-01 00:00:00,0,Monday,January,Clear,-23.789999999999964,0.0,1,1478
2018-01-01 01:00:00,1,Monday,January,Clear,-24.069999999999965,0.0,1,1408
2018-01-01 02:00:00,2,Monday,January,Clear,-24.289999999999964,0.0,1,931
2018-01-01 07:00:00,7,Monday,January,Clear,-25.389999999999986,0.0,1,677
2018-01-01 12:00:00,12,Monday,January,Clear,-21.159999999999968,0.0,1,2908
2018-01-01 16:00:00,16,Monday,January,Clear,-17.359999999999985,0.0,5,3290
2018-01-01 22:00:00,22,Monday,January,Clear,-21.619999999999976,0.0,1,1213
2018-01-02 05:00:00,5,Tuesday,January,Clear,-22.71999999999997,0.0,1,2544
2018-01-02 15:00:00,15,Tuesday,January,Clear,-11.0,0.0,1,5232
2018-01-02 23:00:00,23,Tuesday,January,Snow,-10.669999999999959,0.0,90,1118
2018-01-03 17:00:00,17,Wednesday,January,Clear,-15.70999999999998,0.0,5,5951
2018-01-03 22:00:00,22,Wednesday,January,Clear,-19.529999999999973,0.0,1,1517
2018-01-04 01:00:00,1,Thursday,January,Clouds,-19.92999999999998,0.0,90,343
2018-01-04 07:00:00,7,Thursday,January,Clouds,-20.42999999999998,0.0,40,6420
2018-01-04 08:00:00,8,Thursday,January,Clouds,-21.00999999999999,0.0,90,4478
2018-01-04 11:00:00,11,Thursday,January,Clouds,-18.859999999999985,0.0,90,4446
2018-01-04 15:00:00,15,Thursday,January,Clouds,-16.19999999999999,0.0,40,5442
2018-01-04 19:00:00,19,Thursday,January,Clouds,-17.71999999999997,0.0,20,3071
2018-01-04 21:00:00,21,Thursday,January,Clear,-19.93999999999997,0.0,5,3933
2018-01-05 02:00:00,2,Friday,January,Clear,-23.069999999999965,0.0,1,301
2018-01-05 05:00:00,5,Friday,January,Clear,-23.49999999999997,0.0,1,2629
2018-01-05 15:00:00,15,Friday,January,Clouds,-16.870000000000005,0.0,40,5867
2018-01-06 03:00:00,3,Saturday,January,Clear,-25.799999999999983,0.0,1,319
2018-01-06 05:00:00,5,Saturday,January,Clear,-25.99999999999997,0.0,1,694
2018-01-06 11:00:00,11,Saturday,January,Clouds,-18.139999999999986,0.0,20,4092
2018-01-06 14:00:00,14,Saturday,January,Clouds,-12.939999999999998,0.0,90,4857
2018-01-06 19:00:00,19,Saturday,January,Clouds,-12.269999999999982,0.0,90,3174
2018-01-07 01:00:00,1,Sunday,January,Snow,-10.21999999999997,0.0,75,648
2018-01-07 11:00:00,11,Sunday,January,Clear,-5.92999999999995,0.0,1,3670
2018-01-07 15:00:00,15,Sunday,January,Clouds,-2.359999999999957,0.0,75,4082
2018-01-07 16:00:00,16,Sunday,January,Clouds,-1.92999999999995,0.0,40,4050
2018-01-07 20:00:00,20,Sunday,January,Clouds,-2.1399999999999864,0.0,75,2261
2018-01-07 22:00:00,22,Sunday,January,Clouds,-0.7899999999999636,0.0,40,1433
2018-01-07 23:00:00,23,Sunday,January,Clouds,-0.589999999999975,0.0,75,1073
2018-01-08 02:00:00,2,Monday,January,Clear,-2.92999999999995,0.0,1,220
2018-01-08 04:00:00,4,Monday,January,Mist,-3.1999999999999886,0.0,1,820
2018-01-08 07:00:00,7,Monday,January,Clear,-3.7199999999999704,0.0,5,6048
2018-01-08 13:00:00,13,Monday,January,Clouds,0.8600000000000136,0.0,20,4786
2018-01-08 17:00:00,17,Monday,January,Clouds,1.2000000000000455,0.0,40,5732
2018-01-09 00:00:00,0,Tuesday,January,Clear,-4.3799999999999955,0.0,1,560
2018-01-09 02:00:00,2,Tuesday,January,Clouds,-3.669999999999959,0.0,75,239
2018-01-09 06:00:00,6,Tuesday,January,Clouds,-0.7899999999999636,0.0,75,5674
2018-01-09 11:00:00,11,Tuesday,January,Clouds,1.7300000000000182,0.0,40,4473
2018-01-09 13:00:00,13,Tuesday,January,Clouds,3.920000000000016,0.0,40,4784
2018-01-09 16:00:00,16,Tuesday,January,Clouds,5.210000000000036,0.0,75,6559
2018-01-09 22:00:00,22,Tuesday,January,Clear,2.7200000000000273,0.0,1,3488
2018-01-10 01:00:00,1,Wednesday,January,Clear,1.7100000000000364,0.0,1,327
2018-01-10 03:00:00,3,Wednesday,January,Haze,1.0,0.0,90,336
2018-01-10 05:00:00,5,Wednesday,January,Mist,1.5300000000000296,0.0,1,2944
2018-01-10 07:00:00,7,Wednesday,January,Mist,1.6000000000000227,0.0,90,6228
2018-01-10 12:00:00,12,Wednesday,January,Mist,2.57000000000005,0.0,90,4911
2018-01-10 23:00:00,23,Wednesday,January,Drizzle,2.0,0.0,90,1115
2018-01-11 04:00:00,4,Thursday,January,Drizzle,-2.8700000000000045,0.0,90,855
2018-01-11 06:00:00,6,Thursday,January,Mist,-5.7099999999999795,0.0,90,4869
2018-01-11 13:00:00,13,Thursday,January,Snow,-12.689999999999998,0.0,90,3293
2018-01-11 16:00:00,16,Thursday,January,Snow,-13.45999999999998,0.0,90,4269
2018-01-11 18:00:00,18,Thursday,January,Snow,-13.079999999999984,0.0,75,3130
2018-01-11 19:00:00,19,Thursday,January,Clouds,-13.229999999999961,0.0,40,2480
2018-01-11 20:00:00,20,Thursday,January,Clear,-13.620000000000005,0.0,5,2251
2018-01-11 23:00:00,23,Thursday,January,Clear,-16.25999999999999,0.0,1,949
2018-01-12 01:00:00,1,Friday,January,Clear,-18.389999999999986,0.0,1,335
2018-01-12 03:00:00,3,Friday,January,Clear,-20.69999999999999,0.0,1,353
2018-01-12 05:00:00,5,Friday,January,Clear,-22.079999999999984,0.0,1,2728
2018-01-12 11:00:00,11,Friday,January,Clear,-21.69999999999999,0.0,5,4440
2018-01-12 13:00:00,13,Friday,January,Clear,-18.389999999999986,0.0,5,4928
2018-01-12 15:00:00,15,Friday,January,Clear,-16.769999999999982,0.0,5,5560
2018-01-12 23:00:00,23,Friday,January,Clear,-20.419999999999987,0.0,1,1654
2018-01-13 00:00:00,0,Saturday,January,Clear,-20.569999999999965,0.0,1,1032
2018-01-13 01:00:00,1,Saturday,January,Clear,-20.639999999999986,0.0,1,601
2018-01-13 13:00:00,13,Saturday,January,Clear,-17.859999999999985,0.0,1,4595
2018-01-13 14:00:00,14,Saturday,January,Clear,-17.0,0.0,1,4212
2018-01-13 19:00:00,19,Saturday,January,Clear,-20.129999999999967,0.0,5,3479
2018-01-13 23:00:00,23,Saturday,January,Clear,-23.389999999999986,0.0,1,1872
2018-01-14 00:00:00,0,Sunday,January,Clear,-23.529999999999973,0.0,1,1210
2018-01-14 02:00:00,2,Sunday,January,Clear,-22.98999999999998,0.0,1,494
2018-01-14 04:00:00,4,Sunday,January,Clear,-22.419999999999987,0.0,1,271
2018-01-14 08:00:00,8,Sunday,January,Clouds,-18.399999999999977,0.0,90,1880
2018-01-14 09:00:00,9,Sunday,January,Snow,-17.060000000000002,0.0,90,2567
2018-01-14 11:00:00,11,Sunday,January,Snow,-14.009999999999991,0.0,90,3771
2018-01-14 15:00:00,15,Sunday,January,Snow,-10.269999999999982,0.0,90,3383
2018-01-14 19:00:00,19,Sunday,January,Snow,-8.609999999999957,0.0,90,1800
2018-01-14 22:00:00,22,Sunday,January,Snow,-9.739999999999952,0.0,90,2292
2018-01-15 02:00:00,2,Monday,January,Snow,-12.009999999999991,0.0,90,269
2018-01-15 05:00:00,5,Monday,January,Snow,-13.810000000000002,0.0,90,2183
2018-01-15 07:00:00,7,Monday,January,Snow,-14.870000000000005,0.0,90,3651
2018-01-15 11:00:00,11,Monday,January,Haze,-15.859999999999957,0.0,75,3638
2018-01-15 15:00:00,15,Monday,January,Snow,-14.599999999999966,0.0,75,4414
2018-01-15 17:00:00,17,Monday,January,Snow,-15.289999999999964,0.0,75,4437
2018-01-15 19:00:00,19,Monday,January,Snow,-15.42999999999995,0.0,90,2611
2018-01-16 00:00:00,0,Tuesday,January,Snow,-16.799999999999955,0.0,40,494
2018-01-16 01:00:00,1,Tuesday,January,Snow,-16.870000000000005,0.0,1,321
2018-01-16 09:00:00,9,Tuesday,January,Snow,-17.649999999999977,0.0,5,5045
2018-01-16 10:00:00,10,Tuesday,January,Snow,-17.73999999999998,0.0,90,4302
2018-01-16 14:00:00,14,Tuesday,January,Clear,-14.539999999999964,0.0,5,4625
2018-01-16 16:00:00,16,Tuesday,January,Clear,-13.789999999999964,0.0,1,6186
2018-01-16 17:00:00,17,Tuesday,January,Clear,-14.359999999999957,0.0,5,5809
2018-01-16 20:00:00,20,Tuesday,January,Clear,-17.21999999999997,0.0,5,2574
2018-01-17 08:00:00,8,Wednesday,January,Clouds,-16.139999999999986,0.0,40,5345
2018-01-17 10:00:00,10,Wednesday,January,Clouds,-12.439999999999998,0.0,75,4412
2018-01-17 11:00:00,11,Wednesday,January,Clear,-10.339999999999975,0.0,1,4497
2018-01-17 13:00:00,13,Wednesday,January,Clouds,-6.539999999999964,0.0,20,4917
2018-01-17 17:00:00,17,Wednesday,January,Clear,-3.359999999999957,0.0,5,5676
2018-01-17 19:00:00,19,Wednesday,January,Clear,-3.2899999999999636,0.0,5,3080
2018-01-17 20:00:00,20,Wednesday,January,Clear,-3.42999999999995,0.0,5,2777
2018-01-17 21:00:00,21,Wednesday,January,Clear,-3.1399999999999864,0.0,5,2278
2018-01-18 06:00:00,6,Thursday,January,Clear,-4.5,0.0,1,5369
2018-01-18 08:00:00,8,Thursday,January,Clouds,-5.569999999999993,0.0,40,5751
2018-01-18 10:00:00,10,Thursday,January,Clear,-3.579999999999984,0.0,5,4479
2018-01-18 18:00:00,18,Thursday,January,Clouds,1.670000000000016,0.0,75,4502
2018-01-19 03:00:00,3,Friday,January,Mist,-1.329999999999984,0.0,1,373
2018-01-19 06:00:00,6,Friday,January,Mist,-1.3599999999999568,0.0,1,5340
2018-01-19 16:00:00,16,Friday,January,Clouds,5.5,0.0,40,6305
2018-01-19 17:00:00,17,Friday,January,Clouds,5.0,0.0,40,5657
2018-01-19 20:00:00,20,Friday,January,Clouds,2.3500000000000227,0.0,75,3094
2018-01-20 00:00:00,0,Saturday,January,Clear,1.07000000000005,0.0,1,1179
2018-01-20 05:00:00,5,Saturday,January,Haze,-4.419999999999959,0.0,1,703
2018-01-20 19:00:00,19,Saturday,January,Clear,2.340000000000032,0.0,1,3900
2018-01-20 21:00:00,21,Saturday,January,Clouds,1.2700000000000387,0.0,75,3742
2018-01-21 07:00:00,7,Sunday,January,Mist,0.36000000000001364,0.0,90,1343
2018-01-21 15:00:00,15,Sunday,January,Clouds,2.930000000000007,0.0,90,4261
2018-01-21 16:00:00,16,Sunday,January,Clouds,2.7900000000000205,0.0,90,4236
2018-01-21 17:00:00,17,Sunday,January,Clouds,2.740000000000009,0.0,90,3791
2018-01-21 20:00:00,20,Sunday,January,Clouds,2.2800000000000296,0.0,90,2566
2018-01-22 03:00:00,3,Monday,January,Clouds,0.8500000000000227,0.0,40,325
2018-01-22 09:00:00,9,Monday,January,Snow,-0.3599999999999568,0.0,90,3794
2018-01-22 15:00:00,15,Monday,January,Snow,-1.1299999999999955,0.0,90,2132
2018-01-22 16:00:00,16,Monday,January,Snow,-1.7899999999999636,0.0,90,1488
2018-01-22 17:00:00,17,Monday,January,Snow,-1.92999999999995,0.0,90,1379
2018-01-22 20:00:00,20,Monday,January,Snow,-2.2899999999999636,0.0,90,889
2018-01-22 22:00:00,22,Monday,January,Snow,-2.2899999999999636,0.0,90,1631
2018-01-22 23:00:00,23,Monday,January,Snow,-2.5,0.0,90,570
2018-01-23 00:00:00,0,Tuesday,January,Snow,-2.8700000000000045,0.0,90,446
2018-01-23 04:00:00,4,Tuesday,January,Clear,-6.069999999999993,0.0,1,705
2018-01-23 13:00:00,13,Tuesday,January,Clouds,-5.289999999999964,0.0,40,3670
2018-01-23 14:00:00,14,Tuesday,January,Clear,-4.2099999999999795,0.0,1,4001
2018-01-23 18:00:00,18,Tuesday,January,Clouds,-5.279999999999973,0.0,40,3467
2018-01-23 19:00:00,19,Tuesday,January,Clouds,-7.199999999999989,0.0,75,2652
2018-01-24 04:00:00,4,Wednesday,January,Mist,-12.729999999999961,0.0,75,893
2018-01-24 11:00:00,11,Wednesday,January,Mist,-5.92999999999995,0.0,90,4510
2018-01-24 15:00:00,15,Wednesday,January,Haze,-3.7099999999999795,0.0,90,5570
2018-01-24 21:00:00,21,Wednesday,January,Mist,-4.079999999999984,0.0,90,2567
2018-01-25 02:00:00,2,Thursday,January,Mist,-4.069999999999993,0.0,90,265
2018-01-25 07:00:00,7,Thursday,January,Mist,-4.069999999999993,0.0,90,5702
2018-01-25 08:00:00,8,Thursday,January,Mist,-4.0,0.0,90,5616
2018-01-25 17:00:00,17,Thursday,January,Mist,-3.069999999999993,0.0,90,5883
2018-01-25 20:00:00,20,Thursday,January,Mist,-2.859999999999957,0.0,90,3009
2018-01-26 07:00:00,7,Friday,January,Clouds,2.0600000000000023,0.0,40,6059
2018-01-26 13:00:00,13,Friday,January,Clouds,7.28000000000003,0.0,20,5380
2018-01-26 14:00:00,14,Friday,January,Clouds,7.28000000000003,0.0,20,5464
2018-01-26 15:00:00,15,Friday,January,Clouds,6.8700000000000045,0.0,75,5810
2018-01-27 00:00:00,0,Saturday,January,Clouds,1.5,0.0,90,1121
2018-01-27 05:00:00,5,Saturday,January,Clear,-2.7899999999999636,0.0,1,753
2018-01-27 07:00:00,7,Saturday,January,Clear,-4.289999999999964,0.0,5,2158
2018-01-27 16:00:00,16,Saturday,January,Clear,-0.19999999999998863,0.0,5,5460
2018-01-27 17:00:00,17,Saturday,January,Clear,-1.0,0.0,5,5182
2018-01-28 05:00:00,5,Sunday,January,Clouds,-7.92999999999995,0.0,90,643
2018-01-28 11:00:00,11,Sunday,January,Snow,-8.539999999999964,0.0,90,4065
2018-01-28 13:00:00,13,Sunday,January,Snow,-7.4599999999999795,0.0,90,4784
2018-01-28 18:00:00,18,Sunday,January,Snow,-7.7999999999999545,0.0,90,3849
2018-01-28 19:00:00,19,Sunday,January,Clouds,-8.20999999999998,0.0,40,3221
2018-01-29 01:00:00,1,Monday,January,Clear,-12.359999999999957,0.0,1,335
2018-01-29 06:00:00,6,Monday,January,Clear,-15.199999999999989,0.0,1,5488
2018-01-29 07:00:00,7,Monday,January,Clear,-16.0,0.0,1,6362
2018-01-29 09:00:00,9,Monday,January,Clouds,-16.359999999999957,0.0,20,4715
2018-01-29 12:00:00,12,Monday,January,Clear,-12.739999999999952,0.0,5,4725
2018-01-29 13:00:00,13,Monday,January,Clear,-11.92999999999995,0.0,1,4578
2018-01-29 19:00:00,19,Monday,January,Clear,-12.189999999999998,0.0,1,3448
2018-01-29 20:00:00,20,Monday,January,Clear,-13.25,0.0,1,2957
2018-01-30 05:00:00,5,Tuesday,January,Clear,-18.659999999999968,0.0,1,2876
2018-01-30 06:00:00,6,Tuesday,January,Clear,-17.849999999999966,0.0,1,5585
2018-01-30 07:00:00,7,Tuesday,January,Snow,-17.569999999999965,0.0,1,6405
2018-01-30 10:00:00,10,Tuesday,January,Clouds,-13.199999999999989,0.0,75,4388
2018-01-30 12:00:00,12,Tuesday,January,Clouds,-10.139999999999986,0.0,90,4783
2018-01-30 20:00:00,20,Tuesday,January,Clear,-3.0600000000000023,0.0,1,2885
2018-01-31 01:00:00,1,Wednesday,January,Clouds,-0.92999999999995,0.0,75,381
2018-01-31 06:00:00,6,Wednesday,January,Clear,-1.0,0.0,1,5081
2018-01-31 08:00:00,8,Wednesday,January,Clear,-3.7999999999999545,0.0,1,5155
2018-01-31 14:00:00,14,Wednesday,January,Clear,-2.5399999999999636,0.0,1,5212
2018-01-31 19:00:00,19,Wednesday,January,Snow,-2.599999999999966,0.0,90,3400
2018-02-01 01:00:00,1,Thursday,February,Haze,-15.0,0.0,20,363
2018-02-01 07:00:00,7,Thursday,February,Clear,-19.22999999999999,0.0,1,6303
2018-02-01 13:00:00,13,Thursday,February,Clear,-16.269999999999982,0.0,1,5099
2018-02-01 14:00:00,14,Thursday,February,Clear,-15.21999999999997,0.0,1,5402
2018-02-01 20:00:00,20,Thursday,February,Clear,-16.639999999999986,0.0,1,3133
2018-02-01 22:00:00,22,Thursday,February,Clear,-18.129999999999967,0.0,1,2165
2018-02-01 23:00:00,23,Thursday,February,Clear,-18.569999999999965,0.0,1,1483
2018-02-02 01:00:00,1,Friday,February,Clear,-20.399999999999977,0.0,1,521
2018-02-02 07:00:00,7,Friday,February,Clear,-23.129999999999967,0.0,1,5843
2018-02-02 08:00:00,8,Friday,February,Clear,-22.98999999999998,0.0,1,5149
2018-02-02 12:00:00,12,Friday,February,Clouds,-16.00999999999999,0.0,75,5104
2018-02-02 14:00:00,14,Friday,February,Clouds,-13.849999999999966,0.0,40,5487
2018-02-02 16:00:00,16,Friday,February,Clouds,-12.70999999999998,0.0,90,6646
2018-02-02 21:00:00,21,Friday,February,Snow,-12.42999999999995,0.0,90,3818
2018-02-02 22:00:00,22,Friday,February,Snow,-11.989999999999952,0.0,90,3788
2018-02-03 03:00:00,3,Saturday,February,Clouds,-10.92999999999995,0.0,90,471
2018-02-03 05:00:00,5,Saturday,February,Clouds,-10.789999999999964,0.0,90,783
2018-02-03 06:00:00,6,Saturday,February,Clouds,-10.71999999999997,0.0,40,1320
2018-02-03 07:00:00,7,Saturday,February,Snow,-10.70999999999998,0.0,90,1839
2018-02-03 16:00:00,16,Saturday,February,Snow,-8.639999999999986,0.0,90,3752
2018-02-03 20:00:00,20,Saturday,February,Snow,-10.0,0.0,90,2632
2018-02-04 09:00:00,9,Sunday,February,Clear,-21.42999999999998,0.0,1,2449
2018-02-04 14:00:00,14,Sunday,February,Clear,-17.19999999999999,0.0,1,3686
2018-02-04 16:00:00,16,Sunday,February,Clear,-16.289999999999964,0.0,5,3630
2018-02-04 18:00:00,18,Sunday,February,Clear,-17.129999999999995,0.0,5,2052
2018-02-04 22:00:00,22,Sunday,February,Clear,-18.99999999999997,0.0,5,2382
2018-02-05 00:00:00,0,Monday,February,Clear,-19.649999999999977,0.0,5,836
2018-02-05 02:00:00,2,Monday,February,Clear,-20.779999999999973,0.0,1,411
2018-02-05 10:00:00,10,Monday,February,Clear,-16.639999999999986,0.0,1,4124
2018-02-05 18:00:00,18,Monday,February,Clear,-11.589999999999975,0.0,1,4263
2018-02-05 20:00:00,20,Monday,February,Clear,-13.349999999999966,0.0,1,2587
2018-02-06 02:00:00,2,Tuesday,February,Clear,-19.339999999999975,0.0,1,237
2018-02-06 05:00:00,5,Tuesday,February,Clear,-21.789999999999964,0.0,1,2801
2018-02-06 10:00:00,10,Tuesday,February,Clear,-20.149999999999977,0.0,5,4290
2018-02-06 15:00:00,15,Tuesday,February,Clear,-12.739999999999952,0.0,5,5710
2018-02-06 23:00:00,23,Tuesday,February,Snow,-13.870000000000005,0.0,90,1120
2018-02-07 04:00:00,4,Wednesday,February,Snow,-13.92999999999995,0.0,90,865
2018-02-07 05:00:00,5,Wednesday,February,Snow,-14.310000000000002,0.0,75,2776
2018-02-07 06:00:00,6,Wednesday,February,Snow,-16.339999999999975,0.0,75,4899
2018-02-07 10:00:00,10,Wednesday,February,Snow,-15.159999999999968,0.0,1,4364
2018-02-07 12:00:00,12,Wednesday,February,Clouds,-11.879999999999995,0.0,40,4697
2018-02-07 14:00:00,14,Wednesday,February,Clouds,-10.21999999999997,0.0,40,5095
2018-02-07 16:00:00,16,Wednesday,February,Clouds,-9.859999999999957,0.0,20,6531
2018-02-08 00:00:00,0,Thursday,February,Clouds,-13.389999999999986,0.0,75,573
2018-02-08 14:00:00,14,Thursday,February,Clouds,-9.71999999999997,0.0,75,4988
2018-02-08 15:00:00,15,Thursday,February,Clouds,-9.669999999999959,0.0,75,5852
2018-02-08 18:00:00,18,Thursday,February,Clouds,-10.739999999999952,0.0,90,4550
2018-02-08 19:00:00,19,Thursday,February,Clouds,-11.149999999999977,0.0,90,3494
2018-02-09 01:00:00,1,Friday,February,Snow,-12.539999999999964,0.0,90,389
2018-02-09 02:00:00,2,Friday,February,Snow,-12.569999999999993,0.0,75,287
2018-02-09 03:00:00,3,Friday,February,Snow,-13.42999999999995,0.0,90,340
2018-02-09 04:00:00,4,Friday,February,Clear,-13.789999999999964,0.0,1,826
2018-02-09 19:00:00,19,Friday,February,Clouds,-14.71999999999997,0.0,40,3804
2018-02-09 21:00:00,21,Friday,February,Clouds,-16.00999999999999,0.0,40,3092
2018-02-10 01:00:00,1,Saturday,February,Clear,-15.669999999999959,0.0,1,603
2018-02-10 03:00:00,3,Saturday,February,Clear,-16.069999999999993,0.0,1,330
2018-02-10 06:00:00,6,Saturday,February,Clear,-17.71999999999997,0.0,1,1164
2018-02-10 07:00:00,7,Saturday,February,Clear,-18.569999999999965,0.0,5,1911
2018-02-10 14:00:00,14,Saturday,February,Clear,-11.71999999999997,0.0,1,5173
2018-02-10 22:00:00,22,Saturday,February,Clear,-17.339999999999975,0.0,1,4180
2018-02-11 02:00:00,2,Sunday,February,Clear,-18.669999999999987,0.0,1,488
2018-02-11 06:00:00,6,Sunday,February,Clear,-19.669999999999987,0.0,1,789
2018-02-11 10:00:00,10,Sunday,February,Clear,-16.00999999999999,0.0,5,3869
2018-02-11 13:00:00,13,Sunday,February,Clear,-10.549999999999955,0.0,5,4637
2018-02-11 14:00:00,14,Sunday,February,Clear,-8.409999999999968,0.0,5,4886
2018-02-11 20:00:00,20,Sunday,February,Clear,-10.539999999999964,0.0,1,2435
2018-02-12 04:00:00,4,Monday,February,Clear,-16.639999999999986,0.0,1,809
2018-02-12 05:00:00,5,Monday,February,Clear,-18.00999999999999,0.0,1,2735
2018-02-12 21:00:00,21,Monday,February,Clear,-16.0,0.0,5,2055
2018-02-13 06:00:00,6,Tuesday,February,Snow,-11.21999999999997,0.0,90,5675
2018-02-13 07:00:00,7,Tuesday,February,Clouds,-11.289999999999964,0.0,75,6585
2018-02-13 10:00:00,10,Tuesday,February,Clouds,-8.46999999999997,0.0,75,4423
2018-02-13 12:00:00,12,Tuesday,February,Clouds,-5.6200000000000045,0.0,40,4825
2018-02-13 22:00:00,22,Tuesday,February,Clear,-5.199999999999989,0.0,1,2908
2018-02-14 00:00:00,0,Wednesday,February,Mist,-5.599999999999966,0.0,1,597
2018-02-14 03:00:00,3,Wednesday,February,Haze,-6.92999999999995,0.0,1,348
2018-02-14 08:00:00,8,Wednesday,February,Mist,-7.859999999999957,0.0,1,5572
2018-02-14 10:00:00,10,Wednesday,February,Mist,-4.2099999999999795,0.0,1,4766
2018-02-14 15:00:00,15,Wednesday,February,Clear,4.060000000000002,0.0,1,5696
2018-02-14 16:00:00,16,Wednesday,February,Clear,4.600000000000023,0.0,5,6660
2018-02-14 17:00:00,17,Wednesday,February,Clear,4.53000000000003,0.0,1,6154
2018-02-14 19:00:00,19,Wednesday,February,Clear,2.07000000000005,0.0,1,3268
2018-02-14 22:00:00,22,Wednesday,February,Clear,1.400000000000034,0.0,1,1772
2018-02-15 00:00:00,0,Thursday,February,Clear,1.6400000000000432,0.0,1,639
2018-02-15 01:00:00,1,Thursday,February,Clear,1.2000000000000455,0.0,1,353
2018-02-15 07:00:00,7,Thursday,February,Clouds,-1.7999999999999545,0.0,40,6174
2018-02-15 12:00:00,12,Thursday,February,Clouds,2.2700000000000387,0.0,90,5034
2018-02-15 16:00:00,16,Thursday,February,Clouds,0.9399999999999977,0.0,90,6807
2018-02-15 18:00:00,18,Thursday,February,Clouds,-0.13999999999998636,0.0,90,4982
2018-02-15 19:00:00,19,Thursday,February,Clouds,-0.92999999999995,0.0,90,3463
2018-02-15 20:00:00,20,Thursday,February,Clouds,-1.5699999999999932,0.0,90,3144
2018-02-16 02:00:00,2,Friday,February,Clear,-12.92999999999995,0.0,1,273
2018-02-16 07:00:00,7,Friday,February,Clear,-17.869999999999976,0.0,1,6444
2018-02-16 12:00:00,12,Friday,February,Clear,-11.609999999999957,0.0,5,5337
2018-02-16 15:00:00,15,Friday,February,Clouds,-8.42999999999995,0.0,20,5921
2018-02-16 16:00:00,16,Friday,February,Clear,-8.0,0.0,1,6371
2018-02-17 11:00:00,11,Saturday,February,Clouds,-2.1499999999999773,0.0,20,4526
2018-02-17 15:00:00,15,Saturday,February,Clouds,1.400000000000034,0.0,75,4912
2018-02-18 00:00:00,0,Sunday,February,Clear,-8.399999999999977,0.0,1,1169
2018-02-18 12:00:00,12,Sunday,February,Clouds,0.7900000000000205,0.0,90,4279
2018-02-19 07:00:00,7,Monday,February,Snow,-6.1299999999999955,0.0,90,4740
2018-02-19 10:00:00,10,Monday,February,Mist,-6.4599999999999795,0.0,90,3226
2018-02-19 11:00:00,11,Monday,February,Snow,-6.199999999999989,0.0,90,3239
2018-02-19 15:00:00,15,Monday,February,Mist,-5.699999999999989,0.0,75,3426
2018-02-19 18:00:00,18,Monday,February,Mist,-6.069999999999993,0.0,90,2659
2018-02-19 19:00:00,19,Monday,February,Mist,-6.42999999999995,0.0,90,2087
2018-02-19 21:00:00,21,Monday,February,Mist,-6.859999999999957,0.0,90,1593
2018-02-20 00:00:00,0,Tuesday,February,Snow,-6.71999999999997,0.0,90,434
2018-02-20 03:00:00,3,Tuesday,February,Mist,-6.669999999999959,0.0,90,342
2018-02-20 06:00:00,6,Tuesday,February,Mist,-6.6200000000000045,0.0,90,4705
2018-02-20 09:00:00,9,Tuesday,February,Mist,-7.339999999999975,0.0,90,4707
2018-02-20 12:00:00,12,Tuesday,February,Snow,-7.199999999999989,0.0,90,4407
2018-02-20 14:00:00,14,Tuesday,February,Snow,-6.7999999999999545,0.0,90,4786
2018-02-20 20:00:00,20,Tuesday,February,Clouds,-10.539999999999964,0.0,40,2601
2018-02-20 21:00:00,21,Tuesday,February,Clear,-11.069999999999993,0.0,5,2591
2018-02-21 12:00:00,12,Wednesday,February,Clear,-9.71999999999997,0.0,1,5091
2018-02-21 13:00:00,13,Wednesday,February,Clouds,-8.5,0.0,40,4632
2018-02-21 15:00:00,15,Wednesday,February,Clouds,-7.199999999999989,0.0,40,5364
2018-02-21 16:00:00,16,Wednesday,February,Clouds,-7.139999999999986,0.0,40,6795
2018-02-21 19:00:00,19,Wednesday,February,Clouds,-9.729999999999961,0.0,40,3356
2018-02-22 11:00:00,11,Thursday,February,Clouds,-6.289999999999964,0.0,90,5108
2018-02-22 13:00:00,13,Thursday,February,Clouds,-4.199999999999989,0.0,90,5174
2018-02-22 17:00:00,17,Thursday,February,Snow,-1.6599999999999682,0.0,90,5900
2018-02-22 20:00:00,20,Thursday,February,Snow,-3.1299999999999955,0.0,90,2736
2018-02-22 23:00:00,23,Thursday,February,Snow,-3.1299999999999955,0.0,90,1372
2018-02-23 00:00:00,0,Friday,February,Snow,-3.2899999999999636,0.0,90,632
2018-02-23 01:00:00,1,Friday,February,Snow,-3.359999999999957,0.0,90,390
2018-02-23 04:00:00,4,Friday,February,Mist,-3.069999999999993,0.0,90,830
2018-02-23 16:00:00,16,Friday,February,Clear,-0.5299999999999727,0.0,5,6368
2018-02-23 18:00:00,18,Friday,February,Clear,-1.7099999999999795,0.0,5,4876
2018-02-23 20:00:00,20,Friday,February,Clear,-5.0,0.0,5,3124
2018-02-24 00:00:00,0,Saturday,February,Fog,-10.139999999999986,0.0,1,1043
2018-02-24 07:00:00,7,Saturday,February,Mist,-16.939999999999998,0.0,90,1836
2018-02-24 10:00:00,10,Saturday,February,Mist,-9.849999999999966,0.0,1,4373
2018-02-24 11:00:00,11,Saturday,February,Mist,-7.159999999999968,0.0,90,4487
2018-02-24 21:00:00,21,Saturday,February,Snow,-1.669999999999959,0.0,90,1686
2018-02-25 02:00:00,2,Sunday,February,Mist,-5.659999999999968,0.0,90,381
2018-02-25 06:00:00,6,Sunday,February,Mist,-7.769999999999982,0.0,90,723
2018-02-25 08:00:00,8,Sunday,February,Clouds,-8.399999999999977,0.0,90,1343
2018-02-25 11:00:00,11,Sunday,February,Snow,-6.539999999999964,0.0,40,3073
2018-02-25 23:00:00,23,Sunday,February,Clear,-6.199999999999989,0.0,1,1239
2018-02-26 00:00:00,0,Monday,February,Clear,-6.92999999999995,0.0,1,517
2018-02-26 03:00:00,3,Monday,February,Mist,-9.359999999999957,0.0,1,336
2018-02-26 05:00:00,5,Monday,February,Clear,-10.0,0.0,1,2665
2018-02-26 11:00:00,11,Monday,February,Clear,-1.8700000000000045,0.0,1,4371
2018-02-26 17:00:00,17,Monday,February,Clear,4.800000000000011,0.0,5,5920
2018-02-26 18:00:00,18,Monday,February,Clear,3.390000000000043,0.0,1,4442
2018-02-26 20:00:00,20,Monday,February,Clear,1.4300000000000068,0.0,5,2642
2018-02-26 23:00:00,23,Monday,February,Clear,-0.5699999999999932,0.0,1,1008
2018-02-27 05:00:00,5,Tuesday,February,Fog,-5.8700000000000045,0.0,90,2884
2018-02-27 07:00:00,7,Tuesday,February,Mist,-8.21999999999997,0.0,1,6318
2018-02-27 18:00:00,18,Tuesday,February,Clouds,5.689999999999998,0.0,40,4430
2018-02-27 20:00:00,20,Tuesday,February,Clouds,2.7800000000000296,0.0,90,2891
2018-02-28 00:00:00,0,Wednesday,February,Clear,-2.1399999999999864,0.0,1,602
2018-02-28 03:00:00,3,Wednesday,February,Mist,-4.599999999999966,0.0,1,378
2018-02-28 04:00:00,4,Wednesday,February,Mist,-5.0,0.0,1,887
2018-02-28 10:00:00,10,Wednesday,February,Clear,-0.7299999999999613,0.0,1,4561
2018-02-28 16:00:00,16,Wednesday,February,Clear,6.770000000000039,0.0,1,6563
2018-03-01 08:00:00,8,Thursday,March,Clear,-6.009999999999991,0.0,5,5728
2018-03-01 16:00:00,16,Thursday,March,Clear,4.210000000000036,0.0,5,6565
2018-03-02 01:00:00,1,Friday,March,Clear,-6.0,0.0,1,416
2018-03-02 03:00:00,3,Friday,March,Mist,-8.069999999999993,0.0,1,364
2018-03-02 07:00:00,7,Friday,March,Mist,-11.609999999999957,0.0,1,6497
2018-03-02 08:00:00,8,Friday,March,Mist,-11.20999999999998,0.0,75,5636
2018-03-02 12:00:00,12,Friday,March,Haze,-1.5,0.0,1,5391
2018-03-02 13:00:00,13,Friday,March,Clouds,0.9300000000000068,0.0,75,5390
2018-03-02 15:00:00,15,Friday,March,Clouds,3.5300000000000296,0.0,20,6057
2018-03-02 22:00:00,22,Friday,March,Clouds,2.640000000000043,0.0,90,2453
2018-03-03 00:00:00,0,Saturday,March,Clouds,2.2800000000000296,0.0,90,1516
2018-03-03 02:00:00,2,Saturday,March,Clear,1.2900000000000205,0.0,1,497
2018-03-03 05:00:00,5,Saturday,March,Clouds,1.7100000000000364,0.0,75,686
2018-03-03 07:00:00,7,Saturday,March,Clouds,1.7100000000000364,0.0,40,2050
2018-03-03 09:00:00,9,Saturday,March,Clouds,2.930000000000007,0.0,75,3911
2018-03-03 12:00:00,12,Saturday,March,Clouds,5.060000000000002,0.0,75,5023
2018-03-03 21:00:00,21,Saturday,March,Clouds,5.060000000000002,0.0,75,3632
2018-03-03 22:00:00,22,Saturday,March,Clouds,4.930000000000007,0.0,90,3148
2018-03-04 02:00:00,2,Sunday,March,Rain,3.5300000000000296,0.0,90,543
2018-03-04 03:00:00,3,Sunday,March,Clouds,3.2900000000000205,0.0,90,351
2018-03-04 17:00:00,17,Sunday,March,Clouds,4.670000000000016,0.0,75,4093
2018-03-04 20:00:00,20,Sunday,March,Clouds,3.8000000000000114,0.0,75,3258
2018-03-04 21:00:00,21,Sunday,March,Clouds,3.430000000000007,0.0,90,3017
2018-03-04 23:00:00,23,Sunday,March,Rain,3.4700000000000273,0.0,90,1138
2018-03-05 00:00:00,0,Monday,March,Rain,2.670000000000016,0.0,90,703
2018-03-05 01:00:00,1,Monday,March,Rain,2.400000000000034,0.0,90,471
2018-03-05 03:00:00,3,Monday,March,Thunderstorm,1.6400000000000432,0.0,90,486
2018-03-05 14:00:00,14,Monday,March,Clouds,1.7100000000000364,0.0,90,3928
2018-03-06 09:00:00,9,Tuesday,March,Snow,-1.6399999999999864,0.0,90,4085
2018-03-06 12:00:00,12,Tuesday,March,Snow,0.1400000000000432,0.0,90,4037
2018-03-06 13:00:00,13,Tuesday,March,Snow,0.0,0.0,90,4166
2018-03-06 21:00:00,21,Tuesday,March,Clear,-4.149999999999977,0.0,1,3415
2018-03-06 22:00:00,22,Tuesday,March,Clear,-5.599999999999966,0.0,1,2587
2018-03-07 00:00:00,0,Wednesday,March,Clear,-6.069999999999993,0.0,1,591
2018-03-07 03:00:00,3,Wednesday,March,Haze,-8.349999999999966,0.0,90,378
2018-03-07 04:00:00,4,Wednesday,March,Mist,-9.779999999999973,0.0,40,921
2018-03-07 12:00:00,12,Wednesday,March,Clouds,-5.149999999999977,0.0,40,4879
2018-03-07 14:00:00,14,Wednesday,March,Clouds,-3.4699999999999704,0.0,20,5160
2018-03-07 16:00:00,16,Wednesday,March,Clouds,-2.6200000000000045,0.0,20,6849
2018-03-08 00:00:00,0,Thursday,March,Clear,-9.919999999999959,0.0,1,545
2018-03-08 08:00:00,8,Thursday,March,Clear,-12.669999999999959,0.0,5,6042
2018-03-08 13:00:00,13,Thursday,March,Clear,-2.859999999999957,0.0,5,5117
2018-03-08 16:00:00,16,Thursday,March,Clear,-1.6399999999999864,0.0,1,6738
2018-03-08 20:00:00,20,Thursday,March,Clear,-5.659999999999968,0.0,1,3565
2018-03-08 22:00:00,22,Thursday,March,Clouds,-7.399999999999977,0.0,90,2759
2018-03-09 00:00:00,0,Friday,March,Clouds,-7.46999999999997,0.0,90,665
2018-03-09 01:00:00,1,Friday,March,Clouds,-6.859999999999957,0.0,90,415
2018-03-09 05:00:00,5,Friday,March,Clouds,-8.5,0.0,75,2711
2018-03-09 20:00:00,20,Friday,March,Clear,-3.6399999999999864,0.0,1,3377
2018-03-09 23:00:00,23,Friday,March,Clear,-6.589999999999975,0.0,1,2989
2018-03-10 01:00:00,1,Saturday,March,Clouds,-6.349999999999966,0.0,75,685
2018-03-10 07:00:00,7,Saturday,March,Clouds,-4.259999999999991,0.0,90,1911
2018-03-10 10:00:00,10,Saturday,March,Snow,-1.92999999999995,0.0,75,4476
2018-03-10 12:00:00,12,Saturday,March,Snow,0.27000000000003865,0.0,90,5312
2018-03-10 16:00:00,16,Saturday,March,Clouds,1.670000000000016,0.0,90,5194
2018-03-10 17:00:00,17,Saturday,March,Clouds,1.4300000000000068,0.0,90,5142
2018-03-11 00:00:00,0,Sunday,March,Snow,0.20000000000004547,0.0,90,1662
2018-03-11 06:00:00,6,Sunday,March,Snow,-0.6499999999999773,0.0,90,740
2018-03-11 12:00:00,12,Sunday,March,Haze,1.2700000000000387,0.0,90,4339
2018-03-11 13:00:00,13,Sunday,March,Mist,1.6400000000000432,0.0,90,4840
2018-03-11 22:00:00,22,Sunday,March,Clouds,1.0600000000000023,0.0,90,1523
2018-03-12 04:00:00,4,Monday,March,Clear,-4.0,0.0,1,851
2018-03-12 06:00:00,6,Monday,March,Clear,-4.859999999999957,0.0,1,5331
2018-03-12 09:00:00,9,Monday,March,Clear,-5.649999999999977,0.0,1,4693
2018-03-12 13:00:00,13,Monday,March,Clear,2.0,0.0,1,4748
2018-03-12 15:00:00,15,Monday,March,Clear,3.57000000000005,0.0,5,5784
2018-03-12 16:00:00,16,Monday,March,Clear,3.660000000000025,0.0,5,6655
2018-03-12 17:00:00,17,Monday,March,Clear,3.930000000000007,0.0,1,6001
2018-03-12 20:00:00,20,Monday,March,Clouds,1.7900000000000205,0.0,20,2806
2018-03-13 13:00:00,13,Tuesday,March,Clear,-0.5399999999999636,0.0,1,5062
2018-03-13 14:00:00,14,Tuesday,March,Clouds,0.4000000000000341,0.0,75,5187
2018-03-13 18:00:00,18,Tuesday,March,Clear,1.9300000000000068,0.0,1,4470
2018-03-13 19:00:00,19,Tuesday,March,Clear,1.4300000000000068,0.0,1,3436
2018-03-13 22:00:00,22,Tuesday,March,Clear,-1.3999999999999773,0.0,1,3761
2018-03-14 00:00:00,0,Wednesday,March,Clear,-2.859999999999957,0.0,1,665
2018-03-14 01:00:00,1,Wednesday,March,Clear,-3.329999999999984,0.0,1,340
2018-03-14 05:00:00,5,Wednesday,March,Clear,-5.279999999999973,0.0,1,2785
2018-03-14 12:00:00,12,Wednesday,March,Clear,2.2800000000000296,0.0,1,4908
2018-03-14 14:00:00,14,Wednesday,March,Clear,4.53000000000003,0.0,1,5251
2018-03-14 20:00:00,20,Wednesday,March,Clear,4.810000000000002,0.0,1,3115
2018-03-15 02:00:00,2,Thursday,March,Clear,-0.5,0.0,1,259
2018-03-15 04:00:00,4,Thursday,March,Mist,-1.7799999999999727,0.0,1,910
2018-03-15 07:00:00,7,Thursday,March,Clear,-3.2099999999999795,0.0,1,6537
2018-03-15 09:00:00,9,Thursday,March,Clear,-2.599999999999966,0.0,5,5177
2018-03-15 12:00:00,12,Thursday,March,Clear,-0.06999999999999318,0.0,5,5113
2018-03-15 16:00:00,16,Thursday,March,Clear,2.57000000000005,0.0,1,6586
2018-03-15 17:00:00,17,Thursday,March,Clear,2.7800000000000296,0.0,5,6279
2018-03-15 19:00:00,19,Thursday,March,Clear,1.670000000000016,0.0,1,3503
2018-03-16 05:00:00,5,Friday,March,Haze,-5.069999999999993,0.0,1,2731
2018-03-16 06:00:00,6,Friday,March,Haze,-5.779999999999973,0.0,1,4997
2018-03-16 09:00:00,9,Friday,March,Clear,-5.529999999999973,0.0,1,4900
2018-03-16 12:00:00,12,Friday,March,Clouds,-0.5399999999999636,0.0,75,5381
2018-03-16 16:00:00,16,Friday,March,Clouds,3.57000000000005,0.0,75,6607
2018-03-16 23:00:00,23,Friday,March,Clear,-0.9199999999999591,0.0,1,1903
2018-03-17 00:00:00,0,Saturday,March,Clear,-0.2999999999999545,0.0,1,1125
2018-03-17 04:00:00,4,Saturday,March,Clear,-3.859999999999957,0.0,1,391
2018-03-17 05:00:00,5,Saturday,March,Clear,-4.349999999999966,0.0,1,681
2018-03-17 07:00:00,7,Saturday,March,Clear,-5.859999999999957,0.0,5,1895
2018-03-17 13:00:00,13,Saturday,March,Clear,4.939999999999998,0.0,1,5686
2018-03-17 16:00:00,16,Saturday,March,Clear,7.710000000000036,0.0,5,4708
2018-03-18 00:00:00,0,Sunday,March,Clear,-1.7799999999999727,0.0,1,1642
2018-03-18 01:00:00,1,Sunday,March,Clear,-2.849999999999966,0.0,1,1075
2018-03-18 03:00:00,3,Sunday,March,Clear,-3.9899999999999523,0.0,1,417
2018-03-18 20:00:00,20,Sunday,March,Clouds,3.640000000000043,0.0,90,2692
2018-03-19 02:00:00,2,Monday,March,Clouds,2.07000000000005,0.0,75,254
2018-03-19 07:00:00,7,Monday,March,Clouds,0.22000000000002728,0.0,90,6710
2018-03-19 11:00:00,11,Monday,March,Clouds,1.4600000000000364,0.0,75,4551
2018-03-19 14:00:00,14,Monday,March,Clouds,4.189999999999998,0.0,75,4974
2018-03-19 15:00:00,15,Monday,March,Clear,4.670000000000016,0.0,1,5694
2018-03-19 20:00:00,20,Monday,March,Clouds,3.0,0.0,90,2582
2018-03-20 08:00:00,8,Tuesday,March,Snow,-2.7899999999999636,0.0,90,5876
2018-03-20 09:00:00,9,Tuesday,March,Snow,-2.4699999999999704,0.0,90,5130
2018-03-20 11:00:00,11,Tuesday,March,Snow,-2.069999999999993,0.0,90,4427
2018-03-20 13:00:00,13,Tuesday,March,Snow,-1.0699999999999932,0.0,90,4696
2018-03-20 14:00:00,14,Tuesday,March,Snow,-0.9399999999999977,0.0,90,4958
2018-03-20 17:00:00,17,Tuesday,March,Snow,-0.6899999999999977,0.0,90,6097
2018-03-20 18:00:00,18,Tuesday,March,Snow,-0.92999999999995,0.0,90,4569
2018-03-20 19:00:00,19,Tuesday,March,Snow,-1.1499999999999773,0.0,90,3098
2018-03-20 22:00:00,22,Tuesday,March,Snow,-2.1999999999999886,0.0,40,1621
2018-03-21 08:00:00,8,Wednesday,March,Mist,-4.689999999999998,0.0,75,6218
2018-03-21 14:00:00,14,Wednesday,March,Clouds,1.07000000000005,0.0,40,5173
2018-03-21 15:00:00,15,Wednesday,March,Clouds,2.0,0.0,90,5863
2018-03-21 16:00:00,16,Wednesday,March,Clouds,2.3600000000000136,0.0,75,6790
2018-03-21 21:00:00,21,Wednesday,March,Clouds,1.4300000000000068,0.0,90,2592
2018-03-22 05:00:00,5,Thursday,March,Clouds,-0.06999999999999318,0.0,90,2903
2018-03-22 06:00:00,6,Thursday,March,Clouds,0.08000000000004093,0.0,90,5530
2018-03-22 07:00:00,7,Thursday,March,Clouds,0.160000000000025,0.0,90,6833
2018-03-22 17:00:00,17,Thursday,March,Clouds,5.140000000000043,0.0,90,6374
2018-03-22 19:00:00,19,Thursday,March,Clear,5.150000000000034,0.0,5,3737
2018-03-22 21:00:00,21,Thursday,March,Clear,1.740000000000009,0.0,5,2896
2018-03-23 02:00:00,2,Friday,March,Clear,-2.9899999999999523,0.0,1,285
2018-03-23 04:00:00,4,Friday,March,Clear,-4.069999999999993,0.0,1,800
2018-03-23 09:00:00,9,Friday,March,Clouds,-0.7899999999999636,0.0,75,5294
2018-03-23 19:00:00,19,Friday,March,Clouds,3.6000000000000227,0.0,40,4067
2018-03-23 23:00:00,23,Friday,March,Clouds,2.670000000000016,0.0,40,2932
2018-03-24 08:00:00,8,Saturday,March,Clouds,-1.7299999999999613,0.0,75,3049
2018-03-24 12:00:00,12,Saturday,March,Clear,-0.21999999999997044,0.0,1,6470
2018-03-25 05:00:00,5,Sunday,March,Clouds,-1.2799999999999727,0.0,40,440
2018-03-25 11:00:00,11,Sunday,March,Clear,0.4700000000000273,0.0,1,3939
2018-03-25 12:00:00,12,Sunday,March,Clouds,1.57000000000005,0.0,40,4628
2018-03-25 17:00:00,17,Sunday,March,Clouds,5.710000000000036,0.0,90,4345
2018-03-25 21:00:00,21,Sunday,March,Clouds,4.260000000000048,0.0,20,3967
2018-03-26 01:00:00,1,Monday,March,Clouds,3.8000000000000114,0.0,90,325
2018-03-26 07:00:00,7,Monday,March,Snow,0.07000000000005002,0.0,90,6382
2018-03-26 09:00:00,9,Monday,March,Clouds,0.12999999999999545,0.0,90,4843
2018-03-26 14:00:00,14,Monday,March,Rain,2.1299999999999955,0.0,90,4992
2018-03-26 18:00:00,18,Monday,March,Rain,1.3600000000000136,0.0,90,4041
2018-03-26 20:00:00,20,Monday,March,Rain,1.07000000000005,0.0,90,2500
2018-03-27 20:00:00,20,Tuesday,March,Clear,6.580000000000041,0.0,5,2952
2018-03-28 08:00:00,8,Wednesday,March,Mist,-0.06999999999999318,0.0,1,6014
2018-03-28 15:00:00,15,Wednesday,March,Clouds,9.53000000000003,0.0,90,5938
2018-03-28 17:00:00,17,Wednesday,March,Rain,8.350000000000023,0.0,90,6540
2018-03-28 18:00:00,18,Wednesday,March,Clouds,8.200000000000045,0.0,90,4918
2018-03-29 00:00:00,0,Thursday,March,Clear,0.34000000000003183,0.0,1,553
2018-03-29 07:00:00,7,Thursday,March,Clouds,-4.7999999999999545,0.0,40,6460
2018-03-29 09:00:00,9,Thursday,March,Clouds,-4.0,0.0,20,4995
2018-03-29 16:00:00,16,Thursday,March,Clouds,3.2800000000000296,0.0,20,6573
2018-03-29 21:00:00,21,Thursday,March,Clear,1.150000000000034,0.0,5,3584
2018-03-30 01:00:00,1,Friday,March,Clear,-1.2199999999999704,0.0,1,413
2018-03-30 04:00:00,4,Friday,March,Clear,-3.5,0.0,1,749
2018-03-30 06:00:00,6,Friday,March,Clear,-4.259999999999991,0.0,1,4463
2018-03-30 10:00:00,10,Friday,March,Snow,-0.46999999999997044,0.0,75,4892
2018-03-30 11:00:00,11,Friday,March,Snow,1.1200000000000045,0.0,75,5350
2018-03-30 16:00:00,16,Friday,March,Snow,2.400000000000034,0.0,90,6137
2018-03-30 17:00:00,17,Friday,March,Clouds,2.5300000000000296,0.0,90,5289
2018-03-30 18:00:00,18,Friday,March,Clouds,2.07000000000005,0.0,90,4573
2018-03-31 11:00:00,11,Saturday,March,Haze,-4.789999999999964,0.0,1,4051
2018-03-31 15:00:00,15,Saturday,March,Clouds,-3.4599999999999795,0.0,20,4400
2018-03-31 21:00:00,21,Saturday,March,Clear,-7.92999999999995,0.0,5,2761
2018-03-31 23:00:00,23,Saturday,March,Clear,-10.0,0.0,1,1771
2018-04-01 00:00:00,0,Sunday,April,Clear,-10.5,0.0,1,1128
2018-04-01 05:00:00,5,Sunday,April,Clear,-11.92999999999995,0.0,1,426
2018-04-01 06:00:00,6,Sunday,April,Clear,-12.079999999999984,0.0,1,751
2018-04-01 17:00:00,17,Sunday,April,Clear,-1.329999999999984,0.0,1,4569
2018-04-01 18:00:00,18,Sunday,April,Clouds,-1.1999999999999886,0.0,40,4424
2018-04-01 23:00:00,23,Sunday,April,Clear,-4.569999999999993,0.0,1,952
2018-04-02 05:00:00,5,Monday,April,Clear,-7.079999999999984,0.0,1,2683
2018-04-02 15:00:00,15,Monday,April,Snow,-1.419999999999959,0.0,90,4949
2018-04-02 23:00:00,23,Monday,April,Snow,-1.5399999999999636,0.0,90,1040
2018-04-03 00:00:00,0,Tuesday,April,Snow,-1.5399999999999636,0.0,90,552
2018-04-03 02:00:00,2,Tuesday,April,Clouds,-1.5699999999999932,0.0,90,277
2018-04-03 06:00:00,6,Tuesday,April,Snow,-2.069999999999993,0.0,90,4311
2018-04-03 09:00:00,9,Tuesday,April,Snow,-1.7899999999999636,0.0,90,3893
2018-04-03 10:00:00,10,Tuesday,April,Snow,-1.7399999999999523,0.0,90,3403
2018-04-03 11:00:00,11,Tuesday,April,Snow,-1.2799999999999727,0.0,90,3587
2018-04-03 13:00:00,13,Tuesday,April,Snow,-1.0,0.0,90,3917
2018-04-03 16:00:00,16,Tuesday,April,Snow,-0.7399999999999523,0.0,90,4930
2018-04-03 20:00:00,20,Tuesday,April,Snow,-3.2799999999999727,0.0,90,1703
2018-04-04 01:00:00,1,Wednesday,April,Snow,-6.789999999999964,0.0,90,327
2018-04-04 03:00:00,3,Wednesday,April,Snow,-7.829999999999984,0.0,1,337
2018-04-04 09:00:00,9,Wednesday,April,Clear,-11.509999999999991,0.0,5,5252
2018-04-04 11:00:00,11,Wednesday,April,Clear,-7.079999999999984,0.0,5,4590
2018-04-04 20:00:00,20,Wednesday,April,Clouds,-3.1999999999999886,0.0,40,3022
2018-04-04 22:00:00,22,Wednesday,April,Clear,-5.269999999999982,0.0,1,1885
2018-04-05 01:00:00,1,Thursday,April,Clear,-9.729999999999961,0.0,1,384
2018-04-05 04:00:00,4,Thursday,April,Clear,-12.199999999999989,0.0,1,910
2018-04-05 05:00:00,5,Thursday,April,Clear,-12.45999999999998,0.0,1,2815
2018-04-05 07:00:00,7,Thursday,April,Mist,-13.5,0.0,40,6297
2018-04-05 09:00:00,9,Thursday,April,Mist,-10.71999999999997,0.0,1,5389
2018-04-05 12:00:00,12,Thursday,April,Clear,-1.2199999999999704,0.0,1,5535
2018-04-05 13:00:00,13,Thursday,April,Clear,0.21000000000003638,0.0,1,5492
2018-04-05 18:00:00,18,Thursday,April,Clouds,3.3100000000000023,0.0,90,4992
2018-04-05 20:00:00,20,Thursday,April,Snow,1.07000000000005,0.0,90,3288
2018-04-06 03:00:00,3,Friday,April,Clear,-4.92999999999995,0.0,1,363
2018-04-06 11:00:00,11,Friday,April,Haze,-7.939999999999998,0.0,20,5022
2018-04-06 20:00:00,20,Friday,April,Clear,-7.92999999999995,0.0,1,3193
2018-04-07 02:00:00,2,Saturday,April,Snow,-10.069999999999993,0.0,90,496
2018-04-07 03:00:00,3,Saturday,April,Snow,-10.129999999999995,0.0,40,381
2018-04-07 17:00:00,17,Saturday,April,Clear,-1.0,0.0,5,5441
2018-04-07 21:00:00,21,Saturday,April,Clear,-2.92999999999995,0.0,1,4104
2018-04-07 22:00:00,22,Saturday,April,Clear,-3.7799999999999727,0.0,1,4107
2018-04-07 23:00:00,23,Saturday,April,Clear,-4.92999999999995,0.0,1,2740
2018-04-08 01:00:00,1,Sunday,April,Clear,-7.789999999999964,0.0,1,844
2018-04-08 03:00:00,3,Sunday,April,Clear,-9.659999999999968,0.0,1,401
2018-04-08 04:00:00,4,Sunday,April,Clear,-10.329999999999984,0.0,1,295
2018-04-08 10:00:00,10,Sunday,April,Clouds,-4.21999999999997,0.0,90,3401
2018-04-08 14:00:00,14,Sunday,April,Snow,-0.5299999999999727,0.0,1,4272
2018-04-08 15:00:00,15,Sunday,April,Snow,-0.5999999999999659,0.0,1,4083
2018-04-08 17:00:00,17,Sunday,April,Snow,-1.259999999999991,0.0,90,3687
2018-04-08 21:00:00,21,Sunday,April,Snow,-2.2099999999999795,0.0,90,1799
2018-04-09 10:00:00,10,Monday,April,Haze,-2.1499999999999773,0.0,1,4149
2018-04-09 16:00:00,16,Monday,April,Clouds,2.430000000000007,0.0,75,6719
2018-04-09 17:00:00,17,Monday,April,Clouds,2.5,0.0,90,6244
2018-04-09 18:00:00,18,Monday,April,Snow,2.2000000000000455,0.0,90,4640
2018-04-09 20:00:00,20,Monday,April,Clouds,1.330000000000041,0.0,75,2635
2018-04-09 21:00:00,21,Monday,April,Clouds,0.7900000000000205,0.0,75,2048
2018-04-10 04:00:00,4,Tuesday,April,Clouds,-0.7199999999999704,0.0,90,905
2018-04-10 08:00:00,8,Tuesday,April,Clouds,-0.8599999999999568,0.0,90,6190
2018-04-10 13:00:00,13,Tuesday,April,Clouds,1.400000000000034,0.0,90,5099
2018-04-10 20:00:00,20,Tuesday,April,Clouds,3.6000000000000227,0.0,40,2829
2018-04-11 01:00:00,1,Wednesday,April,Mist,0.18999999999999773,0.0,40,344
2018-04-11 04:00:00,4,Wednesday,April,Mist,-0.589999999999975,0.0,1,886
2018-04-11 08:00:00,8,Wednesday,April,Mist,-1.5699999999999932,0.0,75,5887
2018-04-11 15:00:00,15,Wednesday,April,Clouds,7.430000000000007,0.0,75,5768
2018-04-12 00:00:00,0,Thursday,April,Rain,4.7900000000000205,0.0,90,531
2018-04-12 05:00:00,5,Thursday,April,Clear,1.7900000000000205,0.0,1,2857
2018-04-12 06:00:00,6,Thursday,April,Mist,1.160000000000025,0.0,20,5772
2018-04-12 10:00:00,10,Thursday,April,Clouds,4.420000000000016,0.0,75,4743
2018-04-12 15:00:00,15,Thursday,April,Clouds,8.460000000000036,0.0,75,6252
2018-04-12 16:00:00,16,Thursday,April,Clouds,8.850000000000023,0.0,75,7213
2018-04-12 18:00:00,18,Thursday,April,Clear,8.0,0.0,1,5064
2018-04-13 01:00:00,1,Friday,April,Clouds,3.5,0.0,90,387
2018-04-13 06:00:00,6,Friday,April,Clouds,2.57000000000005,0.0,75,5426
2018-04-13 20:00:00,20,Friday,April,Rain,1.3600000000000136,0.0,90,2320
2018-04-13 23:00:00,23,Friday,April,Snow,-0.3299999999999841,0.0,90,1143
2018-04-14 03:00:00,3,Saturday,April,Snow,-0.8499999999999659,0.0,90,309
2018-04-14 08:00:00,8,Saturday,April,Snow,-1.2799999999999727,0.0,90,1489
2018-04-14 09:00:00,9,Saturday,April,Snow,-2.0600000000000023,0.0,90,1755
2018-04-14 10:00:00,10,Saturday,April,Snow,-2.659999999999968,0.0,90,1978
2018-04-14 14:00:00,14,Saturday,April,Snow,-3.259999999999991,0.0,92,1822
2018-04-14 18:00:00,18,Saturday,April,Snow,-3.9399999999999977,0.0,90,1068
2018-04-14 21:00:00,21,Saturday,April,Snow,-4.729999999999961,0.0,90,707
2018-04-15 00:00:00,0,Sunday,April,Snow,-5.1299999999999955,0.0,90,353
2018-04-15 01:00:00,1,Sunday,April,Snow,-5.069999999999993,0.0,90,259
2018-04-15 10:00:00,10,Sunday,April,Snow,-3.2099999999999795,0.0,90,1494
2018-04-16 01:00:00,1,Monday,April,Snow,-4.42999999999995,0.0,90,272
2018-04-16 04:00:00,4,Monday,April,Snow,-4.649999999999977,0.0,75,779
2018-04-16 08:00:00,8,Monday,April,Snow,-4.3799999999999955,0.0,90,4463
2018-04-16 22:00:00,22,Monday,April,Clouds,0.8600000000000136,0.0,90,1489
2018-04-17 01:00:00,1,Tuesday,April,Clear,-0.20999999999997954,0.0,1,336
2018-04-17 03:00:00,3,Tuesday,April,Clear,-2.5,0.0,1,347
2018-04-17 06:00:00,6,Tuesday,April,Clear,-3.6899999999999977,0.0,1,5516
2018-04-17 07:00:00,7,Tuesday,April,Clear,-4.529999999999973,0.0,1,6208
2018-04-17 10:00:00,10,Tuesday,April,Clear,0.0,0.0,5,4456
2018-04-17 15:00:00,15,Tuesday,April,Clear,4.430000000000007,0.0,1,5844
2018-04-17 16:00:00,16,Tuesday,April,Clear,5.150000000000034,0.0,5,6657
2018-04-18 02:00:00,2,Wednesday,April,Clear,1.3000000000000114,0.0,1,431
2018-04-18 06:00:00,6,Wednesday,April,Thunderstorm,-0.6899999999999977,0.0,1,5943
2018-04-18 10:00:00,10,Wednesday,April,Clouds,0.8400000000000318,0.0,90,4751
2018-04-18 16:00:00,16,Wednesday,April,Snow,3.080000000000041,0.0,90,7022
2018-04-18 21:00:00,21,Wednesday,April,Clouds,4.230000000000018,0.0,75,2604
2018-04-18 22:00:00,22,Wednesday,April,Clear,3.57000000000005,0.0,1,1726
2018-04-19 00:00:00,0,Thursday,April,Clear,1.8700000000000045,0.0,1,561
2018-04-19 04:00:00,4,Thursday,April,Clear,-3.3899999999999864,0.0,1,909
2018-04-19 06:00:00,6,Thursday,April,Clear,-3.92999999999995,0.0,1,5715
2018-04-19 12:00:00,12,Thursday,April,Clear,7.060000000000002,0.0,5,5027
2018-04-19 14:00:00,14,Thursday,April,Clear,8.28000000000003,0.0,5,5444
2018-04-19 15:00:00,15,Thursday,April,Clouds,8.930000000000007,0.0,20,6188
2018-04-19 16:00:00,16,Thursday,April,Clear,9.57000000000005,0.0,5,6851
2018-04-19 23:00:00,23,Thursday,April,Clear,2.8000000000000114,0.0,1,1273
2018-04-20 00:00:00,0,Friday,April,Clear,1.2700000000000387,0.0,1,712
2018-04-20 09:00:00,9,Friday,April,Clouds,0.32000000000005,0.0,75,5141
2018-04-20 12:00:00,12,Friday,April,Clear,7.689999999999998,0.0,1,5433
2018-04-20 14:00:00,14,Friday,April,Clear,9.210000000000036,0.0,1,5803
2018-04-20 16:00:00,16,Friday,April,Clear,10.07000000000005,0.0,1,6900
2018-04-20 20:00:00,20,Friday,April,Clouds,8.140000000000043,0.0,90,3552
2018-04-21 00:00:00,0,Saturday,April,Clear,2.640000000000043,0.0,1,1291
2018-04-21 03:00:00,3,Saturday,April,Clear,0.21000000000003638,0.0,1,386
2018-04-21 08:00:00,8,Saturday,April,Clear,1.1299999999999955,0.0,1,3392
2018-04-21 12:00:00,12,Saturday,April,Clouds,10.07000000000005,0.0,40,5263
2018-04-21 14:00:00,14,Saturday,April,Clouds,12.0,0.0,40,5296
2018-04-22 06:00:00,6,Sunday,April,Mist,-0.06999999999999318,0.0,1,904
2018-04-22 09:00:00,9,Sunday,April,Clear,4.860000000000014,0.0,1,3219
2018-04-22 10:00:00,10,Sunday,April,Clear,9.0,0.0,1,4088
2018-04-22 15:00:00,15,Sunday,April,Clouds,16.07000000000005,0.0,20,4866
2018-04-22 19:00:00,19,Sunday,April,Clouds,16.620000000000005,0.0,40,3228
2018-04-22 22:00:00,22,Sunday,April,Clear,9.379999999999995,0.0,1,1906
2018-04-23 11:00:00,11,Monday,April,Clear,15.490000000000009,0.0,1,4577
2018-04-23 12:00:00,12,Monday,April,Clear,16.57000000000005,0.0,1,4739
2018-04-23 19:00:00,19,Monday,April,Clouds,19.720000000000027,0.0,20,3243
2018-04-23 22:00:00,22,Monday,April,Clear,11.930000000000007,0.0,1,1537
2018-04-24 00:00:00,0,Tuesday,April,Clear,8.200000000000045,0.0,1,530
2018-04-24 01:00:00,1,Tuesday,April,Clear,7.1299999999999955,0.0,1,330
2018-04-24 03:00:00,3,Tuesday,April,Clear,5.650000000000034,0.0,1,346
2018-04-24 04:00:00,4,Tuesday,April,Clear,5.53000000000003,0.0,1,911
2018-04-24 06:00:00,6,Tuesday,April,Mist,4.410000000000025,0.0,1,5886
2018-04-24 14:00:00,14,Tuesday,April,Clouds,15.590000000000032,0.0,40,5353
2018-04-24 15:00:00,15,Tuesday,April,Drizzle,15.430000000000007,0.0,40,6010
2018-04-24 19:00:00,19,Tuesday,April,Clouds,12.78000000000003,0.0,75,3325
2018-04-25 04:00:00,4,Wednesday,April,Clear,2.330000000000041,0.0,1,904
2018-04-25 08:00:00,8,Wednesday,April,Clear,1.990000000000009,0.0,5,5850
2018-04-25 11:00:00,11,Wednesday,April,Clear,7.270000000000039,0.0,1,4891
2018-04-25 20:00:00,20,Wednesday,April,Clouds,13.29000000000002,0.0,40,3225
2018-04-26 01:00:00,1,Thursday,April,Clear,6.07000000000005,0.0,1,358
2018-04-26 05:00:00,5,Thursday,April,Clear,5.220000000000027,0.0,1,2953
2018-04-26 07:00:00,7,Thursday,April,Clear,4.5,0.0,1,6493
2018-04-26 14:00:00,14,Thursday,April,Clear,16.53000000000003,0.0,5,5661
2018-04-26 15:00:00,15,Thursday,April,Clouds,17.27000000000004,0.0,20,6257
2018-04-26 16:00:00,16,Thursday,April,Clouds,17.57000000000005,0.0,20,7139
2018-04-26 17:00:00,17,Thursday,April,Clear,17.470000000000027,0.0,1,6372
2018-04-27 04:00:00,4,Friday,April,Clouds,4.2000000000000455,0.0,40,849
2018-04-27 05:00:00,5,Friday,April,Clouds,4.930000000000007,0.0,75,2744
2018-04-27 07:00:00,7,Friday,April,Clouds,5.7900000000000205,0.0,40,6712
2018-04-27 08:00:00,8,Friday,April,Clear,6.57000000000005,0.0,1,6109
2018-04-27 16:00:00,16,Friday,April,Clear,14.720000000000027,0.0,1,6471
2018-04-27 21:00:00,21,Friday,April,Clouds,8.340000000000032,0.0,75,3384
2018-04-28 13:00:00,13,Saturday,April,Clouds,10.800000000000011,0.0,40,5529
2018-04-28 22:00:00,22,Saturday,April,Clear,8.470000000000027,0.0,1,2900
2018-04-28 23:00:00,23,Saturday,April,Clear,6.57000000000005,0.0,1,3360
2018-04-29 01:00:00,1,Sunday,April,Clear,5.860000000000014,0.0,1,821
2018-04-29 05:00:00,5,Sunday,April,Clear,3.650000000000034,0.0,1,427
2018-04-29 13:00:00,13,Sunday,April,Clear,16.310000000000002,0.0,1,4828
2018-04-29 17:00:00,17,Sunday,April,Clear,19.730000000000018,0.0,1,4390
2018-04-29 20:00:00,20,Sunday,April,Clear,18.58000000000004,0.0,1,3026
2018-04-30 05:00:00,5,Monday,April,Rain,13.0,0.0,1,2871
2018-04-30 06:00:00,6,Monday,April,Thunderstorm,13.0,0.0,40,5730
2018-04-30 07:00:00,7,Monday,April,Rain,12.710000000000036,0.0,40,6633
2018-04-30 08:00:00,8,Monday,April,Rain,13.140000000000043,0.0,1,5724
2018-04-30 13:00:00,13,Monday,April,Drizzle,17.420000000000016,0.0,1,4837
2018-04-30 18:00:00,18,Monday,April,Clear,28.29000000000002,0.0,1,4568
2018-04-30 19:00:00,19,Monday,April,Clear,27.720000000000027,0.0,1,3259
2018-04-30 22:00:00,22,Monday,April,Clouds,23.470000000000027,0.0,40,1594
2018-05-01 02:00:00,2,Tuesday,May,Clouds,20.74000000000001,0.0,40,275
2018-05-01 11:00:00,11,Tuesday,May,Clouds,17.77000000000004,0.0,90,4473
2018-05-01 14:00:00,14,Tuesday,May,Clear,18.910000000000025,0.0,1,4926
2018-05-02 01:00:00,1,Wednesday,May,Rain,13.270000000000039,0.0,40,324
2018-05-02 09:00:00,9,Wednesday,May,Clouds,9.800000000000011,0.0,40,5638
2018-05-02 11:00:00,11,Wednesday,May,Clouds,12.57000000000005,0.0,40,4999
2018-05-02 18:00:00,18,Wednesday,May,Clear,18.83000000000004,0.0,1,4763
2018-05-02 19:00:00,19,Wednesday,May,Clouds,18.340000000000032,0.0,75,3518
2018-05-02 20:00:00,20,Wednesday,May,Clear,17.75,0.0,1,3114
2018-05-03 02:00:00,2,Thursday,May,Clear,10.018000000000029,0.0,0,259
2018-05-03 06:00:00,6,Thursday,May,Clouds,8.949000000000012,0.0,12,5893
2018-05-03 09:00:00,9,Thursday,May,Clear,18.646000000000015,0.0,0,5289
2018-05-03 13:00:00,13,Thursday,May,Clear,21.200000000000045,0.0,1,5332
2018-05-03 14:00:00,14,Thursday,May,Clear,21.870000000000005,0.0,1,5462
2018-05-03 17:00:00,17,Thursday,May,Clouds,22.640000000000043,0.0,40,6630
2018-05-03 20:00:00,20,Thursday,May,Clouds,20.5,0.0,90,3325
2018-05-03 21:00:00,21,Thursday,May,Clear,19.54000000000002,0.0,1,2716
2018-05-04 02:00:00,2,Friday,May,Clouds,14.470000000000027,0.0,40,338
2018-05-04 04:00:00,4,Friday,May,Clear,12.670000000000016,0.0,1,882
2018-05-04 13:00:00,13,Friday,May,Clear,23.0,0.0,5,5557
2018-05-04 17:00:00,17,Friday,May,Clouds,24.80000000000001,0.0,20,6014
2018-05-04 18:00:00,18,Friday,May,Clouds,24.210000000000036,0.0,20,5024
2018-05-04 21:00:00,21,Friday,May,Clouds,20.54000000000002,0.0,40,3323
2018-05-04 23:00:00,23,Friday,May,Clear,17.860000000000014,0.0,1,2103
2018-05-05 00:00:00,0,Saturday,May,Clear,18.07000000000005,0.0,1,1446
2018-05-05 06:00:00,6,Saturday,May,Clear,11.400000000000034,0.0,1,1382
2018-05-05 07:00:00,7,Saturday,May,Clear,9.460000000000036,0.0,1,2248
2018-05-05 10:00:00,10,Saturday,May,Clear,18.78000000000003,0.0,1,3915
2018-05-05 11:00:00,11,Saturday,May,Clouds,20.730000000000018,0.0,75,4280
2018-05-05 14:00:00,14,Saturday,May,Clouds,25.350000000000023,0.0,40,4394
2018-05-05 15:00:00,15,Saturday,May,Clear,26.140000000000043,0.0,1,4699
2018-05-05 16:00:00,16,Saturday,May,Clear,27.29000000000002,0.0,1,4580
2018-05-05 19:00:00,19,Saturday,May,Thunderstorm,21.75,0.0,40,3146
2018-05-05 20:00:00,20,Saturday,May,Thunderstorm,18.879999999999995,0.0,40,2767
2018-05-05 23:00:00,23,Saturday,May,Clear,14.79000000000002,0.0,1,2432
2018-05-06 02:00:00,2,Sunday,May,Clear,11.939999999999998,0.0,1,509
2018-05-06 04:00:00,4,Sunday,May,Mist,11.150000000000034,0.0,40,269
2018-05-06 05:00:00,5,Sunday,May,Clear,11.78000000000003,0.0,1,459
2018-05-06 08:00:00,8,Sunday,May,Mist,12.0,0.0,75,2390
2018-05-06 13:00:00,13,Sunday,May,Clear,21.460000000000036,0.0,1,4237
2018-05-06 15:00:00,15,Sunday,May,Clear,23.230000000000018,0.0,1,4332
2018-05-07 04:00:00,4,Monday,May,Clouds,14.270000000000039,0.0,40,875
2018-05-07 05:00:00,5,Monday,May,Clouds,13.939999999999998,0.0,40,2729
2018-05-07 08:00:00,8,Monday,May,Clear,16.350000000000023,0.0,1,5793
2018-05-07 09:00:00,9,Monday,May,Clear,18.57000000000005,0.0,1,4932
2018-05-07 11:00:00,11,Monday,May,Clear,23.0,0.0,1,4608
2018-05-08 01:00:00,1,Tuesday,May,Clear,20.470000000000027,0.0,1,356
2018-05-08 08:00:00,8,Tuesday,May,Clouds,18.129999999999995,0.0,40,6203
2018-05-08 18:00:00,18,Tuesday,May,Rain,18.29000000000002,0.0,40,4545
2018-05-08 19:00:00,19,Tuesday,May,Rain,17.310000000000002,0.0,40,3274
2018-05-08 20:00:00,20,Tuesday,May,Rain,16.77000000000004,0.0,40,3044
2018-05-08 21:00:00,21,Tuesday,May,Rain,16.340000000000032,0.0,1,2334
2018-05-08 22:00:00,22,Tuesday,May,Rain,16.360000000000014,0.0,40,1513
2018-05-08 23:00:00,23,Tuesday,May,Rain,16.150000000000034,0.0,1,1027
2018-05-09 02:00:00,2,Wednesday,May,Rain,14.94300000000004,0.0,92,261
2018-05-09 03:00:00,3,Wednesday,May,Rain,13.700000000000045,0.0,90,340
2018-05-09 04:00:00,4,Wednesday,May,Rain,13.79000000000002,0.0,1,885
2018-05-09 10:00:00,10,Wednesday,May,Clouds,13.340000000000032,0.0,90,4720
2018-05-09 11:00:00,11,Wednesday,May,Rain,14.5,0.0,90,4693
2018-05-09 12:00:00,12,Wednesday,May,Rain,15.200000000000045,0.0,90,4840
2018-05-09 13:00:00,13,Wednesday,May,Rain,15.54000000000002,0.0,40,4933
2018-05-09 17:00:00,17,Wednesday,May,Clouds,15.930000000000007,0.0,90,6436
2018-05-09 18:00:00,18,Wednesday,May,Mist,16.54000000000002,0.0,75,4768
2018-05-09 23:00:00,23,Wednesday,May,Clear,13.200000000000045,0.0,1,1466
2018-05-10 02:00:00,2,Thursday,May,Clouds,10.900000000000034,0.0,75,270
2018-05-10 19:00:00,19,Thursday,May,Clear,14.0,0.0,1,3824
2018-05-10 20:00:00,20,Thursday,May,Clouds,13.57000000000005,0.0,90,3310
2018-05-10 22:00:00,22,Thursday,May,Rain,12.0,0.0,90,2014
2018-05-10 23:00:00,23,Thursday,May,Clear,11.470000000000027,0.0,1,1287
2018-05-11 09:00:00,9,Friday,May,Clouds,8.379999999999995,0.0,90,5189
2018-05-11 15:00:00,15,Friday,May,Mist,10.140000000000043,0.0,90,6354
2018-05-11 17:00:00,17,Friday,May,Clouds,10.29000000000002,0.0,90,5773
2018-05-11 23:00:00,23,Friday,May,Clouds,10.200000000000045,0.0,90,1740
2018-05-12 01:00:00,1,Saturday,May,Clouds,9.930000000000007,0.0,90,642
2018-05-12 04:00:00,4,Saturday,May,Clear,7.010000000000048,0.0,1,440
2018-05-12 06:00:00,6,Saturday,May,Clear,6.7900000000000205,0.0,1,1428
2018-05-12 08:00:00,8,Saturday,May,Clouds,7.840000000000032,0.0,75,3110
2018-05-12 19:00:00,19,Saturday,May,Rain,14.720000000000027,0.0,40,3060
2018-05-12 23:00:00,23,Saturday,May,Clouds,10.650000000000034,0.0,40,2033
2018-05-13 02:00:00,2,Sunday,May,Clear,6.5400000000000205,0.0,1,622
2018-05-13 03:00:00,3,Sunday,May,Clear,6.0,0.0,1,353
2018-05-13 05:00:00,5,Sunday,May,Clear,4.7000000000000455,0.0,1,460
2018-05-13 11:00:00,11,Sunday,May,Clouds,14.54000000000002,0.0,75,3983
2018-05-13 15:00:00,15,Sunday,May,Clouds,20.150000000000034,0.0,75,4072
2018-05-13 16:00:00,16,Sunday,May,Clear,20.930000000000007,0.0,1,4169
2018-05-13 17:00:00,17,Sunday,May,Clouds,21.360000000000014,0.0,40,3827
2018-05-13 18:00:00,18,Sunday,May,Clouds,21.78000000000003,0.0,40,3555
2018-05-13 22:00:00,22,Sunday,May,Clear,17.54000000000002,0.0,5,1759
2018-05-14 03:00:00,3,Monday,May,Mist,14.220000000000027,0.0,1,308
2018-05-14 04:00:00,4,Monday,May,Fog,13.930000000000007,0.0,1,875
2018-05-14 12:00:00,12,Monday,May,Clear,21.80000000000001,0.0,1,4794
2018-05-14 15:00:00,15,Monday,May,Rain,22.79000000000002,0.0,90,5598
2018-05-14 22:00:00,22,Monday,May,Mist,16.200000000000045,0.0,90,2107
2018-05-15 04:00:00,4,Tuesday,May,Mist,12.5,0.0,1,934
2018-05-15 05:00:00,5,Tuesday,May,Fog,11.860000000000014,0.0,1,3020
2018-05-15 07:00:00,7,Tuesday,May,Clear,11.140000000000043,0.0,1,6264
2018-05-15 09:00:00,9,Tuesday,May,Clear,14.590000000000032,0.0,5,5399
2018-05-15 10:00:00,10,Tuesday,May,Clear,16.57000000000005,0.0,1,4528
2018-05-15 14:00:00,14,Tuesday,May,Clear,21.730000000000018,0.0,5,5380
2018-05-15 15:00:00,15,Tuesday,May,Clear,22.600000000000023,0.0,5,6033
2018-05-15 19:00:00,19,Tuesday,May,Clear,24.200000000000045,0.0,1,3602
2018-05-15 21:00:00,21,Tuesday,May,Clear,20.410000000000025,0.0,5,2773
2018-05-16 00:00:00,0,Wednesday,May,Clear,12.79000000000002,0.0,1,720
2018-05-16 06:00:00,6,Wednesday,May,Clear,11.870000000000005,0.0,1,5844
2018-05-16 07:00:00,7,Wednesday,May,Clear,12.460000000000036,0.0,1,5988
2018-05-16 15:00:00,15,Wednesday,May,Clouds,28.79000000000002,0.0,40,5871
2018-05-16 18:00:00,18,Wednesday,May,Clouds,29.720000000000027,0.0,40,4717
2018-05-16 22:00:00,22,Wednesday,May,Clear,21.939999999999998,0.0,5,2443
2018-05-17 08:00:00,8,Thursday,May,Clouds,14.730000000000018,0.0,40,5494
2018-05-17 12:00:00,12,Thursday,May,Clear,22.99000000000001,0.0,1,5120
2018-05-17 15:00:00,15,Thursday,May,Clear,28.0,0.0,1,6289
2018-05-17 18:00:00,18,Thursday,May,Clouds,28.5,0.0,75,4989
2018-05-17 20:00:00,20,Thursday,May,Clouds,27.150000000000034,0.0,40,3400
2018-05-17 23:00:00,23,Thursday,May,Clear,22.150000000000034,0.0,1,1852
2018-05-18 02:00:00,2,Friday,May,Clear,18.79000000000002,0.0,1,365
2018-05-18 07:00:00,7,Friday,May,Clear,13.670000000000016,0.0,1,6583
2018-05-18 08:00:00,8,Friday,May,Clouds,14.600000000000023,0.0,75,5321
2018-05-18 12:00:00,12,Friday,May,Clouds,22.99000000000001,0.0,75,5337
2018-05-18 14:00:00,14,Friday,May,Clear,26.620000000000005,0.0,1,5810
2018-05-18 15:00:00,15,Friday,May,Clouds,27.460000000000036,0.0,75,6400
2018-05-18 18:00:00,18,Friday,May,Clear,28.230000000000018,0.0,1,5241
2018-05-19 02:00:00,2,Saturday,May,Clouds,19.57000000000005,0.0,75,639
2018-05-19 07:00:00,7,Saturday,May,Mist,14.600000000000023,0.0,1,2062
2018-05-19 08:00:00,8,Saturday,May,Haze,14.270000000000039,0.0,90,3277
2018-05-19 09:00:00,9,Saturday,May,Haze,14.200000000000045,0.0,90,3569
2018-05-19 11:00:00,11,Saturday,May,Clouds,13.78000000000003,0.0,75,4112
2018-05-19 13:00:00,13,Saturday,May,Clouds,15.330000000000041,0.0,90,4542
2018-05-19 14:00:00,14,Saturday,May,Clouds,15.340000000000032,0.0,90,4802
2018-05-19 21:00:00,21,Saturday,May,Clouds,12.340000000000032,0.0,90,2705
2018-05-19 22:00:00,22,Saturday,May,Clouds,11.79000000000002,0.0,75,2714
2018-05-20 03:00:00,3,Sunday,May,Clear,8.270000000000039,0.0,1,324
2018-05-20 07:00:00,7,Sunday,May,Clear,6.430000000000007,0.0,1,1242
2018-05-20 18:00:00,18,Sunday,May,Clouds,22.07000000000005,0.0,40,3378
2018-05-20 19:00:00,19,Sunday,May,Clouds,21.860000000000014,0.0,40,2842
2018-05-20 22:00:00,22,Sunday,May,Clouds,15.350000000000023,0.0,75,1696
2018-05-21 08:00:00,8,Monday,May,Drizzle,14.600000000000023,0.0,75,5726
2018-05-21 11:00:00,11,Monday,May,Rain,16.860000000000014,0.0,90,4454
2018-05-21 14:00:00,14,Monday,May,Clouds,18.210000000000036,0.0,75,4224
2018-05-21 18:00:00,18,Monday,May,Clouds,18.480000000000018,0.0,90,4586
2018-05-21 22:00:00,22,Monday,May,Clouds,15.470000000000027,0.0,90,1668
2018-05-22 00:00:00,0,Tuesday,May,Clouds,15.0,0.0,90,554
2018-05-22 02:00:00,2,Tuesday,May,Clouds,14.610000000000014,0.0,90,249
2018-05-22 06:00:00,6,Tuesday,May,Haze,13.57000000000005,0.0,75,5875
2018-05-22 08:00:00,8,Tuesday,May,Mist,14.460000000000036,0.0,20,5752
2018-05-22 13:00:00,13,Tuesday,May,Haze,19.99000000000001,0.0,75,4840
2018-05-23 06:00:00,6,Wednesday,May,Mist,15.930000000000007,0.0,40,5979
2018-05-23 09:00:00,9,Wednesday,May,Clouds,19.28000000000003,0.0,40,5217
2018-05-23 11:00:00,11,Wednesday,May,Clear,22.129999999999995,0.0,1,4956
2018-05-23 14:00:00,14,Wednesday,May,Clouds,24.210000000000036,0.0,40,5221
2018-05-23 19:00:00,19,Wednesday,May,Clouds,27.220000000000027,0.0,75,3359
2018-05-23 21:00:00,21,Wednesday,May,Clouds,24.870000000000005,0.0,75,2888
2018-05-24 00:00:00,0,Thursday,May,Clear,22.600000000000023,0.0,1,628
2018-05-24 01:00:00,1,Thursday,May,Clear,22.470000000000027,0.0,1,356
2018-05-24 02:00:00,2,Thursday,May,Thunderstorm,22.200000000000045,0.0,1,261
2018-05-24 03:00:00,3,Thursday,May,Clear,21.930000000000007,0.0,1,363
2018-05-24 13:00:00,13,Thursday,May,Clouds,30.730000000000018,0.0,75,5036
2018-05-24 14:00:00,14,Thursday,May,Clear,31.470000000000027,0.0,1,5414
2018-05-24 20:00:00,20,Thursday,May,Thunderstorm,24.939999999999998,0.0,90,2938
2018-05-24 23:00:00,23,Thursday,May,Rain,20.360000000000014,0.0,1,1261
2018-05-25 09:00:00,9,Friday,May,Clouds,21.360000000000014,0.0,75,4859
2018-05-25 11:00:00,11,Friday,May,Clouds,24.0,0.0,40,4928
2018-05-25 16:00:00,16,Friday,May,Rain,30.80000000000001,0.0,75,5753
2018-05-26 04:00:00,4,Saturday,May,Clear,18.930000000000007,0.0,1,376
2018-05-26 06:00:00,6,Saturday,May,Clear,17.930000000000007,0.0,1,1263
2018-05-26 09:00:00,9,Saturday,May,Clear,22.78000000000003,0.0,1,3360
2018-05-26 11:00:00,11,Saturday,May,Clear,27.57000000000005,0.0,5,3937
2018-05-26 13:00:00,13,Saturday,May,Clear,31.140000000000043,0.0,1,4130
2018-05-26 17:00:00,17,Saturday,May,Clear,33.43000000000001,0.0,1,3858
2018-05-27 00:00:00,0,Sunday,May,Clear,21.460000000000036,0.0,1,1633
2018-05-27 12:00:00,12,Sunday,May,Clear,29.640000000000043,0.0,1,4190
2018-05-27 15:00:00,15,Sunday,May,Clouds,29.920000000000016,0.0,75,3821
2018-05-27 22:00:00,22,Sunday,May,Clouds,28.0,0.0,75,2565
2018-05-28 06:00:00,6,Monday,May,Clear,22.480000000000018,0.0,1,882
2018-05-28 07:00:00,7,Monday,May,Clear,22.470000000000027,0.0,1,989
2018-05-28 08:00:00,8,Monday,May,Clear,26.0,0.0,1,1294
2018-05-28 10:00:00,10,Monday,May,Clear,29.149000000000115,0.0,0,2576
2018-05-28 15:00:00,15,Monday,May,Clouds,35.80000000000001,0.0,40,3812
2018-05-28 17:00:00,17,Monday,May,Thunderstorm,34.72000000000003,0.0,75,3822
2018-05-29 11:00:00,11,Tuesday,May,Clouds,28.53000000000003,0.0,40,4436
2018-05-29 17:00:00,17,Tuesday,May,Rain,25.810000000000002,0.0,1,5990
2018-05-29 20:00:00,20,Tuesday,May,Rain,20.850000000000023,0.0,75,2466
2018-05-29 21:00:00,21,Tuesday,May,Thunderstorm,20.610000000000014,0.0,90,2154
2018-05-29 23:00:00,23,Tuesday,May,Rain,20.0,0.0,90,969
2018-05-30 07:00:00,7,Wednesday,May,Mist,18.930000000000007,0.0,75,6326
2018-05-30 14:00:00,14,Wednesday,May,Rain,21.210000000000036,0.0,90,5343
2018-05-30 15:00:00,15,Wednesday,May,Rain,21.640000000000043,0.0,90,6062
2018-05-30 17:00:00,17,Wednesday,May,Drizzle,22.74000000000001,0.0,75,6429
2018-05-30 19:00:00,19,Wednesday,May,Clouds,22.600000000000023,0.0,75,3555
2018-05-30 20:00:00,20,Wednesday,May,Clouds,22.33000000000004,0.0,75,2788
2018-05-31 11:00:00,11,Thursday,May,Clouds,23.640000000000043,0.0,40,5008
2018-05-31 14:00:00,14,Thursday,May,Clouds,27.210000000000036,0.0,75,5407
2018-05-31 15:00:00,15,Thursday,May,Clouds,27.57000000000005,0.0,75,5950
2018-06-01 04:00:00,4,Friday,June,Clear,18.0,0.0,1,872
2018-06-01 08:00:00,8,Friday,June,Mist,18.0,0.0,90,5639
2018-06-01 14:00:00,14,Friday,June,Clouds,24.140000000000043,0.0,75,5742
2018-06-01 23:00:00,23,Friday,June,Clear,19.430000000000007,0.0,1,2218
2018-06-02 04:00:00,4,Saturday,June,Thunderstorm,15.930000000000007,0.0,1,424
2018-06-02 11:00:00,11,Saturday,June,Rain,15.850000000000023,0.0,90,4260
2018-06-02 12:00:00,12,Saturday,June,Rain,15.670000000000016,0.0,90,4671
2018-06-02 16:00:00,16,Saturday,June,Rain,17.430000000000007,0.0,90,4560
2018-06-02 20:00:00,20,Saturday,June,Clouds,19.129999999999995,0.0,90,3074
2018-06-02 23:00:00,23,Saturday,June,Rain,16.730000000000018,0.0,1,2103
2018-06-03 04:00:00,4,Sunday,June,Clouds,14.129999999999995,0.0,40,419
2018-06-03 14:00:00,14,Sunday,June,Clouds,16.5,0.0,75,4458
2018-06-03 19:00:00,19,Sunday,June,Clouds,21.0,0.0,20,3527
2018-06-04 01:00:00,1,Monday,June,Clear,12.57000000000005,0.0,1,377
2018-06-04 06:00:00,6,Monday,June,Clear,9.939999999999998,0.0,1,5765
2018-06-04 15:00:00,15,Monday,June,Clear,27.210000000000036,0.0,1,5797
2018-06-04 17:00:00,17,Monday,June,Clouds,29.610000000000014,0.0,40,6234
2018-06-04 23:00:00,23,Monday,June,Clear,22.150000000000034,0.0,1,1115
2018-06-05 00:00:00,0,Tuesday,June,Clear,22.54000000000002,0.0,1,635
2018-06-05 02:00:00,2,Tuesday,June,Clear,19.75,0.0,1,297
2018-06-05 04:00:00,4,Tuesday,June,Clear,17.430000000000007,0.0,1,952
2018-06-05 06:00:00,6,Tuesday,June,Clear,15.580000000000041,0.0,1,5970
2018-06-05 07:00:00,7,Tuesday,June,Clear,15.220000000000027,0.0,5,5972
2018-06-05 09:00:00,9,Tuesday,June,Clouds,16.99000000000001,0.0,40,5046
2018-06-05 12:00:00,12,Tuesday,June,Clouds,21.54000000000002,0.0,20,5256
2018-06-05 14:00:00,14,Tuesday,June,Clear,23.57000000000005,0.0,5,5340
2018-06-05 16:00:00,16,Tuesday,June,Clear,25.57000000000005,0.0,1,7037
2018-06-05 20:00:00,20,Tuesday,June,Clear,25.07000000000005,0.0,1,3012
2018-06-06 08:00:00,8,Wednesday,June,Rain,16.33000000000004,0.0,40,5301
2018-06-06 09:00:00,9,Wednesday,June,Rain,17.0,0.0,75,5324
2018-06-06 20:00:00,20,Wednesday,June,Clouds,24.930000000000007,0.0,40,3157
2018-06-06 22:00:00,22,Wednesday,June,Clear,21.410000000000025,0.0,1,2224
2018-06-07 01:00:00,1,Thursday,June,Clear,17.350000000000023,0.0,1,439
2018-06-07 05:00:00,5,Thursday,June,Clear,15.29000000000002,0.0,1,3018
2018-06-07 06:00:00,6,Thursday,June,Clear,14.07000000000005,0.0,1,5885
2018-06-07 11:00:00,11,Thursday,June,Clouds,20.060000000000002,0.0,75,5168
2018-06-07 17:00:00,17,Thursday,June,Clouds,24.80000000000001,0.0,90,6286
2018-06-07 19:00:00,19,Thursday,June,Clear,23.600000000000023,0.0,1,3715
2018-06-07 22:00:00,22,Thursday,June,Thunderstorm,21.930000000000007,0.0,40,2215
2018-06-07 23:00:00,23,Thursday,June,Drizzle,21.0,0.0,40,1398
2018-06-08 00:00:00,0,Friday,June,Rain,20.730000000000018,0.0,1,800
2018-06-08 03:00:00,3,Friday,June,Rain,18.57000000000005,0.0,1,364
2018-06-08 06:00:00,6,Friday,June,Rain,18.0,0.0,75,5554
2018-06-08 08:00:00,8,Friday,June,Rain,18.5,0.0,90,5442
2018-06-08 23:00:00,23,Friday,June,Clouds,19.77000000000004,0.0,75,2903
2018-06-09 03:00:00,3,Saturday,June,Clouds,17.670000000000016,0.0,75,614
2018-06-09 04:00:00,4,Saturday,June,Clear,17.689999999999998,0.0,1,517
2018-06-09 05:00:00,5,Saturday,June,Clear,17.220000000000027,0.0,1,795
2018-06-09 13:00:00,13,Saturday,June,Rain,20.29000000000002,0.0,90,4186
2018-06-09 15:00:00,15,Saturday,June,Rain,20.400000000000034,0.0,90,3957
2018-06-09 19:00:00,19,Saturday,June,Rain,21.939999999999998,0.0,75,3128
2018-06-10 03:00:00,3,Sunday,June,Clouds,18.850000000000023,0.0,90,350
2018-06-10 07:00:00,7,Sunday,June,Clouds,17.460000000000036,0.0,40,1012
2018-06-10 08:00:00,8,Sunday,June,Clouds,18.360000000000014,0.0,40,1617
2018-06-10 13:00:00,13,Sunday,June,Clouds,21.07000000000005,0.0,90,3888
2018-06-11 00:00:00,0,Monday,June,Clouds,21.260000000000048,0.0,90,642
2018-06-11 04:00:00,4,Monday,June,Clear,17.640000000000043,0.0,1,873
2018-06-11 13:00:00,13,Monday,June,Rain,20.600000000000023,0.0,90,4658
2018-06-11 15:00:00,15,Monday,June,Rain,21.650000000000034,0.0,90,5691
2018-06-12 02:00:00,2,Tuesday,June,Clouds,19.07000000000005,0.0,40,314
2018-06-12 05:00:00,5,Tuesday,June,Mist,18.930000000000007,0.0,90,3013
2018-06-12 08:00:00,8,Tuesday,June,Mist,19.920000000000016,0.0,40,5656
2018-06-12 10:00:00,10,Tuesday,June,Mist,21.640000000000043,0.0,90,4574
2018-06-12 16:00:00,16,Tuesday,June,Clouds,25.0,0.0,40,6777
2018-06-12 18:00:00,18,Tuesday,June,Clouds,25.400000000000034,0.0,75,4701
2018-06-12 19:00:00,19,Tuesday,June,Rain,24.54000000000002,0.0,75,3235
2018-06-13 01:00:00,1,Wednesday,June,Clear,17.80000000000001,0.0,1,439
2018-06-13 04:00:00,4,Wednesday,June,Clear,14.29000000000002,0.0,1,922
2018-06-13 06:00:00,6,Wednesday,June,Clear,13.360000000000014,0.0,1,5767
2018-06-13 07:00:00,7,Wednesday,June,Clear,14.460000000000036,0.0,5,6127
2018-06-13 09:00:00,9,Wednesday,June,Clear,19.140000000000043,0.0,5,5157
2018-06-13 10:00:00,10,Wednesday,June,Clear,21.0,0.0,1,4579
2018-06-13 13:00:00,13,Wednesday,June,Clear,24.710000000000036,0.0,1,4998
2018-06-13 23:00:00,23,Wednesday,June,Rain,19.07000000000005,0.0,1,1283
2018-06-14 03:00:00,3,Thursday,June,Clouds,18.700000000000045,0.0,40,368
2018-06-14 04:00:00,4,Thursday,June,Clouds,18.360000000000014,0.0,40,928
2018-06-14 11:00:00,11,Thursday,June,Clouds,23.060000000000002,0.0,75,4810
2018-06-14 13:00:00,13,Thursday,June,Clear,25.200000000000045,0.0,1,5018
2018-06-14 15:00:00,15,Thursday,June,Clear,26.600000000000023,0.0,1,6192
2018-06-14 18:00:00,18,Thursday,June,Clear,26.600000000000023,0.0,1,4819
2018-06-15 04:00:00,4,Friday,June,Clear,20.060000000000002,0.0,1,866
2018-06-15 07:00:00,7,Friday,June,Clear,21.0,0.0,1,6361
2018-06-15 09:00:00,9,Friday,June,Clear,23.870000000000005,0.0,1,4977
2018-06-15 10:00:00,10,Friday,June,Clouds,25.730000000000018,0.0,75,4801
2018-06-15 13:00:00,13,Friday,June,Thunderstorm,30.860000000000014,0.0,75,5168
2018-06-15 16:00:00,16,Friday,June,Rain,30.79000000000002,0.0,90,6333
2018-06-15 19:00:00,19,Friday,June,Rain,30.439999999999998,0.0,75,3688
2018-06-15 22:00:00,22,Friday,June,Clouds,26.730000000000018,0.0,75,2778
2018-06-16 04:00:00,4,Saturday,June,Rain,25.340000000000032,0.0,1,402
2018-06-16 14:00:00,14,Saturday,June,Rain,22.930000000000007,0.0,90,4900
2018-06-17 09:00:00,9,Sunday,June,Rain,25.33000000000004,0.0,40,2723
2018-06-17 10:00:00,10,Sunday,June,Clear,27.140000000000043,0.0,1,3488
2018-06-17 11:00:00,11,Sunday,June,Clouds,28.360000000000014,0.0,40,3790
2018-06-17 12:00:00,12,Sunday,June,Clouds,29.600000000000023,0.0,75,4260
2018-06-17 13:00:00,13,Sunday,June,Clouds,30.200000000000045,0.0,90,4365
2018-06-17 15:00:00,15,Sunday,June,Rain,30.79000000000002,0.0,75,4234
2018-06-17 17:00:00,17,Sunday,June,Thunderstorm,31.210000000000036,0.0,40,4175
2018-06-17 22:00:00,22,Sunday,June,Rain,24.010000000000048,0.0,90,2045
2018-06-18 00:00:00,0,Monday,June,Rain,22.430000000000007,0.0,90,627
2018-06-18 02:00:00,2,Monday,June,Thunderstorm,21.77000000000004,0.0,90,272
2018-06-18 15:00:00,15,Monday,June,Clouds,23.140000000000043,0.0,90,5558
2018-06-18 20:00:00,20,Monday,June,Clouds,23.860000000000014,0.0,90,2762
2018-06-18 22:00:00,22,Monday,June,Clouds,22.939999999999998,0.0,75,1710
2018-06-18 23:00:00,23,Monday,June,Rain,22.27000000000004,0.0,90,1012
2018-06-19 01:00:00,1,Tuesday,June,Rain,20.74000000000001,0.0,90,373
2018-06-19 12:00:00,12,Tuesday,June,Rain,17.310000000000002,0.0,90,4585
2018-06-19 17:00:00,17,Tuesday,June,Drizzle,19.930000000000007,0.0,90,6085
2018-06-19 18:00:00,18,Tuesday,June,Rain,19.710000000000036,0.0,90,4546
2018-06-19 19:00:00,19,Tuesday,June,Rain,19.640000000000043,0.0,75,3263
2018-06-20 04:00:00,4,Wednesday,June,Mist,18.0,0.0,90,935
2018-06-20 08:00:00,8,Wednesday,June,Mist,18.670000000000016,0.0,75,5540
2018-06-20 12:00:00,12,Wednesday,June,Clouds,23.430000000000007,0.0,75,4824
2018-06-20 13:00:00,13,Wednesday,June,Clouds,23.850000000000023,0.0,40,4941
2018-06-20 15:00:00,15,Wednesday,June,Clouds,25.430000000000007,0.0,75,5864
2018-06-20 17:00:00,17,Wednesday,June,Clouds,25.74000000000001,0.0,90,6439
2018-06-21 09:00:00,9,Thursday,June,Rain,18.930000000000007,0.0,75,4982
2018-06-21 16:00:00,16,Thursday,June,Clouds,24.360000000000014,0.0,40,6511
2018-06-21 19:00:00,19,Thursday,June,Haze,24.360000000000014,0.0,75,3823
2018-06-21 22:00:00,22,Thursday,June,Clouds,20.930000000000007,0.0,75,2583
2018-06-22 05:00:00,5,Friday,June,Clear,16.07000000000005,0.0,1,3056
2018-06-22 09:00:00,9,Friday,June,Clear,18.420000000000016,0.0,1,5053
2018-06-22 16:00:00,16,Friday,June,Clear,26.470000000000027,0.0,1,6010
2018-06-22 19:00:00,19,Friday,June,Clouds,26.430000000000007,0.0,75,3976
2018-06-23 00:00:00,0,Saturday,June,Clear,18.720000000000027,0.0,1,1540
2018-06-23 03:00:00,3,Saturday,June,Mist,16.07000000000005,0.0,1,407
2018-06-23 13:00:00,13,Saturday,June,Clear,25.930000000000007,0.0,1,4560
2018-06-23 18:00:00,18,Saturday,June,Clouds,27.0,0.0,75,3945
2018-06-23 19:00:00,19,Saturday,June,Clouds,26.200000000000045,0.0,75,3660
2018-06-24 07:00:00,7,Sunday,June,Mist,17.470000000000027,0.0,1,1499
2018-06-24 10:00:00,10,Sunday,June,Rain,22.210000000000036,0.0,1,4187
2018-06-24 15:00:00,15,Sunday,June,Rain,24.670000000000016,0.0,1,4313
2018-06-24 19:00:00,19,Sunday,June,Clouds,25.670000000000016,0.0,75,3438
2018-06-24 20:00:00,20,Sunday,June,Clouds,24.870000000000005,0.0,90,3187
2018-06-24 21:00:00,21,Sunday,June,Clouds,23.610000000000014,0.0,90,2556
2018-06-24 22:00:00,22,Sunday,June,Clouds,22.400000000000034,0.0,75,1962
2018-06-25 01:00:00,1,Monday,June,Clear,20.140000000000043,0.0,1,422
2018-06-25 03:00:00,3,Monday,June,Clear,18.54000000000002,0.0,1,406
2018-06-25 09:00:00,9,Monday,June,Rain,20.920000000000016,0.0,90,4654
2018-06-25 10:00:00,10,Monday,June,Rain,22.220000000000027,0.0,75,4310
2018-06-25 12:00:00,12,Monday,June,Clouds,24.060000000000002,0.0,75,4748
2018-06-25 14:00:00,14,Monday,June,Clouds,26.400000000000034,0.0,75,4877
2018-06-25 23:00:00,23,Monday,June,Drizzle,22.860000000000014,0.0,1,1136
2018-06-26 07:00:00,7,Tuesday,June,Rain,17.640000000000043,0.0,90,6350
2018-06-26 14:00:00,14,Tuesday,June,Drizzle,20.730000000000018,0.0,90,4905
2018-06-26 19:00:00,19,Tuesday,June,Rain,21.379999999999995,0.0,90,3316
2018-06-26 22:00:00,22,Tuesday,June,Drizzle,20.33000000000004,0.0,40,2083
2018-06-27 03:00:00,3,Wednesday,June,Mist,19.0,0.0,90,414
2018-06-27 05:00:00,5,Wednesday,June,Mist,18.840000000000032,0.0,75,3151
2018-06-27 09:00:00,9,Wednesday,June,Mist,19.710000000000036,0.0,90,5134
2018-06-27 11:00:00,11,Wednesday,June,Clouds,21.33000000000004,0.0,75,4964
2018-06-27 15:00:00,15,Wednesday,June,Clouds,24.660000000000025,0.0,75,5867
2018-06-27 17:00:00,17,Wednesday,June,Clouds,25.930000000000007,0.0,75,6095
2018-06-27 21:00:00,21,Wednesday,June,Clear,24.939999999999998,0.0,1,3116
2018-06-28 07:00:00,7,Thursday,June,Mist,18.600000000000023,0.0,20,6264
2018-06-28 12:00:00,12,Thursday,June,Clear,26.700000000000045,0.0,1,5109
2018-06-28 14:00:00,14,Thursday,June,Clouds,28.730000000000018,0.0,75,5300
2018-06-28 15:00:00,15,Thursday,June,Clouds,29.0,0.0,40,5945
2018-06-28 18:00:00,18,Thursday,June,Clouds,29.460000000000036,0.0,40,4668
2018-06-29 01:00:00,1,Friday,June,Clear,24.470000000000027,0.0,1,510
2018-06-29 03:00:00,3,Friday,June,Clear,23.720000000000027,0.0,1,453
2018-06-29 04:00:00,4,Friday,June,Clear,23.5,0.0,1,984
2018-06-29 07:00:00,7,Friday,June,Clear,23.930000000000007,0.0,1,6051
2018-06-29 08:00:00,8,Friday,June,Clouds,25.060000000000002,0.0,75,5204
2018-06-29 15:00:00,15,Friday,June,Clear,35.28000000000003,0.0,1,5903
2018-06-29 20:00:00,20,Friday,June,Clouds,33.14000000000004,0.0,75,3340
2018-06-30 01:00:00,1,Saturday,June,Clear,29.430000000000007,0.0,1,869
2018-06-30 02:00:00,2,Saturday,June,Thunderstorm,29.400000000000034,0.0,1,617
2018-06-30 07:00:00,7,Saturday,June,Clouds,26.77000000000004,0.0,75,2048
2018-06-30 09:00:00,9,Saturday,June,Clouds,26.460000000000036,0.0,75,3627
2018-06-30 10:00:00,10,Saturday,June,Clouds,26.920000000000016,0.0,40,3922
2018-06-30 12:00:00,12,Saturday,June,Clouds,28.400000000000034,0.0,75,4776
2018-06-30 16:00:00,16,Saturday,June,Clouds,29.150000000000034,0.0,90,4707
2018-06-30 17:00:00,17,Saturday,June,Thunderstorm,28.29000000000002,0.0,90,4469
2018-06-30 21:00:00,21,Saturday,June,Clouds,26.33000000000004,0.0,90,2700
2018-06-30 23:00:00,23,Saturday,June,Clouds,24.470000000000027,0.0,40,2017
2018-07-01 04:00:00,4,Sunday,July,Rain,22.210000000000036,0.0,40,372
2018-07-01 05:00:00,5,Sunday,July,Rain,21.460000000000036,0.0,75,529
2018-07-01 06:00:00,6,Sunday,July,Rain,21.29000000000002,0.0,75,979
2018-07-02 04:00:00,4,Monday,July,Clear,18.310000000000002,0.0,1,896
2018-07-02 09:00:00,9,Monday,July,Clouds,22.860000000000014,0.0,20,4473
2018-07-02 15:00:00,15,Monday,July,Clear,29.210000000000036,0.0,1,5115
2018-07-02 17:00:00,17,Monday,July,Clouds,30.060000000000002,0.0,40,5241
2018-07-02 19:00:00,19,Monday,July,Clouds,29.140000000000043,0.0,40,3183
2018-07-02 20:00:00,20,Monday,July,Clouds,28.07000000000005,0.0,40,2792
2018-07-02 21:00:00,21,Monday,July,Clouds,26.360000000000014,0.0,40,2552
2018-07-02 23:00:00,23,Monday,July,Clouds,24.670000000000016,0.0,40,1461
2018-07-03 03:00:00,3,Tuesday,July,Clear,22.470000000000027,0.0,1,391
2018-07-03 04:00:00,4,Tuesday,July,Rain,21.870000000000005,0.0,1,863
2018-07-03 06:00:00,6,Tuesday,July,Rain,20.890000000000043,0.0,1,5264
2018-07-03 10:00:00,10,Tuesday,July,Rain,20.710000000000036,0.0,1,4099
2018-07-03 13:00:00,13,Tuesday,July,Rain,22.850000000000023,0.0,90,4799
2018-07-03 15:00:00,15,Tuesday,July,Rain,24.0,0.0,90,5526
2018-07-03 20:00:00,20,Tuesday,July,Clear,28.470000000000027,0.0,1,3055
2018-07-03 23:00:00,23,Tuesday,July,Clear,25.0,0.0,1,1741
2018-07-04 02:00:00,2,Wednesday,July,Clear,23.939999999999998,0.0,1,573
2018-07-04 03:00:00,3,Wednesday,July,Haze,23.57000000000005,0.0,1,353
2018-07-04 06:00:00,6,Wednesday,July,Clear,23.860000000000014,0.0,1,1141
2018-07-04 07:00:00,7,Wednesday,July,Clear,24.07000000000005,0.0,1,1128
2018-07-04 20:00:00,20,Wednesday,July,Clear,26.0,0.0,1,2503
2018-07-04 22:00:00,22,Wednesday,July,Clouds,23.470000000000027,0.0,40,2030
2018-07-05 01:00:00,1,Thursday,July,Mist,22.54000000000002,0.0,75,476
2018-07-05 06:00:00,6,Thursday,July,Mist,22.340000000000032,0.0,1,4500
2018-07-05 07:00:00,7,Thursday,July,Clear,22.0,0.0,1,4966
2018-07-05 16:00:00,16,Thursday,July,Clear,26.870000000000005,0.0,1,5908
2018-07-05 19:00:00,19,Thursday,July,Clear,26.57000000000005,0.0,5,3099
2018-07-05 23:00:00,23,Thursday,July,Clear,19.670000000000016,0.0,1,1287
2018-07-06 00:00:00,0,Friday,July,Clear,18.80000000000001,0.0,1,743
2018-07-06 01:00:00,1,Friday,July,Mist,17.54000000000002,0.0,1,435
2018-07-06 03:00:00,3,Friday,July,Clear,16.400000000000034,0.0,1,343
2018-07-06 04:00:00,4,Friday,July,Mist,15.870000000000005,0.0,1,752
2018-07-06 05:00:00,5,Friday,July,Fog,15.400000000000034,0.0,1,2453
2018-07-06 19:00:00,19,Friday,July,Clouds,26.0,0.0,75,3390
2018-07-06 21:00:00,21,Friday,July,Clouds,24.0,0.0,75,2903
2018-07-07 00:00:00,0,Saturday,July,Clear,19.720000000000027,0.0,1,1233
2018-07-07 02:00:00,2,Saturday,July,Clear,19.140000000000043,0.0,1,604
2018-07-07 05:00:00,5,Saturday,July,Clear,18.07000000000005,0.0,1,769
2018-07-07 10:00:00,10,Saturday,July,Clear,22.78000000000003,0.0,1,3386
2018-07-07 12:00:00,12,Saturday,July,Clear,25.140000000000043,0.0,1,4160
2018-07-07 17:00:00,17,Saturday,July,Clear,28.860000000000014,0.0,5,4085
2018-07-07 23:00:00,23,Saturday,July,Clear,23.150000000000034,0.0,1,2246
2018-07-08 02:00:00,2,Sunday,July,Clear,21.29000000000002,0.0,1,693
2018-07-08 13:00:00,13,Sunday,July,Clear,28.77000000000004,0.0,1,4211
2018-07-08 19:00:00,19,Sunday,July,Clouds,30.870000000000005,0.0,20,3969
2018-07-09 01:00:00,1,Monday,July,Rain,24.0,0.0,1,423
2018-07-09 05:00:00,5,Monday,July,Rain,22.430000000000007,0.0,40,2977
2018-07-09 11:00:00,11,Monday,July,Clouds,26.189999999999998,0.0,90,4448
2018-07-09 15:00:00,15,Monday,July,Clouds,30.0,0.0,75,5429
2018-07-09 21:00:00,21,Monday,July,Clear,27.670000000000016,0.0,5,2633
2018-07-10 03:00:00,3,Tuesday,July,Fog,18.27000000000004,0.0,1,364
2018-07-10 07:00:00,7,Tuesday,July,Clear,17.220000000000027,0.0,1,6134
2018-07-10 09:00:00,9,Tuesday,July,Clouds,21.400000000000034,0.0,75,4843
2018-07-10 11:00:00,11,Tuesday,July,Rain,22.260000000000048,0.0,75,4586
2018-07-10 12:00:00,12,Tuesday,July,Rain,22.760000000000048,0.0,90,4865
2018-07-10 13:00:00,13,Tuesday,July,Rain,23.53000000000003,0.0,75,4719
2018-07-10 16:00:00,16,Tuesday,July,Clouds,28.129999999999995,0.0,40,6566
2018-07-11 00:00:00,0,Wednesday,July,Clear,21.74000000000001,0.0,1,661
2018-07-11 01:00:00,1,Wednesday,July,Clear,20.939999999999998,0.0,1,401
2018-07-11 04:00:00,4,Wednesday,July,Clear,20.0,0.0,1,948
2018-07-11 10:00:00,10,Wednesday,July,Clouds,24.860000000000014,0.0,75,4829
2018-07-11 13:00:00,13,Wednesday,July,Clouds,29.0,0.0,75,4779
2018-07-12 10:00:00,10,Thursday,July,Thunderstorm,25.80000000000001,0.0,90,4610
2018-07-12 12:00:00,12,Thursday,July,Rain,28.210000000000036,0.0,90,4891
2018-07-12 16:00:00,16,Thursday,July,Clouds,32.56,0.0,75,6612
2018-07-13 02:00:00,2,Friday,July,Rain,22.57000000000005,0.0,90,350
2018-07-13 06:00:00,6,Friday,July,Rain,22.150000000000034,0.0,40,5268
2018-07-13 07:00:00,7,Friday,July,Mist,22.0,0.0,90,5994
2018-07-13 20:00:00,20,Friday,July,Clear,26.74000000000001,0.0,1,3260
2018-07-13 23:00:00,23,Friday,July,Rain,21.860000000000014,0.0,1,1971
2018-07-14 00:00:00,0,Saturday,July,Mist,21.150000000000034,0.0,1,1233
2018-07-14 02:00:00,2,Saturday,July,Fog,19.860000000000014,0.0,1,646
2018-07-14 05:00:00,5,Saturday,July,Fog,18.460000000000036,0.0,90,858
2018-07-14 15:00:00,15,Saturday,July,Clouds,29.860000000000014,0.0,40,4306
2018-07-14 16:00:00,16,Saturday,July,Clouds,30.0,0.0,40,4317
2018-07-15 11:00:00,11,Sunday,July,Clouds,27.620000000000005,0.0,40,3655
2018-07-15 14:00:00,14,Sunday,July,Clouds,29.5,0.0,75,4129
2018-07-15 16:00:00,16,Sunday,July,Clouds,30.07000000000005,0.0,75,4438
2018-07-15 23:00:00,23,Sunday,July,Clear,22.689999999999998,0.0,1,1244
2018-07-16 02:00:00,2,Monday,July,Clear,19.600000000000023,0.0,1,297
2018-07-16 03:00:00,3,Monday,July,Clear,18.600000000000023,0.0,1,368
2018-07-16 06:00:00,6,Monday,July,Clear,16.360000000000014,0.0,1,5593
2018-07-16 14:00:00,14,Monday,July,Clear,28.0,0.0,1,4794
2018-07-17 06:00:00,6,Tuesday,July,Clear,16.07000000000005,0.0,1,5870
2018-07-17 09:00:00,9,Tuesday,July,Clouds,20.140000000000043,0.0,20,5030
2018-07-17 17:00:00,17,Tuesday,July,Clouds,26.0,0.0,20,5698
2018-07-17 18:00:00,18,Tuesday,July,Clear,26.0,0.0,1,4360
2018-07-17 20:00:00,20,Tuesday,July,Clouds,25.29000000000002,0.0,20,3113
2018-07-18 09:00:00,9,Wednesday,July,Clear,20.79000000000002,0.0,1,5129
2018-07-18 14:00:00,14,Wednesday,July,Clouds,26.600000000000023,0.0,75,5138
2018-07-19 01:00:00,1,Thursday,July,Clear,20.340000000000032,0.0,1,423
2018-07-19 09:00:00,9,Thursday,July,Rain,21.860000000000014,0.0,90,4855
2018-07-19 10:00:00,10,Thursday,July,Rain,22.129999999999995,0.0,75,4492
2018-07-19 12:00:00,12,Thursday,July,Rain,21.140000000000043,0.0,90,4861
2018-07-19 15:00:00,15,Thursday,July,Rain,21.5,0.0,90,5704
2018-07-19 17:00:00,17,Thursday,July,Rain,20.79000000000002,0.0,90,5872
2018-07-19 19:00:00,19,Thursday,July,Rain,19.29000000000002,0.0,90,3419
2018-07-19 20:00:00,20,Thursday,July,Rain,19.07000000000005,0.0,90,2991
2018-07-20 12:00:00,12,Friday,July,Drizzle,21.860000000000014,0.0,75,5253
2018-07-20 15:00:00,15,Friday,July,Rain,25.27000000000004,0.0,75,5602
2018-07-20 16:00:00,16,Friday,July,Clouds,25.870000000000005,0.0,75,6086
2018-07-20 17:00:00,17,Friday,July,Clouds,25.460000000000036,0.0,75,4987
2018-07-20 19:00:00,19,Friday,July,Rain,22.410000000000025,0.0,90,3574
2018-07-21 03:00:00,3,Saturday,July,Clouds,17.710000000000036,0.0,40,418
2018-07-21 07:00:00,7,Saturday,July,Mist,16.930000000000007,0.0,5,2236
2018-07-21 09:00:00,9,Saturday,July,Clear,19.860000000000014,0.0,5,3883
2018-07-21 12:00:00,12,Saturday,July,Clouds,23.930000000000007,0.0,75,4505
2018-07-21 14:00:00,14,Saturday,July,Clouds,25.730000000000018,0.0,40,4796
2018-07-22 01:00:00,1,Sunday,July,Clear,20.07000000000005,0.0,1,969
2018-07-22 04:00:00,4,Sunday,July,Clear,18.140000000000043,0.0,1,355
2018-07-22 12:00:00,12,Sunday,July,Clear,21.710000000000036,0.0,1,4250
2018-07-22 15:00:00,15,Sunday,July,Clouds,25.5,0.0,40,4657
2018-07-22 22:00:00,22,Sunday,July,Clouds,21.670000000000016,0.0,20,2224
2018-07-23 00:00:00,0,Monday,July,Clear,19.670000000000016,0.0,1,714
2018-07-23 07:00:00,7,Monday,July,Mist,16.80000000000001,0.0,1,6306
2018-07-23 09:00:00,9,Monday,July,Clouds,20.129999999999995,0.0,40,4735
2018-07-23 10:00:00,10,Monday,July,Clouds,21.850000000000023,0.0,40,4209
2018-07-23 11:00:00,11,Monday,July,Clouds,24.060000000000002,0.0,20,4485
2018-07-23 21:00:00,21,Monday,July,Clouds,25.0,0.0,20,2492
2018-07-24 07:00:00,7,Tuesday,July,Clear,16.79000000000002,0.0,5,6409
2018-07-25 00:00:00,0,Wednesday,July,Clear,20.0,0.0,1,664
2018-07-25 03:00:00,3,Wednesday,July,Clear,17.640000000000043,0.0,1,372
2018-07-25 11:00:00,11,Wednesday,July,Rain,21.470000000000027,0.0,90,4879
2018-07-25 12:00:00,12,Wednesday,July,Rain,22.660000000000025,0.0,75,4799
2018-07-25 15:00:00,15,Wednesday,July,Thunderstorm,26.129999999999995,0.0,75,5826
2018-07-25 22:00:00,22,Wednesday,July,Clear,20.27000000000004,0.0,5,2422
2018-07-25 23:00:00,23,Wednesday,July,Clear,19.200000000000045,0.0,1,1922
2018-07-26 01:00:00,1,Thursday,July,Clear,17.560000000000002,0.0,1,411
2018-07-26 06:00:00,6,Thursday,July,Clear,15.330000000000041,0.0,1,5813
2018-07-26 11:00:00,11,Thursday,July,Clouds,17.5,0.0,90,4654
2018-07-26 19:00:00,19,Thursday,July,Rain,19.600000000000023,0.0,40,3707
2018-07-26 20:00:00,20,Thursday,July,Rain,19.07000000000005,0.0,75,3154
2018-07-26 21:00:00,21,Thursday,July,Clouds,18.430000000000007,0.0,40,3206
2018-07-27 00:00:00,0,Friday,July,Clouds,17.0,0.0,90,774
2018-07-27 02:00:00,2,Friday,July,Clear,15.740000000000009,0.0,1,344
2018-07-27 04:00:00,4,Friday,July,Clear,14.650000000000034,0.0,1,836
2018-07-27 05:00:00,5,Friday,July,Clear,14.150000000000034,0.0,1,2945
2018-07-27 08:00:00,8,Friday,July,Clear,14.78000000000003,0.0,5,5232
2018-07-27 10:00:00,10,Friday,July,Clear,18.640000000000043,0.0,1,4571
2018-07-27 21:00:00,21,Friday,July,Clear,20.939999999999998,0.0,1,3191
2018-07-28 01:00:00,1,Saturday,July,Clear,14.150000000000034,0.0,1,871
2018-07-28 03:00:00,3,Saturday,July,Mist,13.140000000000043,0.0,1,384
2018-07-28 04:00:00,4,Saturday,July,Mist,12.140000000000043,0.0,1,451
2018-07-28 05:00:00,5,Saturday,July,Mist,12.29000000000002,0.0,1,902
2018-07-28 07:00:00,7,Saturday,July,Clear,11.710000000000036,0.0,1,1974
2018-07-29 07:00:00,7,Sunday,July,Mist,13.400000000000034,0.0,90,1286
2018-07-29 08:00:00,8,Sunday,July,Fog,15.990000000000009,0.0,5,1866
2018-07-29 12:00:00,12,Sunday,July,Clear,25.0,0.0,1,4016
2018-07-29 13:00:00,13,Sunday,July,Clouds,25.930000000000007,0.0,40,4489
2018-07-29 14:00:00,14,Sunday,July,Clouds,26.640000000000043,0.0,40,4435
2018-07-29 18:00:00,18,Sunday,July,Clear,24.340000000000032,0.0,1,3947
2018-07-29 23:00:00,23,Sunday,July,Clear,18.80000000000001,0.0,1,1224
2018-07-30 09:00:00,9,Monday,July,Clear,19.700000000000045,0.0,5,4638
2018-07-30 15:00:00,15,Monday,July,Clouds,27.660000000000025,0.0,20,5483
2018-07-30 18:00:00,18,Monday,July,Thunderstorm,27.850000000000023,0.0,40,4288
2018-07-31 03:00:00,3,Tuesday,July,Clear,15.79000000000002,0.0,1,352
2018-07-31 07:00:00,7,Tuesday,July,Clouds,15.590000000000032,0.0,20,5655
2018-07-31 09:00:00,9,Tuesday,July,Clear,22.32000000000005,0.0,1,4925
2018-07-31 12:00:00,12,Tuesday,July,Clouds,27.260000000000048,0.0,20,4998
2018-07-31 13:00:00,13,Tuesday,July,Clouds,27.710000000000036,0.0,20,4875
2018-07-31 16:00:00,16,Tuesday,July,Clouds,28.850000000000023,0.0,40,6357
2018-07-31 17:00:00,17,Tuesday,July,Clouds,29.140000000000043,0.0,20,5912
2018-08-01 01:00:00,1,Wednesday,August,Clouds,19.920000000000016,0.0,75,398
2018-08-01 03:00:00,3,Wednesday,August,Clouds,19.32000000000005,0.0,40,409
2018-08-01 06:00:00,6,Wednesday,August,Rain,19.060000000000002,0.0,90,5431
2018-08-01 12:00:00,12,Wednesday,August,Clouds,23.430000000000007,0.0,75,5141
2018-08-01 13:00:00,13,Wednesday,August,Clouds,23.54000000000002,0.0,90,4874
2018-08-01 18:00:00,18,Wednesday,August,Clouds,19.870000000000005,0.0,90,4500
2018-08-01 20:00:00,20,Wednesday,August,Rain,18.29000000000002,0.0,90,2992
2018-08-02 03:00:00,3,Thursday,August,Clouds,14.470000000000027,0.0,90,403
2018-08-02 04:00:00,4,Thursday,August,Clouds,14.07000000000005,0.0,90,887
2018-08-02 05:00:00,5,Thursday,August,Clouds,14.140000000000043,0.0,90,3091
2018-08-02 06:00:00,6,Thursday,August,Clouds,13.670000000000016,0.0,90,5589
2018-08-02 08:00:00,8,Thursday,August,Clouds,13.54000000000002,0.0,90,5736
2018-08-02 10:00:00,10,Thursday,August,Clouds,15.640000000000043,0.0,90,4388
2018-08-02 17:00:00,17,Thursday,August,Clear,21.200000000000045,0.0,1,5783
2018-08-02 19:00:00,19,Thursday,August,Clouds,21.07000000000005,0.0,40,3570
2018-08-02 20:00:00,20,Thursday,August,Clear,20.400000000000034,0.0,1,3103
2018-08-02 21:00:00,21,Thursday,August,Clear,17.930000000000007,0.0,5,3023
2018-08-03 03:00:00,3,Friday,August,Clear,15.07000000000005,0.0,1,398
2018-08-03 08:00:00,8,Friday,August,Thunderstorm,17.200000000000045,0.0,75,5213
2018-08-03 14:00:00,14,Friday,August,Thunderstorm,24.420000000000016,0.0,1,5456
2018-08-03 21:00:00,21,Friday,August,Thunderstorm,22.80000000000001,0.0,90,2632
2018-08-04 00:00:00,0,Saturday,August,Thunderstorm,20.930000000000007,0.0,75,1078
2018-08-04 02:00:00,2,Saturday,August,Thunderstorm,21.360000000000014,0.0,1,519
2018-08-04 04:00:00,4,Saturday,August,Clear,22.360000000000014,0.0,1,423
2018-08-04 06:00:00,6,Saturday,August,Mist,22.400000000000034,0.0,1,1427
2018-08-04 10:00:00,10,Saturday,August,Rain,22.0,0.0,1,3962
2018-08-04 11:00:00,11,Saturday,August,Rain,22.5,0.0,90,4236
2018-08-04 14:00:00,14,Saturday,August,Rain,21.57000000000005,0.0,90,4379
2018-08-05 00:00:00,0,Sunday,August,Mist,21.80000000000001,0.0,1,1323
2018-08-05 03:00:00,3,Sunday,August,Mist,21.57000000000005,0.0,40,396
2018-08-05 04:00:00,4,Sunday,August,Mist,21.5,0.0,1,356
2018-08-05 06:00:00,6,Sunday,August,Mist,21.400000000000034,0.0,1,962
2018-08-05 10:00:00,10,Sunday,August,Clear,25.420000000000016,0.0,1,3735
2018-08-05 11:00:00,11,Sunday,August,Clear,26.78000000000003,0.0,1,4072
2018-08-06 03:00:00,3,Monday,August,Mist,20.0,0.0,1,375
2018-08-06 04:00:00,4,Monday,August,Fog,19.07000000000005,0.0,1,890
2018-08-06 08:00:00,8,Monday,August,Mist,19.07000000000005,0.0,40,5582
2018-08-06 18:00:00,18,Monday,August,Clouds,27.430000000000007,0.0,40,4308
2018-08-06 19:00:00,19,Monday,August,Clouds,26.5,0.0,75,3314
2018-08-06 21:00:00,21,Monday,August,Rain,23.470000000000027,0.0,75,2330
2018-08-06 22:00:00,22,Monday,August,Clouds,21.5,0.0,40,1723
2018-08-06 23:00:00,23,Monday,August,Mist,20.360000000000014,0.0,1,1148
2018-08-07 00:00:00,0,Tuesday,August,Clear,19.430000000000007,0.0,1,606
2018-08-07 03:00:00,3,Tuesday,August,Mist,17.939999999999998,0.0,1,362
2018-08-07 05:00:00,5,Tuesday,August,Mist,17.28000000000003,0.0,1,3153
2018-08-07 10:00:00,10,Tuesday,August,Clouds,24.831000000000017,0.0,44,4416
2018-08-07 13:00:00,13,Tuesday,August,Rain,22.860000000000014,0.0,90,4726
2018-08-07 14:00:00,14,Tuesday,August,Drizzle,23.220000000000027,0.0,40,5040
2018-08-07 15:00:00,15,Tuesday,August,Rain,23.650000000000034,0.0,1,5555
2018-08-07 17:00:00,17,Tuesday,August,Clouds,24.210000000000036,0.0,75,5656
2018-08-07 20:00:00,20,Tuesday,August,Clouds,23.870000000000005,0.0,75,2888
2018-08-07 21:00:00,21,Tuesday,August,Clouds,21.930000000000007,0.0,40,2532
2018-08-07 23:00:00,23,Tuesday,August,Mist,19.360000000000014,0.0,1,1168
2018-08-08 00:00:00,0,Wednesday,August,Mist,18.79000000000002,0.0,1,643
2018-08-08 02:00:00,2,Wednesday,August,Haze,18.0,0.0,1,295
2018-08-08 08:00:00,8,Wednesday,August,Mist,17.860000000000014,0.0,1,5864
2018-08-08 17:00:00,17,Wednesday,August,Clear,31.07000000000005,0.0,1,6043
2018-08-08 18:00:00,18,Wednesday,August,Clouds,31.0,0.0,20,4806
2018-08-08 19:00:00,19,Wednesday,August,Clouds,30.470000000000027,0.0,40,3655
2018-08-08 20:00:00,20,Wednesday,August,Clouds,29.27000000000004,0.0,75,3130
2018-08-08 21:00:00,21,Wednesday,August,Clouds,27.140000000000043,0.0,40,3267
2018-08-09 06:00:00,6,Thursday,August,Mist,19.129999999999995,0.0,75,5423
2018-08-09 18:00:00,18,Thursday,August,Clouds,29.54000000000002,0.0,20,4426
2018-08-09 19:00:00,19,Thursday,August,Clouds,28.430000000000007,0.0,40,3530
2018-08-09 21:00:00,21,Thursday,August,Clear,24.939999999999998,0.0,1,3176
2018-08-10 00:00:00,0,Friday,August,Clear,21.0,0.0,1,731
2018-08-10 01:00:00,1,Friday,August,Clear,20.27000000000004,0.0,1,471
2018-08-10 05:00:00,5,Friday,August,Fog,17.670000000000016,0.0,1,2854
2018-08-10 07:00:00,7,Friday,August,Mist,17.260000000000048,0.0,5,5950
2018-08-10 20:00:00,20,Friday,August,Clear,27.410000000000025,0.0,1,3344
2018-08-11 13:00:00,13,Saturday,August,Clear,28.710000000000036,0.0,1,4262
2018-08-11 17:00:00,17,Saturday,August,Clouds,30.129999999999995,0.0,90,4134
2018-08-11 21:00:00,21,Saturday,August,Clear,25.470000000000027,0.0,1,3378
2018-08-11 23:00:00,23,Saturday,August,Mist,21.430000000000007,0.0,1,2511
2018-08-12 07:00:00,7,Sunday,August,Mist,17.420000000000016,0.0,1,1196
2018-08-12 11:00:00,11,Sunday,August,Clear,26.29000000000002,0.0,1,3856
2018-08-12 12:00:00,12,Sunday,August,Clear,27.730000000000018,0.0,5,4037
2018-08-12 16:00:00,16,Sunday,August,Clear,30.730000000000018,0.0,5,4466
2018-08-12 17:00:00,17,Sunday,August,Clear,30.730000000000018,0.0,5,4313
2018-08-12 18:00:00,18,Sunday,August,Clouds,30.670000000000016,0.0,40,4012
2018-08-13 04:00:00,4,Monday,August,Clear,21.54000000000002,0.0,1,924
2018-08-13 08:00:00,8,Monday,August,Clear,21.470000000000027,0.0,1,5642
2018-08-13 09:00:00,9,Monday,August,Clear,23.210000000000036,0.0,1,4714
2018-08-13 10:00:00,10,Monday,August,Clear,25.28000000000003,0.0,1,4216
2018-08-13 11:00:00,11,Monday,August,Clear,27.600000000000023,0.0,5,4440
2018-08-13 12:00:00,12,Monday,August,Haze,29.0,0.0,1,4673
2018-08-13 13:00:00,13,Monday,August,Clear,30.80000000000001,0.0,1,4494
2018-08-13 21:00:00,21,Monday,August,Clear,26.650000000000034,0.0,5,2615
2018-08-13 22:00:00,22,Monday,August,Clear,24.930000000000007,0.0,1,1823
2018-08-14 05:00:00,5,Tuesday,August,Clouds,22.0,0.0,40,3184
2018-08-14 06:00:00,6,Tuesday,August,Mist,21.53000000000003,0.0,20,5702
2018-08-14 11:00:00,11,Tuesday,August,Clouds,26.80000000000001,0.0,75,4741
2018-08-14 12:00:00,12,Tuesday,August,Clouds,28.140000000000043,0.0,90,4996
2018-08-14 16:00:00,16,Tuesday,August,Thunderstorm,30.200000000000045,0.0,75,6373
2018-08-14 18:00:00,18,Tuesday,August,Thunderstorm,28.5,0.0,90,4525
2018-08-14 22:00:00,22,Tuesday,August,Clear,23.27000000000004,0.0,1,2287
2018-08-14 23:00:00,23,Tuesday,August,Clouds,22.53000000000003,0.0,40,2772
2018-08-15 00:00:00,0,Wednesday,August,Rain,22.0,0.0,75,793
2018-08-15 03:00:00,3,Wednesday,August,Clear,20.400000000000034,0.0,1,403
2018-08-15 14:00:00,14,Wednesday,August,Clouds,27.78000000000003,0.0,40,4968
2018-08-15 19:00:00,19,Wednesday,August,Clear,27.860000000000014,0.0,1,3358
2018-08-15 22:00:00,22,Wednesday,August,Haze,23.140000000000043,0.0,1,1742
2018-08-16 05:00:00,5,Thursday,August,Clouds,18.720000000000027,0.0,20,3150
2018-08-16 07:00:00,7,Thursday,August,Mist,18.400000000000034,0.0,1,6494
2018-08-16 13:00:00,13,Thursday,August,Clouds,28.129999999999995,0.0,75,4785
2018-08-16 19:00:00,19,Thursday,August,Rain,26.129999999999995,0.0,75,3725
2018-08-16 22:00:00,22,Thursday,August,Mist,23.140000000000043,0.0,75,2377
2018-08-17 02:00:00,2,Friday,August,Haze,19.220000000000027,0.0,1,363
2018-08-17 06:00:00,6,Friday,August,Mist,17.920000000000016,0.0,20,5243
2018-08-17 14:00:00,14,Friday,August,Clouds,26.54000000000002,0.0,90,5289
2018-08-17 20:00:00,20,Friday,August,Clear,26.140000000000043,0.0,1,3279
2018-08-17 23:00:00,23,Friday,August,Mist,19.640000000000043,0.0,1,2126
2018-08-18 03:00:00,3,Saturday,August,Mist,17.28000000000003,0.0,1,448
2018-08-18 10:00:00,10,Saturday,August,Haze,20.57000000000005,0.0,5,5146
2018-08-18 12:00:00,12,Saturday,August,Smoke,25.189999999999998,0.0,1,4448
2018-08-18 13:00:00,13,Saturday,August,Smoke,26.99000000000001,0.0,75,4438
2018-08-18 14:00:00,14,Saturday,August,Clear,27.660000000000025,0.0,1,4710
2018-08-19 11:00:00,11,Sunday,August,Clear,24.140000000000043,0.0,1,4384
2018-08-19 12:00:00,12,Sunday,August,Clouds,26.260000000000048,0.0,90,4624
2018-08-19 18:00:00,18,Sunday,August,Clouds,27.870000000000005,0.0,40,4287
2018-08-19 19:00:00,19,Sunday,August,Clear,27.07000000000005,0.0,1,3792
2018-08-20 02:00:00,2,Monday,August,Clouds,21.670000000000016,0.0,75,346
2018-08-20 07:00:00,7,Monday,August,Mist,20.360000000000014,0.0,1,6077
2018-08-20 09:00:00,9,Monday,August,Rain,20.400000000000034,0.0,90,4777
2018-08-20 17:00:00,17,Monday,August,Rain,24.390000000000043,0.0,40,5848
2018-08-20 18:00:00,18,Monday,August,Rain,23.480000000000018,0.0,1,4285
2018-08-20 21:00:00,21,Monday,August,Rain,19.879999999999995,0.0,75,2240
2018-08-21 05:00:00,5,Tuesday,August,Mist,17.860000000000014,0.0,90,3136
2018-08-21 10:00:00,10,Tuesday,August,Clouds,18.450000000000045,0.0,40,4540
2018-08-21 14:00:00,14,Tuesday,August,Clouds,20.590000000000032,0.0,40,4994
2018-08-21 16:00:00,16,Tuesday,August,Clouds,22.060000000000002,0.0,75,6229
2018-08-21 18:00:00,18,Tuesday,August,Clouds,22.33000000000004,0.0,40,4435
2018-08-21 23:00:00,23,Tuesday,August,Clear,14.870000000000005,0.0,1,1117
2018-08-22 03:00:00,3,Wednesday,August,Mist,13.270000000000039,0.0,1,393
2018-08-22 06:00:00,6,Wednesday,August,Mist,11.930000000000007,0.0,1,5766
2018-08-23 00:00:00,0,Thursday,August,Clear,15.870000000000005,0.0,1,596
2018-08-23 05:00:00,5,Thursday,August,Clear,14.220000000000027,0.0,1,3163
2018-08-23 08:00:00,8,Thursday,August,Mist,14.5,0.0,1,6162
2018-08-23 13:00:00,13,Thursday,August,Clouds,24.75,0.0,20,5051
2018-08-23 23:00:00,23,Thursday,August,Clouds,22.360000000000014,0.0,90,1904
2018-08-24 03:00:00,3,Friday,August,Rain,20.04000000000002,1.27,90,424
2018-08-24 09:00:00,9,Friday,August,Rain,18.700000000000045,2.41,90,4971
2018-08-24 13:00:00,13,Friday,August,Rain,18.939999999999998,2.76,90,5149
2018-08-24 14:00:00,14,Friday,August,Rain,19.410000000000025,2.2,90,5499
2018-08-25 04:00:00,4,Saturday,August,Rain,17.810000000000002,1.78,90,500
2018-08-25 06:00:00,6,Saturday,August,Rain,17.939999999999998,1.02,90,1837
2018-08-25 07:00:00,7,Saturday,August,Rain,17.879999999999995,1.02,90,2672
2018-08-25 12:00:00,12,Saturday,August,Rain,20.75,1.78,90,4846
2018-08-25 14:00:00,14,Saturday,August,Rain,22.82000000000005,1.02,90,4696
2018-08-25 20:00:00,20,Saturday,August,Rain,22.670000000000016,1.78,20,3071
2018-08-25 23:00:00,23,Saturday,August,Rain,18.0,1.78,1,2134
2018-08-26 03:00:00,3,Sunday,August,Rain,17.629999999999995,1.78,1,382
2018-08-26 05:00:00,5,Sunday,August,Rain,18.650000000000034,1.78,90,551
2018-08-26 07:00:00,7,Sunday,August,Rain,19.410000000000025,5.08,90,1657
2018-08-26 10:00:00,10,Sunday,August,Rain,22.05000000000001,1.02,75,4017
2018-08-26 11:00:00,11,Sunday,August,Rain,22.890000000000043,1.78,1,4394
2018-08-26 14:00:00,14,Sunday,August,Rain,25.680000000000007,1.78,75,4565
2018-08-26 16:00:00,16,Sunday,August,Rain,27.24000000000001,1.78,75,4259
2018-08-26 21:00:00,21,Sunday,August,Rain,24.629999999999995,1.78,40,2330
2018-08-27 04:00:00,4,Monday,August,Rain,23.189999999999998,1.02,1,933
2018-08-27 06:00:00,6,Monday,August,Rain,23.140000000000043,1.78,75,5575
2018-08-27 13:00:00,13,Monday,August,Rain,27.100000000000023,1.78,90,4890
2018-08-27 16:00:00,16,Monday,August,Rain,27.689999999999998,1.78,1,6535
2018-08-27 17:00:00,17,Monday,August,Rain,27.360000000000014,1.78,40,5298
2018-08-27 22:00:00,22,Monday,August,Rain,19.350000000000023,2.79,20,1503
2018-08-28 02:00:00,2,Tuesday,August,Rain,17.420000000000016,1.52,90,234
2018-08-28 06:00:00,6,Tuesday,August,Rain,16.52000000000004,2.79,90,5611
2018-08-28 08:00:00,8,Tuesday,August,Rain,16.129999999999995,0.61,75,5692
2018-08-28 13:00:00,13,Tuesday,August,Rain,17.170000000000016,0.71,90,5032
2018-08-28 14:00:00,14,Tuesday,August,Rain,17.340000000000032,0.25,90,5273
2018-08-28 22:00:00,22,Tuesday,August,Rain,15.650000000000034,0.25,90,1733
2018-08-29 01:00:00,1,Wednesday,August,Rain,13.390000000000043,0.25,1,335
2018-08-29 03:00:00,3,Wednesday,August,Rain,12.160000000000025,0.25,90,372
2018-08-29 08:00:00,8,Wednesday,August,Rain,11.650000000000034,0.25,90,6164
2018-08-29 10:00:00,10,Wednesday,August,Rain,14.82000000000005,0.25,75,4871
2018-08-29 13:00:00,13,Wednesday,August,Rain,17.920000000000016,0.25,75,4999
2018-08-29 19:00:00,19,Wednesday,August,Rain,20.390000000000043,0.25,75,3487
2018-08-30 02:00:00,2,Thursday,August,Rain,12.200000000000045,0.25,1,326
2018-08-30 04:00:00,4,Thursday,August,Rain,12.340000000000032,0.25,1,1008
2018-08-30 06:00:00,6,Thursday,August,Rain,12.090000000000032,0.25,40,5886
2018-08-30 18:00:00,18,Thursday,August,Rain,24.090000000000032,0.25,1,4531
2018-08-31 02:00:00,2,Friday,August,Rain,21.390000000000043,0.25,90,358
2018-08-31 03:00:00,3,Friday,August,Rain,20.890000000000043,1.4,90,378
2018-08-31 04:00:00,4,Friday,August,Rain,20.220000000000027,0.85,90,851
2018-08-31 07:00:00,7,Friday,August,Rain,20.680000000000007,0.25,40,6270
2018-08-31 11:00:00,11,Friday,August,Rain,23.710000000000036,0.25,90,5359
2018-08-31 14:00:00,14,Friday,August,Rain,26.100000000000023,0.25,75,5705
2018-09-01 04:00:00,4,Saturday,September,Rain,21.77000000000004,0.25,40,419
2018-09-01 06:00:00,6,Saturday,September,Rain,21.460000000000036,0.25,90,1529
2018-09-01 07:00:00,7,Saturday,September,Rain,21.379999999999995,0.25,40,2477
2018-09-01 09:00:00,9,Saturday,September,Mist,21.900000000000034,0.0,90,4212
2018-09-01 11:00:00,11,Saturday,September,Rain,23.910000000000025,0.25,90,4897
2018-09-01 14:00:00,14,Saturday,September,Rain,27.360000000000014,0.25,40,5056
2018-09-01 15:00:00,15,Saturday,September,Rain,28.32000000000005,0.25,40,4719
2018-09-01 18:00:00,18,Saturday,September,Rain,28.82000000000005,0.25,1,4261
2018-09-02 06:00:00,6,Sunday,September,Rain,21.950000000000045,0.25,40,1003
2018-09-02 08:00:00,8,Sunday,September,Rain,21.260000000000048,0.25,90,2334
2018-09-02 20:00:00,20,Sunday,September,Rain,24.02000000000004,0.25,75,3115
2018-09-02 23:00:00,23,Sunday,September,Rain,19.680000000000007,0.25,1,1475
2018-09-03 00:00:00,0,Monday,September,Rain,19.28000000000003,0.25,1,962
2018-09-03 02:00:00,2,Monday,September,Rain,18.590000000000032,0.25,40,421
2018-09-03 04:00:00,4,Monday,September,Rain,18.439999999999998,0.25,75,325
2018-09-03 10:00:00,10,Monday,September,Rain,20.53000000000003,0.25,90,3050
2018-09-03 14:00:00,14,Monday,September,Rain,23.439999999999998,0.25,90,4446
2018-09-03 20:00:00,20,Monday,September,Rain,21.670000000000016,0.51,90,2627
2018-09-03 23:00:00,23,Monday,September,Rain,21.310000000000002,0.25,90,1012
2018-09-04 03:00:00,3,Tuesday,September,Rain,21.180000000000007,0.25,90,332
2018-09-04 04:00:00,4,Tuesday,September,Rain,21.180000000000007,0.25,90,901
2018-09-04 12:00:00,12,Tuesday,September,Rain,22.760000000000048,1.14,40,4583
2018-09-04 14:00:00,14,Tuesday,September,Rain,23.010000000000048,1.85,90,4785
2018-09-04 19:00:00,19,Tuesday,September,Rain,20.640000000000043,3.1,90,3017
2018-09-04 21:00:00,21,Tuesday,September,Rain,20.49000000000001,1.45,90,2105
2018-09-04 23:00:00,23,Tuesday,September,Rain,19.720000000000027,1.4,90,921
2018-09-05 11:00:00,11,Wednesday,September,Clouds,17.370000000000005,0.0,90,4635
2018-09-05 23:00:00,23,Wednesday,September,Rain,13.100000000000023,2.03,1,993
2018-09-06 01:00:00,1,Thursday,September,Rain,12.230000000000018,3.3,1,350
2018-09-06 04:00:00,4,Thursday,September,Rain,11.140000000000043,2.79,1,909
2018-09-06 07:00:00,7,Thursday,September,Rain,9.090000000000032,2.79,20,6526
2018-09-06 08:00:00,8,Thursday,September,Rain,11.080000000000041,2.54,1,5996
2018-09-06 09:00:00,9,Thursday,September,Rain,12.520000000000039,1.27,5,5328
2018-09-06 13:00:00,13,Thursday,September,Clear,19.980000000000018,0.0,1,4853
2018-09-06 22:00:00,22,Thursday,September,Clear,13.700000000000045,0.0,1,2096
2018-09-07 01:00:00,1,Friday,September,Clear,11.939999999999998,0.0,1,417
2018-09-07 03:00:00,3,Friday,September,Clear,11.700000000000045,0.0,1,338
2018-09-07 09:00:00,9,Friday,September,Clear,13.970000000000027,0.0,1,5061
2018-09-07 14:00:00,14,Friday,September,Clouds,23.060000000000002,0.0,75,5163
2018-09-07 16:00:00,16,Friday,September,Clouds,24.060000000000002,0.0,40,6148
2018-09-07 21:00:00,21,Friday,September,Clouds,18.07000000000005,0.0,20,2803
2018-09-08 01:00:00,1,Saturday,September,Clear,14.25,0.0,1,690
2018-09-08 02:00:00,2,Saturday,September,Fog,13.450000000000045,0.0,1,488
2018-09-08 04:00:00,4,Saturday,September,Mist,12.220000000000027,0.0,1,459
2018-09-08 07:00:00,7,Saturday,September,Mist,11.03000000000003,0.0,5,2063
2018-09-08 22:00:00,22,Saturday,September,Clear,15.360000000000014,0.0,5,2478
2018-09-08 23:00:00,23,Saturday,September,Clear,14.57000000000005,0.0,1,1916
2018-09-09 04:00:00,4,Sunday,September,Clear,12.400000000000034,0.0,1,353
2018-09-09 07:00:00,7,Sunday,September,Mist,10.960000000000036,0.0,1,1806
2018-09-09 08:00:00,8,Sunday,September,Mist,11.510000000000048,0.0,20,2224
2018-09-09 15:00:00,15,Sunday,September,Clouds,21.910000000000025,0.0,75,3888
2018-09-10 02:00:00,2,Monday,September,Clear,12.189999999999998,0.0,1,286
2018-09-10 03:00:00,3,Monday,September,Clear,11.900000000000034,0.0,1,329
2018-09-10 07:00:00,7,Monday,September,Clear,11.200000000000045,0.0,1,6561
2018-09-10 14:00:00,14,Monday,September,Clear,24.629999999999995,0.0,1,5016
2018-09-10 16:00:00,16,Monday,September,Clouds,25.420000000000016,0.0,40,6344
2018-09-10 21:00:00,21,Monday,September,Clear,20.910000000000025,0.0,1,2235
2018-09-10 23:00:00,23,Monday,September,Clear,19.33000000000004,0.0,1,887
2018-09-11 00:00:00,0,Tuesday,September,Clear,18.730000000000018,0.0,1,516
2018-09-11 05:00:00,5,Tuesday,September,Clear,16.610000000000014,0.0,1,3055
2018-09-11 06:00:00,6,Tuesday,September,Clear,16.460000000000036,0.0,1,5927
2018-09-11 07:00:00,7,Tuesday,September,Clear,16.210000000000036,0.0,1,6496
2018-09-11 14:00:00,14,Tuesday,September,Rain,26.900000000000034,0.0,5,4922
2018-09-11 21:00:00,21,Tuesday,September,Clear,24.05000000000001,0.0,1,2501
2018-09-11 22:00:00,22,Tuesday,September,Clouds,23.05000000000001,0.0,40,1860
2018-09-12 19:00:00,19,Wednesday,September,Clouds,26.99000000000001,0.0,20,3510
2018-09-12 22:00:00,22,Wednesday,September,Clear,22.170000000000016,0.0,5,1813
2018-09-13 00:00:00,0,Thursday,September,Clear,20.760000000000048,0.0,1,699
2018-09-13 06:00:00,6,Thursday,September,Clear,17.590000000000032,0.0,1,5830
2018-09-13 07:00:00,7,Thursday,September,Clear,17.25,0.0,1,6433
2018-09-13 14:00:00,14,Thursday,September,Clouds,27.689999999999998,0.0,75,5014
2018-09-13 15:00:00,15,Thursday,September,Clouds,28.5,0.0,40,5617
2018-09-13 17:00:00,17,Thursday,September,Clouds,28.700000000000045,0.0,40,5701
2018-09-13 20:00:00,20,Thursday,September,Clouds,25.860000000000014,0.0,40,3282
2018-09-14 01:00:00,1,Friday,September,Clear,21.950000000000045,0.0,1,376
2018-09-14 16:00:00,16,Friday,September,Clouds,29.410000000000025,0.0,75,6196
2018-09-14 17:00:00,17,Friday,September,Clouds,29.620000000000005,0.0,75,5358
2018-09-14 18:00:00,18,Friday,September,Clouds,29.410000000000025,0.0,75,4687
2018-09-14 19:00:00,19,Friday,September,Clouds,28.04000000000002,0.0,40,3880
2018-09-15 11:00:00,11,Saturday,September,Clouds,27.640000000000043,0.0,40,4772
2018-09-15 14:00:00,14,Saturday,September,Clouds,31.760000000000048,0.0,75,4343
2018-09-15 15:00:00,15,Saturday,September,Clouds,32.73000000000002,0.0,40,4296
2018-09-15 18:00:00,18,Saturday,September,Clouds,32.29000000000002,0.0,20,3826
2018-09-15 21:00:00,21,Saturday,September,Clear,26.110000000000014,0.0,1,3055
2018-09-16 00:00:00,0,Sunday,September,Clear,24.420000000000016,0.0,1,1353
2018-09-16 01:00:00,1,Sunday,September,Clear,23.960000000000036,0.0,1,786
2018-09-16 02:00:00,2,Sunday,September,Clear,23.620000000000005,0.0,1,607
2018-09-16 03:00:00,3,Sunday,September,Clear,23.27000000000004,0.0,1,401
2018-09-16 05:00:00,5,Sunday,September,Clouds,22.260000000000048,0.0,90,467
2018-09-16 12:00:00,12,Sunday,September,Clear,29.08000000000004,0.0,1,3978
2018-09-16 19:00:00,19,Sunday,September,Clear,29.870000000000005,0.0,5,3400
2018-09-16 20:00:00,20,Sunday,September,Clear,27.629999999999995,0.0,1,3092
2018-09-16 22:00:00,22,Sunday,September,Clear,24.700000000000045,0.0,5,1725
2018-09-16 23:00:00,23,Sunday,September,Clear,24.29000000000002,0.0,1,1088
2018-09-17 03:00:00,3,Monday,September,Clouds,22.680000000000007,0.0,75,344
2018-09-17 07:00:00,7,Monday,September,Clouds,20.30000000000001,0.0,20,6533
2018-09-17 14:00:00,14,Monday,September,Rain,21.310000000000002,2.54,90,4930
2018-09-17 16:00:00,16,Monday,September,Rain,15.470000000000027,3.45,90,6354
2018-09-17 18:00:00,18,Monday,September,Rain,16.30000000000001,0.38,75,4000
2018-09-18 05:00:00,5,Tuesday,September,Rain,15.060000000000002,3.18,20,3027
2018-09-18 11:00:00,11,Tuesday,September,Rain,15.379999999999995,0.38,90,4593
2018-09-18 14:00:00,14,Tuesday,September,Clouds,17.30000000000001,0.0,90,4931
2018-09-18 18:00:00,18,Tuesday,September,Rain,17.04000000000002,0.25,90,4423
2018-09-18 20:00:00,20,Tuesday,September,Rain,16.560000000000002,0.25,90,2805
2018-09-19 00:00:00,0,Wednesday,September,Rain,16.180000000000007,0.25,90,617
2018-09-19 03:00:00,3,Wednesday,September,Rain,15.79000000000002,0.25,90,358
2018-09-19 05:00:00,5,Wednesday,September,Mist,15.520000000000039,0.0,90,3074
2018-09-19 06:00:00,6,Wednesday,September,Mist,15.420000000000016,0.0,90,5803
2018-09-19 12:00:00,12,Wednesday,September,Rain,14.960000000000036,1.65,90,4734
2018-09-19 23:00:00,23,Wednesday,September,Mist,14.580000000000041,0.0,90,994
2018-09-20 01:00:00,1,Thursday,September,Mist,14.330000000000041,0.0,90,349
2018-09-20 06:00:00,6,Thursday,September,Rain,14.689999999999998,0.8,90,5417
2018-09-20 08:00:00,8,Thursday,September,Rain,14.840000000000032,1.66,90,5331
2018-09-20 13:00:00,13,Thursday,September,Rain,17.160000000000025,0.51,90,4459
2018-09-20 19:00:00,19,Thursday,September,Rain,17.730000000000018,10.6,90,2957
2018-09-20 20:00:00,20,Thursday,September,Rain,18.05000000000001,7.11,90,2740
2018-09-21 00:00:00,0,Friday,September,Clouds,18.99000000000001,0.0,90,698
2018-09-21 05:00:00,5,Friday,September,Rain,13.740000000000009,0.25,75,2919
2018-09-21 15:00:00,15,Friday,September,Clouds,12.54000000000002,0.0,90,5973
2018-09-21 21:00:00,21,Friday,September,Clear,9.100000000000023,0.0,5,2931
2018-09-22 00:00:00,0,Saturday,September,Clear,6.170000000000016,0.0,1,1516
2018-09-22 01:00:00,1,Saturday,September,Clear,5.7900000000000205,0.0,1,1273
2018-09-22 05:00:00,5,Saturday,September,Clear,5.430000000000007,0.0,1,960
2018-09-22 08:00:00,8,Saturday,September,Clear,6.5400000000000205,0.0,1,3415
2018-09-22 09:00:00,9,Saturday,September,Clear,8.25,0.0,1,3770
2018-09-22 10:00:00,10,Saturday,September,Clear,10.850000000000023,0.0,1,4308
2018-09-22 14:00:00,14,Saturday,September,Rain,16.860000000000014,0.25,20,4654
2018-09-23 03:00:00,3,Sunday,September,Clouds,11.840000000000032,0.0,40,319
2018-09-23 04:00:00,4,Sunday,September,Clear,11.140000000000043,0.0,1,339
2018-09-23 06:00:00,6,Sunday,September,Clear,10.140000000000043,0.0,1,910
2018-09-23 10:00:00,10,Sunday,September,Clear,15.350000000000023,0.0,1,4594
2018-09-23 13:00:00,13,Sunday,September,Rain,21.310000000000002,0.25,1,4107
2018-09-23 18:00:00,18,Sunday,September,Clouds,23.0,0.0,40,3997
2018-09-23 22:00:00,22,Sunday,September,Clouds,18.29000000000002,0.0,40,1635
2018-09-23 23:00:00,23,Sunday,September,Clear,17.970000000000027,0.0,1,934
2018-09-24 00:00:00,0,Monday,September,Clear,17.200000000000045,0.0,1,509
2018-09-24 04:00:00,4,Monday,September,Clear,15.03000000000003,0.0,1,888
2018-09-24 07:00:00,7,Monday,September,Clouds,14.03000000000003,0.0,75,6591
2018-09-24 09:00:00,9,Monday,September,Clear,15.100000000000023,0.0,1,4936
2018-09-24 11:00:00,11,Monday,September,Clouds,19.03000000000003,0.0,75,4468
2018-09-24 19:00:00,19,Monday,September,Clouds,21.370000000000005,0.0,90,3253
2018-09-24 23:00:00,23,Monday,September,Rain,15.470000000000027,4.74,90,826
2018-09-25 06:00:00,6,Tuesday,September,Clouds,11.170000000000016,0.0,90,5833
2018-09-25 08:00:00,8,Tuesday,September,Haze,11.340000000000032,0.0,90,6080
2018-09-25 10:00:00,10,Tuesday,September,Rain,11.120000000000005,0.25,90,4385
2018-09-25 15:00:00,15,Tuesday,September,Rain,10.830000000000041,0.25,90,5748
2018-09-25 16:00:00,16,Tuesday,September,Rain,11.100000000000023,0.0,90,6597
2018-09-25 19:00:00,19,Tuesday,September,Clouds,11.79000000000002,0.0,90,3058
2018-09-26 01:00:00,1,Wednesday,September,Clear,7.740000000000009,0.0,1,358
2018-09-26 05:00:00,5,Wednesday,September,Clouds,7.5400000000000205,0.0,40,3052
2018-09-26 07:00:00,7,Wednesday,September,Clear,5.920000000000016,0.0,0,6193
2018-09-26 10:00:00,10,Wednesday,September,Clouds,9.360000000000014,0.0,40,4523
2018-09-26 12:00:00,12,Wednesday,September,Clouds,12.700000000000045,0.0,75,4793
2018-09-27 00:00:00,0,Thursday,September,Clouds,12.110000000000014,0.0,40,654
2018-09-27 05:00:00,5,Thursday,September,Rain,13.340000000000032,0.25,75,3002
2018-09-27 11:00:00,11,Thursday,September,Rain,13.730000000000018,0.25,90,4670
2018-09-27 12:00:00,12,Thursday,September,Clouds,14.090000000000032,0.0,90,4849
2018-09-27 19:00:00,19,Thursday,September,Clouds,13.760000000000048,0.0,90,3419
2018-09-27 20:00:00,20,Thursday,September,Clouds,12.600000000000023,0.0,20,2856
2018-09-28 00:00:00,0,Friday,September,Clear,9.050000000000011,0.0,1,699
2018-09-28 01:00:00,1,Friday,September,Clear,8.740000000000009,0.0,1,461
2018-09-28 04:00:00,4,Friday,September,Clear,6.980000000000018,0.0,1,870
2018-09-28 09:00:00,9,Friday,September,Clear,6.3799999999999955,0.0,1,4791
2018-09-28 11:00:00,11,Friday,September,Clouds,9.28000000000003,0.0,75,4863
2018-09-28 15:00:00,15,Friday,September,Clouds,11.990000000000009,0.0,40,5838
2018-09-28 16:00:00,16,Friday,September,Clouds,12.180000000000007,0.0,40,6188
2018-09-28 18:00:00,18,Friday,September,Clouds,11.240000000000009,0.0,40,5104
2018-09-28 21:00:00,21,Friday,September,Clouds,6.170000000000016,0.0,40,3058
2018-09-28 22:00:00,22,Friday,September,Clouds,4.939999999999998,0.0,20,2713
2018-09-28 23:00:00,23,Friday,September,Clear,4.300000000000011,0.0,1,3544
2018-09-29 04:00:00,4,Saturday,September,Clear,1.1000000000000227,0.0,1,425
2018-09-29 07:00:00,7,Saturday,September,Clear,1.6400000000000432,0.0,1,2036
2018-09-29 08:00:00,8,Saturday,September,Clouds,2.2800000000000296,0.0,75,3073
2018-09-29 20:00:00,20,Saturday,September,Clouds,7.400000000000034,0.0,90,3338
2018-09-30 07:00:00,7,Sunday,September,Clouds,7.010000000000048,0.0,90,1175
2018-09-30 10:00:00,10,Sunday,September,Clouds,8.230000000000018,0.0,75,3701
2018-09-30 18:00:00,18,Sunday,September,Rain,11.050000000000011,0.25,75,3947
